date_time,heart_zone_id,total_minutes
2025-11-01T08:56,FAT_BURN,1
2025-11-01T08:57,FAT_BURN,1
2025-11-01T09:03,FAT_BURN,1
2025-11-01T09:04,FAT_BURN,1
2025-11-01T09:05,FAT_BURN,1
2025-11-01T09:06,FAT_BURN,1
2025-11-01T09:07,FAT_BURN,1
2025-11-01T09:10,FAT_BURN,1
2025-11-01T09:11,FAT_BURN,1
2025-11-01T09:12,FAT_BURN,1
2025-11-01T09:13,FAT_BURN,1
2025-11-01T09:14,FAT_BURN,1
2025-11-01T09:15,FAT_BURN,1
2025-11-01T09:16,FAT_BURN,1
2025-11-01T09:17,FAT_BURN,1
2025-11-01T09:18,FAT_BURN,1
2025-11-01T09:19,FAT_BURN,1
2025-11-01T09:20,FAT_BURN,1
2025-11-01T09:21,FAT_BURN,1
2025-11-01T09:22,FAT_BURN,1
2025-11-01T09:23,FAT_BURN,1
2025-11-01T09:24,FAT_BURN,1
2025-11-01T09:25,FAT_BURN,1
2025-11-01T09:26,FAT_BURN,1
2025-11-01T09:27,FAT_BURN,1
2025-11-01T09:28,FAT_BURN,1
2025-11-01T09:29,FAT_BURN,1
2025-11-01T09:30,FAT_BURN,1
2025-11-01T09:31,FAT_BURN,1
2025-11-01T09:33,FAT_BURN,1
2025-11-01T09:39,FAT_BURN,1
2025-11-01T09:40,FAT_BURN,1
2025-11-01T09:41,FAT_BURN,1
2025-11-01T09:42,FAT_BURN,1
2025-11-01T09:43,FAT_BURN,1
2025-11-01T09:44,FAT_BURN,1
2025-11-01T09:45,FAT_BURN,1
2025-11-01T09:46,FAT_BURN,1
2025-11-01T09:47,FAT_BURN,1
2025-11-01T09:48,FAT_BURN,1
2025-11-01T09:49,FAT_BURN,1
2025-11-01T09:50,FAT_BURN,1
2025-11-01T09:51,FAT_BURN,1
2025-11-01T09:52,FAT_BURN,1
2025-11-01T09:53,CARDIO,2
2025-11-01T09:54,FAT_BURN,1
2025-11-01T09:55,FAT_BURN,1
2025-11-01T09:56,FAT_BURN,1
2025-11-01T09:57,FAT_BURN,1
2025-11-01T09:58,FAT_BURN,1
2025-11-01T09:59,FAT_BURN,1
2025-11-01T10:00,FAT_BURN,1
2025-11-01T10:01,FAT_BURN,1
2025-11-01T10:02,FAT_BURN,1
2025-11-01T10:03,FAT_BURN,1
2025-11-01T10:04,FAT_BURN,1
2025-11-01T10:15,FAT_BURN,1
2025-11-01T10:16,FAT_BURN,1
2025-11-01T10:17,FAT_BURN,1
2025-11-01T10:18,FAT_BURN,1
2025-11-01T10:19,FAT_BURN,1
2025-11-01T10:20,FAT_BURN,1
2025-11-01T10:21,FAT_BURN,1
2025-11-01T10:22,FAT_BURN,1
2025-11-01T10:23,FAT_BURN,1
2025-11-01T10:24,FAT_BURN,1
2025-11-01T10:25,FAT_BURN,1
2025-11-01T10:26,FAT_BURN,1
2025-11-01T10:27,FAT_BURN,1
2025-11-01T10:28,FAT_BURN,1
2025-11-01T10:29,FAT_BURN,1
2025-11-01T10:30,FAT_BURN,1
2025-11-01T10:31,FAT_BURN,1
2025-11-01T10:32,FAT_BURN,1
2025-11-01T10:33,FAT_BURN,1
2025-11-01T10:34,FAT_BURN,1
2025-11-01T10:35,FAT_BURN,1
2025-11-01T10:36,FAT_BURN,1
2025-11-01T10:37,FAT_BURN,1
2025-11-01T10:38,FAT_BURN,1
2025-11-01T10:39,FAT_BURN,1
2025-11-01T10:40,FAT_BURN,1
2025-11-01T10:41,FAT_BURN,1
2025-11-01T10:42,FAT_BURN,1
2025-11-01T10:43,FAT_BURN,1
2025-11-01T10:44,FAT_BURN,1
2025-11-01T10:45,FAT_BURN,1
2025-11-01T10:47,FAT_BURN,1
2025-11-01T10:48,FAT_BURN,1
2025-11-01T10:53,FAT_BURN,1
2025-11-01T10:54,FAT_BURN,1
2025-11-01T10:55,FAT_BURN,1
2025-11-01T10:56,FAT_BURN,1
2025-11-01T10:57,FAT_BURN,1
2025-11-01T10:58,FAT_BURN,1
2025-11-01T10:59,FAT_BURN,1
2025-11-01T11:00,FAT_BURN,1
2025-11-01T11:01,FAT_BURN,1
2025-11-01T11:02,FAT_BURN,1
2025-11-01T11:03,FAT_BURN,1
2025-11-01T11:04,FAT_BURN,1
2025-11-01T11:05,FAT_BURN,1
2025-11-01T11:06,FAT_BURN,1
2025-11-01T11:07,FAT_BURN,1
2025-11-01T11:08,FAT_BURN,1
2025-11-01T11:09,FAT_BURN,1
2025-11-01T11:10,FAT_BURN,1
2025-11-01T11:11,FAT_BURN,1
2025-11-01T11:12,FAT_BURN,1
2025-11-01T11:13,FAT_BURN,1
2025-11-01T11:14,FAT_BURN,1
2025-11-01T11:15,FAT_BURN,1
2025-11-01T11:16,FAT_BURN,1
2025-11-01T11:17,FAT_BURN,1
2025-11-01T11:18,FAT_BURN,1
2025-11-01T11:19,FAT_BURN,1
2025-11-01T11:25,FAT_BURN,1
2025-11-01T11:34,FAT_BURN,1
2025-11-01T12:49,FAT_BURN,1
2025-11-01T12:50,FAT_BURN,1
2025-11-01T12:51,FAT_BURN,1
2025-11-01T12:52,FAT_BURN,1
2025-11-01T13:37,FAT_BURN,1
2025-11-01T13:38,FAT_BURN,1
2025-11-01T13:39,FAT_BURN,1
2025-11-01T13:40,FAT_BURN,1
2025-11-01T17:31,FAT_BURN,1
2025-11-01T17:32,FAT_BURN,1
2025-11-01T17:33,FAT_BURN,1
2025-11-01T17:34,FAT_BURN,1
2025-11-01T17:35,FAT_BURN,1
2025-11-01T17:44,FAT_BURN,1
2025-11-01T17:48,FAT_BURN,1
2025-11-01T17:51,FAT_BURN,1
2025-11-01T17:52,FAT_BURN,1
2025-11-01T17:57,FAT_BURN,1
2025-11-01T18:03,FAT_BURN,1
2025-11-01T18:04,FAT_BURN,1
2025-11-01T18:05,FAT_BURN,1
2025-11-01T18:06,FAT_BURN,1
2025-11-01T18:07,FAT_BURN,1
2025-11-01T18:09,FAT_BURN,1
2025-11-01T18:10,FAT_BURN,1
2025-11-01T18:13,FAT_BURN,1
2025-11-01T18:14,FAT_BURN,1
2025-11-01T18:18,FAT_BURN,1
2025-11-01T18:29,FAT_BURN,1
2025-11-01T18:30,FAT_BURN,1
2025-11-01T18:49,FAT_BURN,1
2025-11-01T18:52,FAT_BURN,1
2025-11-01T18:55,FAT_BURN,1
2025-11-01T19:01,FAT_BURN,1
2025-11-01T19:02,FAT_BURN,1
2025-11-01T19:03,FAT_BURN,1
2025-11-01T19:04,FAT_BURN,1
2025-11-02T08:37,FAT_BURN,1
2025-11-02T08:39,CARDIO,2
2025-11-02T08:40,FAT_BURN,1
2025-11-02T08:41,FAT_BURN,1
2025-11-02T08:51,FAT_BURN,1
2025-11-02T08:52,FAT_BURN,1
2025-11-02T08:53,FAT_BURN,1
2025-11-02T08:54,FAT_BURN,1
2025-11-02T15:14,FAT_BURN,1
2025-11-02T15:15,FAT_BURN,1
2025-11-02T15:16,FAT_BURN,1
2025-11-02T15:17,FAT_BURN,1
2025-11-02T15:21,FAT_BURN,1
2025-11-02T15:24,FAT_BURN,1
2025-11-02T15:27,FAT_BURN,1
2025-11-02T15:29,FAT_BURN,1
2025-11-02T15:31,FAT_BURN,1
2025-11-02T15:32,CARDIO,2
2025-11-02T15:33,FAT_BURN,1
2025-11-02T15:34,FAT_BURN,1
2025-11-02T15:35,CARDIO,2
2025-11-02T15:36,FAT_BURN,1
2025-11-02T15:37,FAT_BURN,1
2025-11-02T15:38,FAT_BURN,1
2025-11-02T15:39,FAT_BURN,1
2025-11-02T15:40,FAT_BURN,1
2025-11-02T15:41,FAT_BURN,1
2025-11-02T15:42,FAT_BURN,1
2025-11-02T15:43,FAT_BURN,1
2025-11-02T15:44,FAT_BURN,1
2025-11-02T15:45,FAT_BURN,1
2025-11-02T15:46,FAT_BURN,1
2025-11-02T15:47,FAT_BURN,1
2025-11-02T15:48,CARDIO,2
2025-11-02T15:49,CARDIO,2
2025-11-02T15:50,CARDIO,2
2025-11-02T15:51,FAT_BURN,1
2025-11-02T15:52,FAT_BURN,1
2025-11-02T15:53,FAT_BURN,1
2025-11-02T15:54,FAT_BURN,1
2025-11-02T15:55,FAT_BURN,1
2025-11-02T15:56,FAT_BURN,1
2025-11-02T15:57,CARDIO,2
2025-11-02T15:58,FAT_BURN,1
2025-11-02T15:59,FAT_BURN,1
2025-11-02T16:00,FAT_BURN,1
2025-11-02T16:01,FAT_BURN,1
2025-11-02T16:02,CARDIO,2
2025-11-02T16:03,CARDIO,2
2025-11-02T16:04,FAT_BURN,1
2025-11-02T16:05,FAT_BURN,1
2025-11-02T16:06,FAT_BURN,1
2025-11-02T16:07,FAT_BURN,1
2025-11-02T16:08,FAT_BURN,1
2025-11-02T16:09,FAT_BURN,1
2025-11-02T16:28,FAT_BURN,1
2025-11-02T16:29,FAT_BURN,1
2025-11-02T16:30,FAT_BURN,1
2025-11-02T16:31,FAT_BURN,1
2025-11-02T16:32,FAT_BURN,1
2025-11-02T16:46,FAT_BURN,1
2025-11-02T16:47,FAT_BURN,1
2025-11-02T16:48,FAT_BURN,1
2025-11-02T16:50,FAT_BURN,1
2025-11-02T16:51,FAT_BURN,1
2025-11-02T16:52,FAT_BURN,1
2025-11-02T16:53,FAT_BURN,1
2025-11-02T16:54,FAT_BURN,1
2025-11-02T16:56,FAT_BURN,1
2025-11-02T16:57,FAT_BURN,1
2025-11-02T16:59,FAT_BURN,1
2025-11-02T17:00,FAT_BURN,1
2025-11-02T17:04,FAT_BURN,1
2025-11-02T17:07,FAT_BURN,1
2025-11-02T17:08,FAT_BURN,1
2025-11-02T17:09,FAT_BURN,1
2025-11-02T18:35,FAT_BURN,1
2025-11-02T18:36,FAT_BURN,1
2025-11-02T20:12,FAT_BURN,1
2025-11-02T20:13,FAT_BURN,1
2025-11-02T20:25,FAT_BURN,1
2025-11-02T20:26,FAT_BURN,1
2025-11-02T20:27,FAT_BURN,1
2025-11-02T20:28,FAT_BURN,1
2025-11-02T20:29,FAT_BURN,1
2025-11-02T20:31,FAT_BURN,1
2025-11-02T20:34,FAT_BURN,1
2025-11-02T20:36,FAT_BURN,1
2025-11-02T20:37,FAT_BURN,1
2025-11-02T20:38,CARDIO,2
2025-11-02T20:39,FAT_BURN,1
2025-11-02T20:40,FAT_BURN,1
2025-11-02T20:42,FAT_BURN,1
2025-11-02T20:43,CARDIO,2
2025-11-02T20:44,PEAK,2
2025-11-02T20:45,CARDIO,2
2025-11-02T20:46,PEAK,2
2025-11-02T20:47,PEAK,2
2025-11-02T20:48,PEAK,2
2025-11-02T20:49,PEAK,2
2025-11-02T20:50,CARDIO,2
2025-11-02T20:51,FAT_BURN,1
2025-11-02T20:52,FAT_BURN,1
2025-11-02T20:53,FAT_BURN,1
2025-11-02T21:14,CARDIO,2
2025-11-02T21:15,PEAK,2
2025-11-02T21:16,PEAK,2
2025-11-02T21:17,PEAK,2
2025-11-02T21:18,PEAK,2
2025-11-02T21:19,CARDIO,2
2025-11-02T21:20,PEAK,2
2025-11-02T21:21,PEAK,2
2025-11-02T21:22,CARDIO,2
2025-11-02T21:23,PEAK,2
2025-11-02T21:24,PEAK,2
2025-11-02T21:25,CARDIO,2
2025-11-02T21:26,FAT_BURN,1
2025-11-02T21:27,FAT_BURN,1
2025-11-02T21:28,FAT_BURN,1
2025-11-02T21:29,FAT_BURN,1
2025-11-02T21:30,FAT_BURN,1
2025-11-02T21:31,FAT_BURN,1
2025-11-02T21:32,FAT_BURN,1
2025-11-02T21:34,FAT_BURN,1
2025-11-02T21:35,FAT_BURN,1
2025-11-02T21:36,FAT_BURN,1
2025-11-02T21:37,FAT_BURN,1
2025-11-02T21:38,FAT_BURN,1
2025-11-02T21:39,FAT_BURN,1
2025-11-02T21:40,FAT_BURN,1
2025-11-02T21:41,FAT_BURN,1
2025-11-03T09:42,FAT_BURN,1
2025-11-03T09:43,FAT_BURN,1
2025-11-03T09:44,FAT_BURN,1
2025-11-03T12:58,FAT_BURN,1
2025-11-03T12:59,FAT_BURN,1
2025-11-03T13:00,FAT_BURN,1
2025-11-03T17:00,FAT_BURN,1
2025-11-03T17:55,FAT_BURN,1
2025-11-03T17:56,FAT_BURN,1
2025-11-03T17:57,FAT_BURN,1
2025-11-03T17:58,FAT_BURN,1
2025-11-03T19:53,FAT_BURN,1
2025-11-03T19:54,FAT_BURN,1
2025-11-03T19:55,FAT_BURN,1
2025-11-03T19:56,FAT_BURN,1
2025-11-03T19:57,FAT_BURN,1
2025-11-03T19:58,FAT_BURN,1
2025-11-03T21:00,FAT_BURN,1
2025-11-03T21:01,FAT_BURN,1
2025-11-03T21:02,FAT_BURN,1
2025-11-03T21:03,FAT_BURN,1
2025-11-03T21:04,FAT_BURN,1
2025-11-03T21:05,FAT_BURN,1
2025-11-03T21:06,FAT_BURN,1
2025-11-03T21:07,FAT_BURN,1
2025-11-03T21:08,FAT_BURN,1
2025-11-03T21:09,FAT_BURN,1
2025-11-03T21:10,FAT_BURN,1
2025-11-03T21:11,FAT_BURN,1
2025-11-03T21:12,FAT_BURN,1
2025-11-03T23:11,FAT_BURN,1
2025-11-04T09:24,FAT_BURN,1
2025-11-04T09:25,FAT_BURN,1
2025-11-04T09:26,FAT_BURN,1
2025-11-04T09:27,FAT_BURN,1
2025-11-04T09:28,FAT_BURN,1
2025-11-04T09:29,FAT_BURN,1
2025-11-04T09:30,FAT_BURN,1
2025-11-04T10:52,FAT_BURN,1
2025-11-04T10:53,FAT_BURN,1
2025-11-04T10:54,FAT_BURN,1
2025-11-04T10:55,FAT_BURN,1
2025-11-04T10:56,FAT_BURN,1
2025-11-04T12:30,FAT_BURN,1
2025-11-04T12:31,FAT_BURN,1
2025-11-04T13:52,FAT_BURN,1
2025-11-04T14:40,FAT_BURN,1
2025-11-04T14:41,FAT_BURN,1
2025-11-04T14:45,FAT_BURN,1
2025-11-04T17:54,FAT_BURN,1
2025-11-04T17:56,FAT_BURN,1
2025-11-04T17:57,FAT_BURN,1
2025-11-04T17:58,FAT_BURN,1
2025-11-04T17:59,FAT_BURN,1
2025-11-04T21:53,FAT_BURN,1
2025-11-04T21:55,FAT_BURN,1
2025-11-04T21:56,FAT_BURN,1
2025-11-04T21:57,FAT_BURN,1
2025-11-04T22:19,FAT_BURN,1
2025-11-04T22:28,FAT_BURN,1
2025-11-04T22:31,FAT_BURN,1
2025-11-04T22:44,FAT_BURN,1
2025-11-04T22:46,FAT_BURN,1
2025-11-04T22:56,FAT_BURN,1
2025-11-04T23:07,FAT_BURN,1
2025-11-05T12:07,FAT_BURN,1
2025-11-05T18:31,FAT_BURN,1
2025-11-05T18:32,FAT_BURN,1
2025-11-05T18:33,FAT_BURN,1
2025-11-05T19:57,FAT_BURN,1
2025-11-05T19:58,FAT_BURN,1
2025-11-05T19:59,FAT_BURN,1
2025-11-05T20:00,FAT_BURN,1
2025-11-05T20:01,FAT_BURN,1
2025-11-05T20:02,FAT_BURN,1
2025-11-05T20:55,FAT_BURN,1
2025-11-05T20:56,FAT_BURN,1
2025-11-05T20:57,FAT_BURN,1
2025-11-05T20:58,FAT_BURN,1
2025-11-05T20:59,FAT_BURN,1
2025-11-05T21:50,FAT_BURN,1
2025-11-05T21:51,FAT_BURN,1
2025-11-05T21:52,FAT_BURN,1
2025-11-05T21:53,FAT_BURN,1
2025-11-06T07:57,FAT_BURN,1
2025-11-06T07:58,FAT_BURN,1
2025-11-06T07:59,FAT_BURN,1
2025-11-06T08:00,FAT_BURN,1
2025-11-06T08:01,FAT_BURN,1
2025-11-06T09:26,FAT_BURN,1
2025-11-06T12:25,FAT_BURN,1
2025-11-06T12:26,FAT_BURN,1
2025-11-06T12:27,FAT_BURN,1
2025-11-06T13:52,FAT_BURN,1
2025-11-06T13:53,FAT_BURN,1
2025-11-06T13:55,FAT_BURN,1
2025-11-06T15:02,FAT_BURN,1
2025-11-06T15:03,FAT_BURN,1
2025-11-06T19:05,FAT_BURN,1
2025-11-06T19:06,FAT_BURN,1
2025-11-06T19:07,FAT_BURN,1
2025-11-06T19:20,FAT_BURN,1
2025-11-06T19:21,FAT_BURN,1
2025-11-06T19:22,FAT_BURN,1
2025-11-06T19:59,FAT_BURN,1
2025-11-06T20:00,FAT_BURN,1
2025-11-06T20:51,FAT_BURN,1
2025-11-06T20:52,FAT_BURN,1
2025-11-06T20:53,FAT_BURN,1
2025-11-06T20:54,FAT_BURN,1
2025-11-06T20:55,FAT_BURN,1
2025-11-06T21:02,FAT_BURN,1
2025-11-06T22:09,FAT_BURN,1
2025-11-06T22:10,CARDIO,2
2025-11-06T22:11,FAT_BURN,1
2025-11-06T22:12,CARDIO,2
2025-11-06T22:13,CARDIO,2
2025-11-06T22:14,CARDIO,2
2025-11-06T22:15,CARDIO,2
2025-11-06T22:16,CARDIO,2
2025-11-06T22:17,CARDIO,2
2025-11-06T22:18,FAT_BURN,1
2025-11-06T22:19,FAT_BURN,1
2025-11-06T22:20,FAT_BURN,1
2025-11-06T22:21,FAT_BURN,1
2025-11-06T22:22,FAT_BURN,1
2025-11-06T22:23,FAT_BURN,1
2025-11-06T22:24,FAT_BURN,1
2025-11-06T22:25,FAT_BURN,1
2025-11-06T22:26,CARDIO,2
2025-11-06T22:27,FAT_BURN,1
2025-11-06T22:36,FAT_BURN,1
2025-11-06T22:37,FAT_BURN,1
2025-11-06T22:38,FAT_BURN,1
2025-11-06T22:39,FAT_BURN,1
2025-11-06T22:40,FAT_BURN,1
2025-11-06T23:50,FAT_BURN,1
2025-11-07T09:26,FAT_BURN,1
2025-11-07T09:27,FAT_BURN,1
2025-11-07T10:12,FAT_BURN,1
2025-11-07T10:13,FAT_BURN,1
2025-11-07T10:14,FAT_BURN,1
2025-11-07T10:15,FAT_BURN,1
2025-11-07T17:06,FAT_BURN,1
2025-11-07T18:56,FAT_BURN,1
2025-11-07T20:08,FAT_BURN,1
2025-11-07T20:13,FAT_BURN,1
2025-11-07T20:14,FAT_BURN,1
2025-11-07T20:15,FAT_BURN,1
2025-11-07T20:52,FAT_BURN,1
2025-11-07T20:53,FAT_BURN,1
2025-11-08T07:58,FAT_BURN,1
2025-11-08T08:59,FAT_BURN,1
2025-11-08T09:02,FAT_BURN,1
2025-11-08T09:03,CARDIO,2
2025-11-08T09:04,FAT_BURN,1
2025-11-08T09:05,FAT_BURN,1
2025-11-08T09:06,CARDIO,2
2025-11-08T09:07,FAT_BURN,1
2025-11-08T09:08,FAT_BURN,1
2025-11-08T09:09,CARDIO,2
2025-11-08T09:10,FAT_BURN,1
2025-11-08T09:11,FAT_BURN,1
2025-11-08T09:12,FAT_BURN,1
2025-11-08T09:13,FAT_BURN,1
2025-11-08T09:14,CARDIO,2
2025-11-08T09:15,FAT_BURN,1
2025-11-08T09:16,FAT_BURN,1
2025-11-08T09:17,FAT_BURN,1
2025-11-08T09:18,FAT_BURN,1
2025-11-08T09:19,FAT_BURN,1
2025-11-08T09:20,FAT_BURN,1
2025-11-08T09:21,CARDIO,2
2025-11-08T09:22,FAT_BURN,1
2025-11-08T09:23,FAT_BURN,1
2025-11-08T09:24,FAT_BURN,1
2025-11-08T09:25,CARDIO,2
2025-11-08T09:26,FAT_BURN,1
2025-11-08T09:27,FAT_BURN,1
2025-11-08T09:28,CARDIO,2
2025-11-08T09:29,FAT_BURN,1
2025-11-08T09:30,FAT_BURN,1
2025-11-08T09:31,FAT_BURN,1
2025-11-08T09:32,FAT_BURN,1
2025-11-08T09:33,FAT_BURN,1
2025-11-08T09:34,FAT_BURN,1
2025-11-08T09:35,FAT_BURN,1
2025-11-08T09:36,FAT_BURN,1
2025-11-08T09:37,FAT_BURN,1
2025-11-08T09:38,FAT_BURN,1
2025-11-08T09:39,FAT_BURN,1
2025-11-08T09:42,FAT_BURN,1
2025-11-08T09:43,FAT_BURN,1
2025-11-08T09:46,FAT_BURN,1
2025-11-08T09:47,FAT_BURN,1
2025-11-08T09:48,FAT_BURN,1
2025-11-08T09:49,FAT_BURN,1
2025-11-08T09:50,FAT_BURN,1
2025-11-08T09:51,FAT_BURN,1
2025-11-08T09:52,CARDIO,2
2025-11-08T09:53,FAT_BURN,1
2025-11-08T09:54,FAT_BURN,1
2025-11-08T09:55,FAT_BURN,1
2025-11-08T09:56,FAT_BURN,1
2025-11-08T09:57,FAT_BURN,1
2025-11-08T09:58,FAT_BURN,1
2025-11-08T09:59,FAT_BURN,1
2025-11-08T10:00,FAT_BURN,1
2025-11-08T10:01,FAT_BURN,1
2025-11-08T10:02,FAT_BURN,1
2025-11-08T10:03,FAT_BURN,1
2025-11-08T10:04,FAT_BURN,1
2025-11-08T10:05,FAT_BURN,1
2025-11-08T10:06,FAT_BURN,1
2025-11-08T10:07,CARDIO,2
2025-11-08T10:08,CARDIO,2
2025-11-08T10:09,CARDIO,2
2025-11-08T10:10,CARDIO,2
2025-11-08T10:11,CARDIO,2
2025-11-08T10:12,CARDIO,2
2025-11-08T10:13,FAT_BURN,1
2025-11-08T10:14,FAT_BURN,1
2025-11-08T10:15,FAT_BURN,1
2025-11-08T10:16,FAT_BURN,1
2025-11-08T10:17,FAT_BURN,1
2025-11-08T10:18,FAT_BURN,1
2025-11-08T10:19,FAT_BURN,1
2025-11-08T10:20,FAT_BURN,1
2025-11-08T10:21,FAT_BURN,1
2025-11-08T10:22,FAT_BURN,1
2025-11-08T10:26,FAT_BURN,1
2025-11-08T10:31,FAT_BURN,1
2025-11-08T14:38,FAT_BURN,1
2025-11-08T14:40,FAT_BURN,1
2025-11-08T14:41,FAT_BURN,1
2025-11-08T14:42,FAT_BURN,1
2025-11-08T14:43,FAT_BURN,1
2025-11-08T15:12,FAT_BURN,1
2025-11-08T15:19,FAT_BURN,1
2025-11-08T15:20,FAT_BURN,1
2025-11-08T15:23,FAT_BURN,1
2025-11-08T15:26,FAT_BURN,1
2025-11-08T15:27,FAT_BURN,1
2025-11-08T15:29,FAT_BURN,1
2025-11-08T15:51,FAT_BURN,1
2025-11-08T15:52,FAT_BURN,1
2025-11-08T16:05,FAT_BURN,1
2025-11-08T16:13,FAT_BURN,1
2025-11-08T16:17,FAT_BURN,1
2025-11-08T16:44,FAT_BURN,1
2025-11-08T16:46,FAT_BURN,1
2025-11-08T17:09,FAT_BURN,1
2025-11-08T17:10,FAT_BURN,1
2025-11-08T19:06,FAT_BURN,1
2025-11-08T19:07,FAT_BURN,1
2025-11-08T21:24,FAT_BURN,1
2025-11-08T21:25,FAT_BURN,1
2025-11-08T23:17,FAT_BURN,1
2025-11-09T07:46,FAT_BURN,1
2025-11-09T07:47,FAT_BURN,1
2025-11-09T07:48,FAT_BURN,1
2025-11-09T07:49,FAT_BURN,1
2025-11-09T07:50,FAT_BURN,1
2025-11-09T07:51,FAT_BURN,1
2025-11-09T08:15,CARDIO,2
2025-11-09T08:16,CARDIO,2
2025-11-09T08:17,CARDIO,2
2025-11-09T08:18,FAT_BURN,1
2025-11-09T08:19,FAT_BURN,1
2025-11-09T08:20,CARDIO,2
2025-11-09T08:21,FAT_BURN,1
2025-11-09T08:22,FAT_BURN,1
2025-11-09T08:23,FAT_BURN,1
2025-11-09T08:24,FAT_BURN,1
2025-11-09T08:25,CARDIO,2
2025-11-09T08:26,CARDIO,2
2025-11-09T08:27,FAT_BURN,1
2025-11-09T08:28,FAT_BURN,1
2025-11-09T08:29,FAT_BURN,1
2025-11-09T08:30,CARDIO,2
2025-11-09T08:31,CARDIO,2
2025-11-09T08:32,FAT_BURN,1
2025-11-09T08:33,FAT_BURN,1
2025-11-09T08:34,FAT_BURN,1
2025-11-09T08:35,FAT_BURN,1
2025-11-09T08:36,CARDIO,2
2025-11-09T08:37,FAT_BURN,1
2025-11-09T08:38,FAT_BURN,1
2025-11-09T08:39,CARDIO,2
2025-11-09T08:40,FAT_BURN,1
2025-11-09T08:41,CARDIO,2
2025-11-09T08:42,FAT_BURN,1
2025-11-09T08:43,CARDIO,2
2025-11-09T08:44,CARDIO,2
2025-11-09T08:45,CARDIO,2
2025-11-09T08:46,FAT_BURN,1
2025-11-09T08:47,FAT_BURN,1
2025-11-09T08:48,FAT_BURN,1
2025-11-09T08:49,FAT_BURN,1
2025-11-09T08:50,FAT_BURN,1
2025-11-09T08:51,FAT_BURN,1
2025-11-09T08:52,FAT_BURN,1
2025-11-09T08:53,FAT_BURN,1
2025-11-09T08:54,FAT_BURN,1
2025-11-09T08:55,FAT_BURN,1
2025-11-09T08:56,FAT_BURN,1
2025-11-09T08:57,FAT_BURN,1
2025-11-09T08:58,CARDIO,2
2025-11-09T08:59,FAT_BURN,1
2025-11-09T09:00,FAT_BURN,1
2025-11-09T09:08,FAT_BURN,1
2025-11-09T09:10,FAT_BURN,1
2025-11-09T09:11,FAT_BURN,1
2025-11-09T09:12,CARDIO,2
2025-11-09T09:13,CARDIO,2
2025-11-09T09:14,FAT_BURN,1
2025-11-09T09:15,FAT_BURN,1
2025-11-09T09:16,FAT_BURN,1
2025-11-09T09:17,FAT_BURN,1
2025-11-09T09:18,FAT_BURN,1
2025-11-09T09:19,FAT_BURN,1
2025-11-09T09:20,FAT_BURN,1
2025-11-09T09:21,FAT_BURN,1
2025-11-09T09:22,FAT_BURN,1
2025-11-09T09:23,FAT_BURN,1
2025-11-09T09:24,FAT_BURN,1
2025-11-09T09:25,FAT_BURN,1
2025-11-09T09:26,FAT_BURN,1
2025-11-09T09:27,FAT_BURN,1
2025-11-09T09:28,FAT_BURN,1
2025-11-09T09:29,FAT_BURN,1
2025-11-09T09:30,FAT_BURN,1
2025-11-09T09:31,CARDIO,2
2025-11-09T09:32,FAT_BURN,1
2025-11-09T09:33,FAT_BURN,1
2025-11-09T09:34,FAT_BURN,1
2025-11-09T09:35,FAT_BURN,1
2025-11-09T09:37,FAT_BURN,1
2025-11-09T09:38,FAT_BURN,1
2025-11-09T09:39,FAT_BURN,1
2025-11-09T09:40,FAT_BURN,1
2025-11-09T09:41,FAT_BURN,1
2025-11-09T09:42,FAT_BURN,1
2025-11-09T09:43,FAT_BURN,1
2025-11-09T09:44,FAT_BURN,1
2025-11-09T09:45,FAT_BURN,1
2025-11-09T09:46,FAT_BURN,1
2025-11-09T09:47,FAT_BURN,1
2025-11-09T09:48,FAT_BURN,1
2025-11-09T09:49,FAT_BURN,1
2025-11-09T09:50,FAT_BURN,1
2025-11-09T09:51,FAT_BURN,1
2025-11-09T09:52,FAT_BURN,1
2025-11-09T10:06,FAT_BURN,1
2025-11-09T10:07,FAT_BURN,1
2025-11-09T10:08,FAT_BURN,1
2025-11-09T13:08,FAT_BURN,1
2025-11-09T13:09,FAT_BURN,1
2025-11-09T13:10,FAT_BURN,1
2025-11-09T13:11,FAT_BURN,1
2025-11-09T13:13,FAT_BURN,1
2025-11-09T13:41,FAT_BURN,1
2025-11-09T13:43,FAT_BURN,1
2025-11-09T13:45,FAT_BURN,1
2025-11-09T13:46,FAT_BURN,1
2025-11-09T13:47,FAT_BURN,1
2025-11-09T13:50,FAT_BURN,1
2025-11-09T13:55,FAT_BURN,1
2025-11-09T13:56,FAT_BURN,1
2025-11-09T13:57,FAT_BURN,1
2025-11-09T14:00,FAT_BURN,1
2025-11-09T14:01,FAT_BURN,1
2025-11-09T14:03,FAT_BURN,1
2025-11-09T14:04,FAT_BURN,1
2025-11-09T14:15,FAT_BURN,1
2025-11-09T14:16,FAT_BURN,1
2025-11-09T14:18,FAT_BURN,1
2025-11-09T14:19,FAT_BURN,1
2025-11-09T14:20,FAT_BURN,1
2025-11-09T14:36,FAT_BURN,1
2025-11-09T14:37,FAT_BURN,1
2025-11-09T14:39,FAT_BURN,1
2025-11-09T14:42,FAT_BURN,1
2025-11-09T14:43,FAT_BURN,1
2025-11-09T14:44,FAT_BURN,1
2025-11-09T14:45,FAT_BURN,1
2025-11-09T14:46,FAT_BURN,1
2025-11-09T14:47,FAT_BURN,1
2025-11-09T14:48,FAT_BURN,1
2025-11-09T14:49,FAT_BURN,1
2025-11-09T14:50,FAT_BURN,1
2025-11-09T14:51,FAT_BURN,1
2025-11-09T14:52,FAT_BURN,1
2025-11-09T14:54,FAT_BURN,1
2025-11-09T14:56,FAT_BURN,1
2025-11-09T14:57,FAT_BURN,1
2025-11-09T14:58,FAT_BURN,1
2025-11-09T14:59,FAT_BURN,1
2025-11-09T15:01,FAT_BURN,1
2025-11-09T15:02,FAT_BURN,1
2025-11-09T15:03,FAT_BURN,1
2025-11-09T15:04,FAT_BURN,1
2025-11-09T15:06,FAT_BURN,1
2025-11-09T15:08,FAT_BURN,1
2025-11-09T15:09,FAT_BURN,1
2025-11-09T15:10,FAT_BURN,1
2025-11-09T15:13,FAT_BURN,1
2025-11-09T15:14,FAT_BURN,1
2025-11-09T15:37,FAT_BURN,1
2025-11-09T15:40,FAT_BURN,1
2025-11-09T15:42,FAT_BURN,1
2025-11-09T15:43,FAT_BURN,1
2025-11-09T15:56,FAT_BURN,1
2025-11-09T15:58,FAT_BURN,1
2025-11-09T16:00,FAT_BURN,1
2025-11-09T16:07,FAT_BURN,1
2025-11-09T16:47,FAT_BURN,1
2025-11-09T16:49,FAT_BURN,1
2025-11-09T19:23,FAT_BURN,1
2025-11-09T19:24,FAT_BURN,1
2025-11-09T19:25,FAT_BURN,1
2025-11-09T19:26,FAT_BURN,1
2025-11-09T19:27,FAT_BURN,1
2025-11-09T19:28,FAT_BURN,1
2025-11-09T19:34,FAT_BURN,1
2025-11-09T19:43,FAT_BURN,1
2025-11-09T22:43,FAT_BURN,1
2025-11-10T10:51,FAT_BURN,1
2025-11-10T10:53,FAT_BURN,1
2025-11-10T10:54,FAT_BURN,1
2025-11-10T10:55,FAT_BURN,1
2025-11-10T12:11,FAT_BURN,1
2025-11-10T12:12,FAT_BURN,1
2025-11-10T12:13,FAT_BURN,1
2025-11-10T14:12,FAT_BURN,1
2025-11-10T14:13,FAT_BURN,1
2025-11-10T14:14,FAT_BURN,1
2025-11-10T14:15,FAT_BURN,1
2025-11-10T14:17,FAT_BURN,1
2025-11-10T16:15,FAT_BURN,1
2025-11-10T16:16,FAT_BURN,1
2025-11-10T16:17,FAT_BURN,1
2025-11-10T16:18,FAT_BURN,1
2025-11-10T16:19,FAT_BURN,1
2025-11-10T16:20,FAT_BURN,1
2025-11-12T12:13,FAT_BURN,1
2025-11-12T12:14,FAT_BURN,1
2025-11-12T12:15,FAT_BURN,1
2025-11-12T12:16,FAT_BURN,1
2025-11-12T12:24,FAT_BURN,1
2025-11-12T12:27,FAT_BURN,1
2025-11-12T12:32,FAT_BURN,1
2025-11-12T12:33,FAT_BURN,1
2025-11-12T12:37,FAT_BURN,1
2025-11-12T12:39,FAT_BURN,1
2025-11-12T12:40,FAT_BURN,1
2025-11-12T12:41,FAT_BURN,1
2025-11-12T12:42,FAT_BURN,1
2025-11-12T12:43,FAT_BURN,1
2025-11-12T12:44,FAT_BURN,1
2025-11-12T12:45,FAT_BURN,1
2025-11-12T12:46,FAT_BURN,1
2025-11-12T12:47,FAT_BURN,1
2025-11-12T12:48,FAT_BURN,1
2025-11-12T12:49,FAT_BURN,1
2025-11-12T12:52,FAT_BURN,1
2025-11-12T12:57,FAT_BURN,1
2025-11-12T13:00,FAT_BURN,1
2025-11-12T13:02,FAT_BURN,1
2025-11-12T13:13,FAT_BURN,1
2025-11-12T13:14,FAT_BURN,1
2025-11-12T13:15,FAT_BURN,1
2025-11-12T13:16,FAT_BURN,1
2025-11-12T14:08,FAT_BURN,1
2025-11-12T14:09,FAT_BURN,1
2025-11-12T18:24,FAT_BURN,1
2025-11-12T18:25,FAT_BURN,1
2025-11-12T18:26,FAT_BURN,1
2025-11-12T18:27,FAT_BURN,1
2025-11-12T18:28,FAT_BURN,1
2025-11-12T18:29,FAT_BURN,1
2025-11-12T21:25,FAT_BURN,1
2025-11-12T21:27,FAT_BURN,1
2025-11-13T08:01,FAT_BURN,1
2025-11-13T08:02,FAT_BURN,1
2025-11-13T08:03,FAT_BURN,1
2025-11-13T08:04,FAT_BURN,1
2025-11-13T08:05,FAT_BURN,1
2025-11-13T08:06,FAT_BURN,1
2025-11-13T13:57,FAT_BURN,1
2025-11-13T21:08,FAT_BURN,1
2025-11-13T21:10,FAT_BURN,1
2025-11-13T21:11,FAT_BURN,1
2025-11-13T22:51,FAT_BURN,1
2025-11-13T22:52,FAT_BURN,1
2025-11-14T09:09,FAT_BURN,1
2025-11-14T09:10,FAT_BURN,1
2025-11-14T09:11,FAT_BURN,1
2025-11-14T09:12,FAT_BURN,1
2025-11-14T10:55,FAT_BURN,1
2025-11-14T10:58,FAT_BURN,1
2025-11-14T11:03,FAT_BURN,1
2025-11-14T11:05,FAT_BURN,1
2025-11-14T11:14,FAT_BURN,1
2025-11-14T11:15,FAT_BURN,1
2025-11-14T11:33,FAT_BURN,1
2025-11-16T08:44,FAT_BURN,1
2025-11-16T09:09,FAT_BURN,1
2025-11-16T09:10,FAT_BURN,1
2025-11-16T09:11,FAT_BURN,1
2025-11-16T09:12,FAT_BURN,1
2025-11-16T09:13,FAT_BURN,1
2025-11-16T09:14,FAT_BURN,1
2025-11-16T09:15,FAT_BURN,1
2025-11-16T09:16,FAT_BURN,1
2025-11-16T09:17,FAT_BURN,1
2025-11-16T09:18,FAT_BURN,1
2025-11-16T09:19,FAT_BURN,1
2025-11-16T09:20,FAT_BURN,1
2025-11-16T09:21,FAT_BURN,1
2025-11-16T09:22,FAT_BURN,1
2025-11-16T09:23,FAT_BURN,1
2025-11-16T09:24,FAT_BURN,1
2025-11-16T09:25,FAT_BURN,1
2025-11-16T09:27,FAT_BURN,1
2025-11-16T09:29,FAT_BURN,1
2025-11-16T09:30,CARDIO,2
2025-11-16T09:31,FAT_BURN,1
2025-11-16T09:32,FAT_BURN,1
2025-11-16T09:33,FAT_BURN,1
2025-11-16T09:34,FAT_BURN,1
2025-11-16T09:35,FAT_BURN,1
2025-11-16T09:36,FAT_BURN,1
2025-11-16T09:37,FAT_BURN,1
2025-11-16T09:38,FAT_BURN,1
2025-11-16T09:39,FAT_BURN,1
2025-11-16T09:40,FAT_BURN,1
2025-11-16T09:41,FAT_BURN,1
2025-11-16T09:42,FAT_BURN,1
2025-11-16T09:43,FAT_BURN,1
2025-11-16T09:45,FAT_BURN,1
2025-11-16T09:46,FAT_BURN,1
2025-11-16T09:47,FAT_BURN,1
2025-11-16T09:58,FAT_BURN,1
2025-11-16T09:59,FAT_BURN,1
2025-11-16T10:00,FAT_BURN,1
2025-11-16T10:01,FAT_BURN,1
2025-11-16T10:02,FAT_BURN,1
2025-11-16T10:03,FAT_BURN,1
2025-11-16T10:04,FAT_BURN,1
2025-11-16T10:05,FAT_BURN,1
2025-11-16T10:06,FAT_BURN,1
2025-11-16T10:07,FAT_BURN,1
2025-11-16T10:08,FAT_BURN,1
2025-11-16T10:09,FAT_BURN,1
2025-11-16T10:10,FAT_BURN,1
2025-11-16T10:11,FAT_BURN,1
2025-11-16T10:12,FAT_BURN,1
2025-11-16T10:13,FAT_BURN,1
2025-11-16T10:14,FAT_BURN,1
2025-11-16T10:15,FAT_BURN,1
2025-11-16T10:16,FAT_BURN,1
2025-11-16T10:17,FAT_BURN,1
2025-11-16T10:18,FAT_BURN,1
2025-11-16T10:19,FAT_BURN,1
2025-11-16T10:20,FAT_BURN,1
2025-11-16T10:21,FAT_BURN,1
2025-11-16T10:22,FAT_BURN,1
2025-11-16T10:23,FAT_BURN,1
2025-11-16T10:24,FAT_BURN,1
2025-11-16T10:25,FAT_BURN,1
2025-11-16T10:26,FAT_BURN,1
2025-11-16T10:27,FAT_BURN,1
2025-11-16T10:28,FAT_BURN,1
2025-11-16T10:29,FAT_BURN,1
2025-11-16T10:30,FAT_BURN,1
2025-11-16T10:31,FAT_BURN,1
2025-11-16T10:32,FAT_BURN,1
2025-11-16T10:33,FAT_BURN,1
2025-11-16T10:34,FAT_BURN,1
2025-11-16T10:35,FAT_BURN,1
2025-11-16T10:36,FAT_BURN,1
2025-11-16T10:37,FAT_BURN,1
2025-11-16T10:38,FAT_BURN,1
2025-11-16T10:44,FAT_BURN,1
2025-11-16T10:50,FAT_BURN,1
2025-11-16T10:51,FAT_BURN,1
2025-11-16T10:54,FAT_BURN,1
2025-11-16T10:55,FAT_BURN,1
2025-11-16T10:56,FAT_BURN,1
2025-11-16T10:57,FAT_BURN,1
2025-11-16T11:03,FAT_BURN,1
2025-11-16T11:04,FAT_BURN,1
2025-11-16T11:05,FAT_BURN,1
2025-11-16T11:06,FAT_BURN,1
2025-11-16T11:07,FAT_BURN,1
2025-11-16T11:08,FAT_BURN,1
2025-11-16T11:10,FAT_BURN,1
2025-11-16T11:12,FAT_BURN,1
2025-11-16T11:13,FAT_BURN,1
2025-11-16T11:14,FAT_BURN,1
2025-11-16T11:15,FAT_BURN,1
2025-11-16T11:16,FAT_BURN,1
2025-11-16T11:17,FAT_BURN,1
2025-11-16T11:18,FAT_BURN,1
2025-11-16T11:19,FAT_BURN,1
2025-11-16T11:21,FAT_BURN,1
2025-11-16T11:22,FAT_BURN,1
2025-11-16T11:25,FAT_BURN,1
2025-11-16T11:26,FAT_BURN,1
2025-11-16T11:30,FAT_BURN,1
2025-11-16T11:31,FAT_BURN,1
2025-11-16T11:35,FAT_BURN,1
2025-11-16T11:57,FAT_BURN,1
2025-11-16T11:58,FAT_BURN,1
2025-11-16T11:59,FAT_BURN,1
2025-11-16T12:00,FAT_BURN,1
2025-11-16T12:01,FAT_BURN,1
2025-11-16T12:02,FAT_BURN,1
2025-11-16T12:05,FAT_BURN,1
2025-11-16T12:07,FAT_BURN,1
2025-11-16T12:08,FAT_BURN,1
2025-11-16T12:12,FAT_BURN,1
2025-11-16T12:14,FAT_BURN,1
2025-11-16T12:16,FAT_BURN,1
2025-11-16T12:17,FAT_BURN,1
2025-11-16T12:18,FAT_BURN,1
2025-11-16T12:19,FAT_BURN,1
2025-11-16T12:20,FAT_BURN,1
2025-11-16T12:21,FAT_BURN,1
2025-11-16T12:22,FAT_BURN,1
2025-11-16T12:24,FAT_BURN,1
2025-11-16T12:28,FAT_BURN,1
2025-11-16T12:29,FAT_BURN,1
2025-11-16T12:30,FAT_BURN,1
2025-11-16T12:42,FAT_BURN,1
2025-11-16T13:00,FAT_BURN,1
2025-11-16T13:04,FAT_BURN,1
2025-11-16T13:06,FAT_BURN,1
2025-11-16T13:08,FAT_BURN,1
2025-11-16T13:10,FAT_BURN,1
2025-11-16T13:11,FAT_BURN,1
2025-11-16T13:15,FAT_BURN,1
2025-11-16T13:16,FAT_BURN,1
2025-11-16T13:17,FAT_BURN,1
2025-11-16T13:18,FAT_BURN,1
2025-11-16T13:20,FAT_BURN,1
2025-11-16T13:21,FAT_BURN,1
2025-11-16T13:22,FAT_BURN,1
2025-11-16T13:23,FAT_BURN,1
2025-11-16T13:24,FAT_BURN,1
2025-11-16T13:25,FAT_BURN,1
2025-11-16T13:26,FAT_BURN,1
2025-11-16T13:27,FAT_BURN,1
2025-11-16T13:28,FAT_BURN,1
2025-11-16T13:29,FAT_BURN,1
2025-11-16T13:30,FAT_BURN,1
2025-11-16T13:35,FAT_BURN,1
2025-11-16T13:36,FAT_BURN,1
2025-11-16T13:37,FAT_BURN,1
2025-11-16T13:38,FAT_BURN,1
2025-11-16T13:39,FAT_BURN,1
2025-11-16T13:40,FAT_BURN,1
2025-11-16T13:42,FAT_BURN,1
2025-11-16T13:43,FAT_BURN,1
2025-11-16T13:44,FAT_BURN,1
2025-11-16T13:45,FAT_BURN,1
2025-11-16T13:46,FAT_BURN,1
2025-11-16T13:47,FAT_BURN,1
2025-11-16T13:48,FAT_BURN,1
2025-11-16T14:02,FAT_BURN,1
2025-11-16T14:08,FAT_BURN,1
2025-11-16T14:11,FAT_BURN,1
2025-11-16T14:12,FAT_BURN,1
2025-11-16T14:16,FAT_BURN,1
2025-11-16T14:18,FAT_BURN,1
2025-11-16T14:20,FAT_BURN,1
2025-11-16T14:21,FAT_BURN,1
2025-11-16T14:23,FAT_BURN,1
2025-11-16T14:31,FAT_BURN,1
2025-11-16T14:32,FAT_BURN,1
2025-11-16T14:33,FAT_BURN,1
2025-11-16T14:34,FAT_BURN,1
2025-11-16T14:35,FAT_BURN,1
2025-11-16T14:40,FAT_BURN,1
2025-11-16T14:41,FAT_BURN,1
2025-11-16T14:42,FAT_BURN,1
2025-11-16T14:45,FAT_BURN,1
2025-11-16T14:46,FAT_BURN,1
2025-11-16T14:47,FAT_BURN,1
2025-11-16T14:48,FAT_BURN,1
2025-11-16T14:49,FAT_BURN,1
2025-11-16T14:50,FAT_BURN,1
2025-11-16T14:51,FAT_BURN,1
2025-11-16T14:52,FAT_BURN,1
2025-11-16T15:05,FAT_BURN,1
2025-11-16T15:09,FAT_BURN,1
2025-11-16T15:10,FAT_BURN,1
2025-11-16T15:13,FAT_BURN,1
2025-11-16T15:14,FAT_BURN,1
2025-11-16T15:15,FAT_BURN,1
2025-11-16T15:16,FAT_BURN,1
2025-11-16T15:17,FAT_BURN,1
2025-11-16T15:18,FAT_BURN,1
2025-11-16T15:19,FAT_BURN,1
2025-11-16T15:20,FAT_BURN,1
2025-11-16T15:21,FAT_BURN,1
2025-11-16T15:22,FAT_BURN,1
2025-11-16T15:23,FAT_BURN,1
2025-11-16T15:24,FAT_BURN,1
2025-11-16T15:25,FAT_BURN,1
2025-11-16T15:26,FAT_BURN,1
2025-11-16T15:27,FAT_BURN,1
2025-11-16T15:29,FAT_BURN,1
2025-11-16T15:30,FAT_BURN,1
2025-11-16T15:32,FAT_BURN,1
2025-11-16T15:35,FAT_BURN,1
2025-11-16T15:36,FAT_BURN,1
2025-11-16T15:37,FAT_BURN,1
2025-11-16T15:38,FAT_BURN,1
2025-11-16T15:39,FAT_BURN,1
2025-11-16T15:40,FAT_BURN,1
2025-11-16T15:41,FAT_BURN,1
2025-11-16T15:42,FAT_BURN,1
2025-11-16T15:43,FAT_BURN,1
2025-11-16T15:44,FAT_BURN,1
2025-11-16T15:45,FAT_BURN,1
2025-11-16T15:46,FAT_BURN,1
2025-11-16T15:47,FAT_BURN,1
2025-11-16T15:48,FAT_BURN,1
2025-11-16T15:49,FAT_BURN,1
2025-11-16T15:50,FAT_BURN,1
2025-11-16T15:51,FAT_BURN,1
2025-11-16T16:06,FAT_BURN,1
2025-11-16T16:26,FAT_BURN,1
2025-11-16T16:29,FAT_BURN,1
2025-11-16T16:54,FAT_BURN,1
2025-11-17T16:00,FAT_BURN,1
2025-11-17T19:54,FAT_BURN,1
2025-11-17T19:55,FAT_BURN,1
2025-11-17T19:56,FAT_BURN,1
2025-11-17T19:57,FAT_BURN,1
2025-11-17T19:59,FAT_BURN,1
2025-11-17T20:00,FAT_BURN,1
2025-11-17T20:01,FAT_BURN,1
2025-11-17T20:12,FAT_BURN,1
2025-11-17T20:14,FAT_BURN,1
2025-11-17T20:16,FAT_BURN,1
2025-11-17T20:17,CARDIO,2
2025-11-17T20:18,FAT_BURN,1
2025-11-17T20:19,CARDIO,2
2025-11-17T20:20,CARDIO,2
2025-11-17T20:21,CARDIO,2
2025-11-17T20:22,CARDIO,2
2025-11-17T20:23,CARDIO,2
2025-11-17T20:24,CARDIO,2
2025-11-17T20:25,CARDIO,2
2025-11-17T20:26,PEAK,2
2025-11-17T20:27,PEAK,2
2025-11-17T20:28,CARDIO,2
2025-11-17T20:29,CARDIO,2
2025-11-17T20:30,CARDIO,2
2025-11-17T20:31,CARDIO,2
2025-11-17T20:32,PEAK,2
2025-11-17T20:33,PEAK,2
2025-11-17T20:34,FAT_BURN,1
2025-11-17T20:36,FAT_BURN,1
2025-11-17T20:37,FAT_BURN,1
2025-11-17T20:38,FAT_BURN,1
2025-11-17T20:39,PEAK,2
2025-11-17T20:40,PEAK,2
2025-11-17T20:41,PEAK,2
2025-11-17T20:42,PEAK,2
2025-11-17T20:43,PEAK,2
2025-11-17T20:44,CARDIO,2
2025-11-17T20:45,CARDIO,2
2025-11-17T20:46,CARDIO,2
2025-11-17T20:47,PEAK,2
2025-11-17T20:48,PEAK,2
2025-11-17T20:49,CARDIO,2
2025-11-17T20:50,CARDIO,2
2025-11-17T20:51,CARDIO,2
2025-11-17T20:52,PEAK,2
2025-11-17T20:53,CARDIO,2
2025-11-17T20:54,PEAK,2
2025-11-17T20:55,PEAK,2
2025-11-17T20:56,CARDIO,2
2025-11-17T20:57,FAT_BURN,1
2025-11-17T20:58,FAT_BURN,1
2025-11-17T20:59,FAT_BURN,1
2025-11-17T21:00,FAT_BURN,1
2025-11-17T21:01,FAT_BURN,1
2025-11-17T21:02,FAT_BURN,1
2025-11-17T21:11,FAT_BURN,1
2025-11-18T08:01,FAT_BURN,1
2025-11-18T08:02,FAT_BURN,1
2025-11-18T08:03,FAT_BURN,1
2025-11-18T08:04,FAT_BURN,1
2025-11-18T08:05,FAT_BURN,1
2025-11-18T10:41,FAT_BURN,1
2025-11-18T10:42,FAT_BURN,1
2025-11-18T17:26,FAT_BURN,1
2025-11-18T17:32,FAT_BURN,1
2025-11-18T17:33,FAT_BURN,1
2025-11-18T17:35,FAT_BURN,1
2025-11-18T17:36,FAT_BURN,1
2025-11-18T17:37,FAT_BURN,1
2025-11-18T17:38,FAT_BURN,1
2025-11-18T17:39,FAT_BURN,1
2025-11-18T17:40,FAT_BURN,1
2025-11-18T17:41,FAT_BURN,1
2025-11-18T17:42,FAT_BURN,1
2025-11-18T17:43,CARDIO,2
2025-11-18T17:44,FAT_BURN,1
2025-11-18T17:56,FAT_BURN,1
2025-11-18T17:57,FAT_BURN,1
2025-11-18T17:58,FAT_BURN,1
2025-11-18T17:59,CARDIO,2
2025-11-18T18:00,FAT_BURN,1
2025-11-18T18:01,FAT_BURN,1
2025-11-18T18:02,FAT_BURN,1
2025-11-18T18:03,FAT_BURN,1
2025-11-18T18:13,FAT_BURN,1
2025-11-18T18:14,FAT_BURN,1
2025-11-18T18:15,FAT_BURN,1
2025-11-18T18:16,FAT_BURN,1
2025-11-18T18:17,CARDIO,2
2025-11-18T18:18,CARDIO,2
2025-11-18T18:19,FAT_BURN,1
2025-11-18T18:20,FAT_BURN,1
2025-11-18T18:21,FAT_BURN,1
2025-11-18T18:22,FAT_BURN,1
2025-11-18T18:23,FAT_BURN,1
2025-11-18T18:27,FAT_BURN,1
2025-11-18T18:28,FAT_BURN,1
2025-11-18T18:29,FAT_BURN,1
2025-11-18T18:30,CARDIO,2
2025-11-18T18:31,FAT_BURN,1
2025-11-18T18:32,FAT_BURN,1
2025-11-18T18:33,FAT_BURN,1
2025-11-18T18:34,FAT_BURN,1
2025-11-18T18:35,FAT_BURN,1
2025-11-18T18:41,FAT_BURN,1
2025-11-18T18:43,FAT_BURN,1
2025-11-18T18:44,FAT_BURN,1
2025-11-18T18:45,FAT_BURN,1
2025-11-18T18:46,FAT_BURN,1
2025-11-18T18:47,FAT_BURN,1
2025-11-18T18:48,FAT_BURN,1
2025-11-18T18:49,FAT_BURN,1
2025-11-18T18:50,FAT_BURN,1
2025-11-18T18:51,FAT_BURN,1
2025-11-18T19:03,FAT_BURN,1
2025-11-18T19:04,FAT_BURN,1
2025-11-18T19:05,FAT_BURN,1
2025-11-18T19:06,FAT_BURN,1
2025-11-18T19:08,FAT_BURN,1
2025-11-18T21:00,FAT_BURN,1
2025-11-18T21:01,FAT_BURN,1
2025-11-18T22:11,FAT_BURN,1
2025-11-18T22:12,FAT_BURN,1
2025-11-18T22:13,FAT_BURN,1
2025-11-18T22:14,FAT_BURN,1
2025-11-18T22:22,FAT_BURN,1
2025-11-18T22:26,FAT_BURN,1
2025-11-18T22:32,FAT_BURN,1
2025-11-18T22:33,FAT_BURN,1
2025-11-18T22:35,FAT_BURN,1
2025-11-18T22:37,FAT_BURN,1
2025-11-18T22:38,FAT_BURN,1
2025-11-18T22:39,FAT_BURN,1
2025-11-18T22:41,FAT_BURN,1
2025-11-18T22:45,FAT_BURN,1
2025-11-18T22:46,FAT_BURN,1
2025-11-18T22:47,FAT_BURN,1
2025-11-18T22:48,FAT_BURN,1
2025-11-18T22:49,FAT_BURN,1
2025-11-18T22:51,FAT_BURN,1
2025-11-18T22:52,FAT_BURN,1
2025-11-18T22:53,FAT_BURN,1
2025-11-18T22:54,FAT_BURN,1
2025-11-18T22:55,CARDIO,2
2025-11-18T22:56,FAT_BURN,1
2025-11-18T22:57,FAT_BURN,1
2025-11-18T22:58,FAT_BURN,1
2025-11-18T22:59,FAT_BURN,1
2025-11-19T10:09,FAT_BURN,1
2025-11-19T13:28,FAT_BURN,1
2025-11-19T17:45,FAT_BURN,1
2025-11-19T17:46,FAT_BURN,1
2025-11-19T19:04,FAT_BURN,1
2025-11-19T19:05,FAT_BURN,1
2025-11-19T19:06,FAT_BURN,1
2025-11-19T19:07,FAT_BURN,1
2025-11-19T19:08,FAT_BURN,1
2025-11-19T21:49,FAT_BURN,1
2025-11-19T21:54,FAT_BURN,1
2025-11-19T22:15,FAT_BURN,1
2025-11-20T12:28,FAT_BURN,1
2025-11-20T12:29,FAT_BURN,1
2025-11-20T18:38,FAT_BURN,1
2025-11-20T18:39,FAT_BURN,1
2025-11-20T21:04,FAT_BURN,1
2025-11-20T21:05,FAT_BURN,1
2025-11-20T21:06,FAT_BURN,1
2025-11-20T21:07,FAT_BURN,1
2025-11-20T21:08,FAT_BURN,1
2025-11-20T21:09,FAT_BURN,1
2025-11-20T21:16,FAT_BURN,1
2025-11-20T21:20,FAT_BURN,1
2025-11-20T21:22,FAT_BURN,1
2025-11-20T21:24,FAT_BURN,1
2025-11-20T21:29,FAT_BURN,1
2025-11-20T21:32,FAT_BURN,1
2025-11-20T21:36,FAT_BURN,1
2025-11-20T21:41,FAT_BURN,1
2025-11-20T22:06,FAT_BURN,1
2025-11-20T22:30,FAT_BURN,1
2025-11-21T11:54,FAT_BURN,1
2025-11-21T11:55,FAT_BURN,1
2025-11-21T11:56,FAT_BURN,1
2025-11-21T11:57,FAT_BURN,1
2025-11-21T11:58,FAT_BURN,1
2025-11-21T11:59,FAT_BURN,1
2025-11-21T12:00,CARDIO,2
2025-11-21T12:01,FAT_BURN,1
2025-11-22T01:25,FAT_BURN,1
2025-11-22T01:30,FAT_BURN,1
2025-11-22T01:34,FAT_BURN,1
2025-11-22T01:56,FAT_BURN,1
2025-11-22T01:57,FAT_BURN,1
2025-11-22T02:00,FAT_BURN,1
2025-11-22T02:26,FAT_BURN,1
2025-11-22T04:03,FAT_BURN,1
2025-11-22T04:04,FAT_BURN,1
2025-11-22T04:05,FAT_BURN,1
2025-11-22T04:06,CARDIO,2
2025-11-22T04:23,FAT_BURN,1
2025-11-22T04:44,FAT_BURN,1
2025-11-22T04:45,FAT_BURN,1
2025-11-22T04:46,FAT_BURN,1
2025-11-22T04:47,FAT_BURN,1
2025-11-22T04:48,FAT_BURN,1
2025-11-22T04:49,FAT_BURN,1
2025-11-22T04:51,FAT_BURN,1
2025-11-22T04:52,FAT_BURN,1
2025-11-23T01:14,FAT_BURN,1
2025-11-23T01:15,CARDIO,2
2025-11-23T01:16,CARDIO,2
2025-11-23T01:17,CARDIO,2
2025-11-23T01:18,CARDIO,2
2025-11-23T01:19,CARDIO,2
2025-11-23T01:20,FAT_BURN,1
2025-11-23T01:21,FAT_BURN,1
2025-11-23T01:22,CARDIO,2
2025-11-23T01:23,FAT_BURN,1
2025-11-23T03:07,FAT_BURN,1
2025-11-23T05:53,FAT_BURN,1
2025-11-23T05:54,FAT_BURN,1
2025-11-23T05:55,FAT_BURN,1
2025-11-23T11:49,FAT_BURN,1
2025-11-23T19:49,FAT_BURN,1
2025-11-23T19:55,FAT_BURN,1
2025-11-23T19:56,FAT_BURN,1
2025-11-23T19:58,FAT_BURN,1
2025-11-23T20:08,FAT_BURN,1
2025-11-23T20:10,FAT_BURN,1
2025-11-24T12:10,FAT_BURN,1
2025-11-24T13:30,FAT_BURN,1
2025-11-24T13:31,FAT_BURN,1
2025-11-24T13:32,FAT_BURN,1
2025-11-24T14:19,FAT_BURN,1
2025-11-24T14:41,FAT_BURN,1
2025-11-24T14:43,FAT_BURN,1
2025-11-24T14:50,FAT_BURN,1
2025-11-24T14:51,FAT_BURN,1
2025-11-24T14:56,FAT_BURN,1
2025-11-24T15:00,FAT_BURN,1
2025-11-24T15:05,FAT_BURN,1
2025-11-24T15:12,FAT_BURN,1
2025-11-24T15:24,FAT_BURN,1
2025-11-24T15:30,FAT_BURN,1
2025-11-24T15:51,FAT_BURN,1
2025-11-25T08:07,FAT_BURN,1
2025-11-25T08:08,FAT_BURN,1
2025-11-25T08:09,FAT_BURN,1
2025-11-25T09:04,FAT_BURN,1
2025-11-25T10:41,FAT_BURN,1
2025-11-25T12:25,FAT_BURN,1
2025-11-25T12:26,FAT_BURN,1
2025-11-25T14:48,FAT_BURN,1
2025-11-25T19:00,FAT_BURN,1
2025-11-25T19:01,FAT_BURN,1
2025-11-25T19:02,FAT_BURN,1
2025-11-25T19:03,FAT_BURN,1
2025-11-25T19:04,FAT_BURN,1
2025-11-25T19:06,FAT_BURN,1
2025-11-25T19:28,FAT_BURN,1
2025-11-25T19:31,FAT_BURN,1
2025-11-25T19:34,FAT_BURN,1
2025-11-25T20:08,FAT_BURN,1
2025-11-25T20:09,FAT_BURN,1
2025-11-25T20:10,FAT_BURN,1
2025-11-25T20:11,FAT_BURN,1
2025-11-25T20:48,FAT_BURN,1
2025-11-25T20:49,FAT_BURN,1
2025-11-27T12:19,FAT_BURN,1
2025-11-27T12:20,FAT_BURN,1
2025-11-27T15:51,FAT_BURN,1
2025-11-27T16:17,FAT_BURN,1
2025-11-27T16:18,FAT_BURN,1
2025-11-27T16:19,FAT_BURN,1
2025-11-27T16:20,FAT_BURN,1
2025-11-27T16:21,FAT_BURN,1
2025-11-27T16:26,FAT_BURN,1
2025-11-27T16:27,FAT_BURN,1
2025-11-27T16:28,FAT_BURN,1
2025-11-27T20:06,FAT_BURN,1
2025-11-27T20:07,FAT_BURN,1
2025-11-28T16:11,FAT_BURN,1
2025-11-28T16:12,FAT_BURN,1
2025-11-28T16:46,FAT_BURN,1
2025-11-29T15:05,FAT_BURN,1