timestamp,root mean square of successive differences milliseconds,standard deviation milliseconds,data source
2025-12-15T08:05:00Z,124.8,0.0,Fitbit App
2025-12-15T08:10:00Z,144.8,0.0,Fitbit App
2025-12-15T08:15:00Z,113.4,0.0,Fitbit App
2025-12-15T08:20:00Z,132.2,0.0,Fitbit App
2025-12-15T08:25:00Z,112.1,0.0,Fitbit App
2025-12-15T08:30:00Z,95.9,0.0,Fitbit App
2025-12-15T08:35:00Z,107.1,0.0,Fitbit App
2025-12-15T08:40:00Z,104.8,0.0,Fitbit App
2025-12-15T08:45:00Z,106.6,0.0,Fitbit App
2025-12-15T08:50:00Z,82.5,0.0,Fitbit App
2025-12-15T08:55:00Z,83.5,0.0,Fitbit App
2025-12-15T09:00:00Z,79.8,0.0,Fitbit App
2025-12-15T09:05:00Z,74.2,0.0,Fitbit App
2025-12-15T09:10:00Z,59.1,0.0,Fitbit App
2025-12-15T09:15:00Z,66.9,0.0,Fitbit App
2025-12-15T09:20:00Z,64.7,0.0,Fitbit App
2025-12-15T09:25:00Z,73.2,0.0,Fitbit App
2025-12-15T09:30:00Z,67.0,0.0,Fitbit App
2025-12-15T09:35:00Z,78.0,0.0,Fitbit App
2025-12-15T09:40:00Z,62.6,0.0,Fitbit App
2025-12-15T09:45:00Z,82.1,0.0,Fitbit App
2025-12-15T09:50:00Z,68.4,0.0,Fitbit App
2025-12-15T09:55:00Z,63.9,0.0,Fitbit App
2025-12-15T10:00:00Z,80.9,0.0,Fitbit App
2025-12-15T10:05:00Z,67.0,0.0,Fitbit App
2025-12-15T10:10:00Z,65.9,0.0,Fitbit App
2025-12-15T10:15:00Z,69.2,0.0,Fitbit App
2025-12-15T10:20:00Z,85.2,0.0,Fitbit App
2025-12-15T10:25:00Z,96.3,0.0,Fitbit App
2025-12-15T10:30:00Z,75.1,0.0,Fitbit App
2025-12-15T10:40:00Z,102.9,0.0,Fitbit App
2025-12-15T10:45:00Z,87.2,0.0,Fitbit App
2025-12-15T10:50:00Z,89.9,0.0,Fitbit App
2025-12-15T10:55:00Z,97.2,0.0,Fitbit App
2025-12-15T11:00:00Z,94.7,0.0,Fitbit App
2025-12-15T11:05:00Z,85.2,0.0,Fitbit App
2025-12-15T11:10:00Z,53.9,0.0,Fitbit App
2025-12-15T11:15:00Z,35.5,0.0,Fitbit App
2025-12-15T11:35:00Z,85.2,0.0,Fitbit App
2025-12-15T11:40:00Z,90.1,0.0,Fitbit App
2025-12-15T11:45:00Z,96.9,0.0,Fitbit App
2025-12-15T11:50:00Z,86.5,0.0,Fitbit App
2025-12-15T11:55:00Z,87.1,0.0,Fitbit App
2025-12-15T12:00:00Z,91.2,0.0,Fitbit App
2025-12-15T12:05:00Z,90.9,0.0,Fitbit App
2025-12-15T12:10:00Z,94.8,0.0,Fitbit App
2025-12-15T12:15:00Z,106.6,0.0,Fitbit App
2025-12-15T12:20:00Z,97.2,0.0,Fitbit App
2025-12-15T12:25:00Z,92.3,0.0,Fitbit App
2025-12-15T12:30:00Z,94.9,0.0,Fitbit App
2025-12-15T12:35:00Z,90.3,0.0,Fitbit App
2025-12-15T12:40:00Z,85.2,0.0,Fitbit App
2025-12-15T12:45:00Z,103.1,0.0,Fitbit App
2025-12-15T12:50:00Z,55.3,0.0,Fitbit App
2025-12-15T13:00:00Z,112.1,0.0,Fitbit App
2025-12-15T13:05:00Z,112.9,0.0,Fitbit App
2025-12-15T13:10:00Z,87.1,0.0,Fitbit App
2025-12-15T13:15:00Z,80.1,0.0,Fitbit App
2025-12-15T13:20:00Z,119.8,0.0,Fitbit App
2025-12-15T13:25:00Z,115.2,0.0,Fitbit App
2025-12-15T13:30:00Z,106.7,0.0,Fitbit App
2025-12-15T13:35:00Z,105.1,0.0,Fitbit App
2025-12-15T13:40:00Z,106.6,0.0,Fitbit App
2025-12-15T13:45:00Z,97.9,0.0,Fitbit App
2025-12-15T13:50:00Z,100.4,0.0,Fitbit App
2025-12-15T13:55:00Z,94.2,0.0,Fitbit App
2025-12-15T14:00:00Z,76.7,0.0,Fitbit App
2025-12-15T14:05:00Z,92.8,0.0,Fitbit App
2025-12-15T14:10:00Z,107.7,0.0,Fitbit App
2025-12-15T14:15:00Z,110.7,0.0,Fitbit App
2025-12-15T14:20:00Z,83.1,0.0,Fitbit App
2025-12-15T14:30:00Z,104.0,0.0,Fitbit App
2025-12-15T14:45:00Z,118.8,0.0,Fitbit App
2025-12-15T14:50:00Z,147.6,0.0,Fitbit App
2025-12-15T14:55:00Z,164.0,0.0,Fitbit App
2025-12-15T15:00:00Z,118.2,0.0,Fitbit App
2025-12-15T15:05:00Z,121.8,0.0,Fitbit App
2025-12-15T15:10:00Z,115.7,0.0,Fitbit App
2025-12-15T15:15:00Z,77.0,0.0,Fitbit App
2025-12-15T15:20:00Z,126.7,0.0,Fitbit App
2025-12-15T15:25:00Z,107.0,0.0,Fitbit App
2025-12-15T15:30:00Z,109.5,0.0,Fitbit App
2025-12-15T15:40:00Z,93.4,0.0,Fitbit App
2025-12-15T15:45:00Z,86.7,0.0,Fitbit App
2025-12-15T15:50:00Z,51.5,0.0,Fitbit App
2025-12-15T15:55:00Z,62.0,0.0,Fitbit App
2025-12-15T16:00:00Z,80.7,0.0,Fitbit App
2025-12-16T08:35:00Z,70.4,0.0,Fitbit App
2025-12-16T08:40:00Z,72.4,0.0,Fitbit App
2025-12-16T08:45:00Z,98.8,0.0,Fitbit App
2025-12-16T08:50:00Z,87.3,0.0,Fitbit App
2025-12-16T08:55:00Z,74.9,0.0,Fitbit App
2025-12-16T09:00:00Z,90.1,0.0,Fitbit App
2025-12-16T09:05:00Z,85.4,0.0,Fitbit App
2025-12-16T09:10:00Z,78.1,0.0,Fitbit App
2025-12-16T09:15:00Z,86.3,0.0,Fitbit App
2025-12-16T09:20:00Z,78.6,0.0,Fitbit App
2025-12-16T09:25:00Z,91.8,0.0,Fitbit App
2025-12-16T09:30:00Z,89.4,0.0,Fitbit App
2025-12-16T09:35:00Z,91.0,0.0,Fitbit App
2025-12-16T09:40:00Z,104.4,0.0,Fitbit App
2025-12-16T09:45:00Z,100.3,0.0,Fitbit App
2025-12-16T09:50:00Z,66.3,0.0,Fitbit App
2025-12-16T09:55:00Z,39.3,0.0,Fitbit App
2025-12-16T10:00:00Z,56.8,0.0,Fitbit App
2025-12-16T10:05:00Z,82.7,0.0,Fitbit App
2025-12-16T10:10:00Z,92.8,0.0,Fitbit App
2025-12-16T10:15:00Z,85.3,0.0,Fitbit App
2025-12-16T10:20:00Z,99.8,0.0,Fitbit App
2025-12-16T10:25:00Z,97.8,0.0,Fitbit App
2025-12-16T10:30:00Z,95.1,0.0,Fitbit App
2025-12-16T10:35:00Z,87.4,0.0,Fitbit App
2025-12-16T10:40:00Z,61.9,0.0,Fitbit App
2025-12-16T10:45:00Z,65.6,0.0,Fitbit App
2025-12-16T10:50:00Z,84.2,0.0,Fitbit App
2025-12-16T10:55:00Z,83.4,0.0,Fitbit App
2025-12-16T11:00:00Z,38.4,0.0,Fitbit App
2025-12-16T11:05:00Z,34.5,0.0,Fitbit App
2025-12-16T11:10:00Z,51.0,0.0,Fitbit App
2025-12-16T11:15:00Z,83.1,0.0,Fitbit App
2025-12-16T11:20:00Z,93.8,0.0,Fitbit App
2025-12-16T11:25:00Z,87.8,0.0,Fitbit App
2025-12-16T11:40:00Z,91.2,0.0,Fitbit App
2025-12-16T11:45:00Z,88.3,0.0,Fitbit App
2025-12-16T11:50:00Z,113.3,0.0,Fitbit App
2025-12-16T11:55:00Z,114.0,0.0,Fitbit App
2025-12-16T12:00:00Z,131.6,0.0,Fitbit App
2025-12-16T12:10:00Z,98.9,0.0,Fitbit App
2025-12-16T12:15:00Z,104.7,0.0,Fitbit App
2025-12-16T12:20:00Z,87.3,0.0,Fitbit App
2025-12-16T12:25:00Z,83.1,0.0,Fitbit App
2025-12-16T12:30:00Z,89.2,0.0,Fitbit App
2025-12-16T12:35:00Z,70.2,0.0,Fitbit App
2025-12-16T12:40:00Z,68.4,0.0,Fitbit App
2025-12-16T12:45:00Z,38.2,0.0,Fitbit App
2025-12-16T12:50:00Z,73.4,0.0,Fitbit App
2025-12-16T12:55:00Z,65.0,0.0,Fitbit App
2025-12-16T13:00:00Z,118.0,0.0,Fitbit App
2025-12-16T13:05:00Z,103.0,0.0,Fitbit App
2025-12-16T13:10:00Z,67.2,0.0,Fitbit App
2025-12-16T13:15:00Z,71.8,0.0,Fitbit App
2025-12-16T13:20:00Z,54.9,0.0,Fitbit App
2025-12-16T13:25:00Z,64.4,0.0,Fitbit App
2025-12-16T13:30:00Z,51.4,0.0,Fitbit App
2025-12-16T13:35:00Z,65.6,0.0,Fitbit App
2025-12-16T13:40:00Z,55.8,0.0,Fitbit App
2025-12-16T13:45:00Z,64.2,0.0,Fitbit App
2025-12-16T13:50:00Z,79.9,0.0,Fitbit App
2025-12-16T13:55:00Z,71.2,0.0,Fitbit App
2025-12-16T14:00:00Z,112.0,0.0,Fitbit App
2025-12-16T14:05:00Z,117.8,0.0,Fitbit App
2025-12-16T14:10:00Z,73.6,0.0,Fitbit App
2025-12-16T14:15:00Z,81.8,0.0,Fitbit App
2025-12-16T14:20:00Z,52.8,0.0,Fitbit App
2025-12-16T14:25:00Z,60.6,0.0,Fitbit App
2025-12-16T14:30:00Z,69.1,0.0,Fitbit App
2025-12-16T14:35:00Z,81.4,0.0,Fitbit App
2025-12-16T14:40:00Z,120.9,0.0,Fitbit App
2025-12-16T14:45:00Z,127.2,0.0,Fitbit App
2025-12-16T14:50:00Z,106.1,0.0,Fitbit App
2025-12-16T14:55:00Z,95.1,0.0,Fitbit App
2025-12-16T15:00:00Z,85.5,0.0,Fitbit App
2025-12-16T15:05:00Z,70.8,0.0,Fitbit App
2025-12-16T15:10:00Z,82.7,0.0,Fitbit App
2025-12-16T15:15:00Z,78.8,0.0,Fitbit App
2025-12-16T15:20:00Z,77.7,0.0,Fitbit App
2025-12-16T15:25:00Z,99.7,0.0,Fitbit App
2025-12-16T15:30:00Z,49.5,0.0,Fitbit App
2025-12-16T15:35:00Z,59.5,0.0,Fitbit App
2025-12-16T15:40:00Z,36.3,0.0,Fitbit App
2025-12-16T15:45:00Z,89.8,0.0,Fitbit App
2025-12-16T15:50:00Z,103.4,0.0,Fitbit App
2025-12-17T10:20:00Z,75.1,0.0,Fitbit App
2025-12-17T10:25:00Z,69.8,0.0,Fitbit App
2025-12-17T10:30:00Z,66.0,0.0,Fitbit App
2025-12-17T10:35:00Z,61.7,0.0,Fitbit App
2025-12-17T10:40:00Z,64.6,0.0,Fitbit App
2025-12-17T10:45:00Z,96.8,0.0,Fitbit App
2025-12-17T10:50:00Z,71.1,0.0,Fitbit App
2025-12-17T10:55:00Z,64.5,0.0,Fitbit App
2025-12-17T11:00:00Z,68.7,0.0,Fitbit App
2025-12-17T11:05:00Z,83.1,0.0,Fitbit App
2025-12-17T11:10:00Z,65.3,0.0,Fitbit App
2025-12-17T11:15:00Z,56.4,0.0,Fitbit App
2025-12-17T11:20:00Z,56.0,0.0,Fitbit App
2025-12-17T11:25:00Z,52.2,0.0,Fitbit App
2025-12-17T11:30:00Z,56.5,0.0,Fitbit App
2025-12-17T11:35:00Z,55.7,0.0,Fitbit App
2025-12-17T11:40:00Z,63.5,0.0,Fitbit App
2025-12-17T11:45:00Z,58.7,0.0,Fitbit App
2025-12-17T11:50:00Z,54.4,0.0,Fitbit App
2025-12-17T11:55:00Z,65.4,0.0,Fitbit App
2025-12-17T12:00:00Z,67.9,0.0,Fitbit App
2025-12-17T12:05:00Z,60.2,0.0,Fitbit App
2025-12-17T12:10:00Z,81.5,0.0,Fitbit App
2025-12-17T12:15:00Z,69.4,0.0,Fitbit App
2025-12-17T12:20:00Z,68.4,0.0,Fitbit App
2025-12-17T12:25:00Z,55.9,0.0,Fitbit App
2025-12-17T12:30:00Z,37.4,0.0,Fitbit App
2025-12-17T12:35:00Z,32.9,0.0,Fitbit App
2025-12-17T12:50:00Z,80.7,0.0,Fitbit App
2025-12-17T12:55:00Z,102.9,0.0,Fitbit App
2025-12-17T13:00:00Z,107.3,0.0,Fitbit App
2025-12-17T13:05:00Z,87.1,0.0,Fitbit App
2025-12-17T13:10:00Z,101.1,0.0,Fitbit App
2025-12-17T13:15:00Z,100.2,0.0,Fitbit App
2025-12-17T13:20:00Z,83.7,0.0,Fitbit App
2025-12-17T13:25:00Z,70.8,0.0,Fitbit App
2025-12-17T13:30:00Z,72.6,0.0,Fitbit App
2025-12-17T13:35:00Z,63.1,0.0,Fitbit App
2025-12-17T13:40:00Z,85.8,0.0,Fitbit App
2025-12-17T13:45:00Z,52.4,0.0,Fitbit App
2025-12-17T13:50:00Z,63.7,0.0,Fitbit App
2025-12-17T13:55:00Z,66.5,0.0,Fitbit App
2025-12-17T14:00:00Z,84.1,0.0,Fitbit App
2025-12-17T14:05:00Z,93.8,0.0,Fitbit App
2025-12-17T14:10:00Z,71.5,0.0,Fitbit App
2025-12-17T14:15:00Z,55.0,0.0,Fitbit App
2025-12-17T14:20:00Z,57.2,0.0,Fitbit App
2025-12-17T14:25:00Z,59.3,0.0,Fitbit App
2025-12-17T14:30:00Z,64.8,0.0,Fitbit App
2025-12-17T14:35:00Z,87.7,0.0,Fitbit App
2025-12-17T14:40:00Z,95.4,0.0,Fitbit App
2025-12-17T14:45:00Z,97.8,0.0,Fitbit App
2025-12-17T14:50:00Z,83.4,0.0,Fitbit App
2025-12-17T14:55:00Z,104.9,0.0,Fitbit App
2025-12-17T15:00:00Z,94.1,0.0,Fitbit App
2025-12-17T15:10:00Z,69.2,0.0,Fitbit App
2025-12-17T15:15:00Z,81.5,0.0,Fitbit App
2025-12-17T15:20:00Z,71.2,0.0,Fitbit App
2025-12-17T15:25:00Z,97.2,0.0,Fitbit App
2025-12-17T15:50:00Z,106.3,0.0,Fitbit App
2025-12-17T15:55:00Z,96.6,0.0,Fitbit App
2025-12-17T16:30:00Z,91.6,0.0,Fitbit App
2025-12-17T16:45:00Z,91.0,0.0,Fitbit App
2025-12-17T16:50:00Z,74.5,0.0,Fitbit App
2025-12-17T16:55:00Z,138.8,0.0,Fitbit App
2025-12-17T17:00:00Z,95.4,0.0,Fitbit App
2025-12-17T17:05:00Z,93.8,0.0,Fitbit App
2025-12-17T17:10:00Z,73.6,0.0,Fitbit App
2025-12-17T17:15:00Z,95.2,0.0,Fitbit App
2025-12-17T17:20:00Z,82.1,0.0,Fitbit App
2025-12-17T17:25:00Z,73.0,0.0,Fitbit App
2025-12-17T17:30:00Z,69.6,0.0,Fitbit App
2025-12-17T17:35:00Z,37.3,0.0,Fitbit App
2025-12-17T17:40:00Z,43.1,0.0,Fitbit App
2025-12-17T17:45:00Z,64.8,0.0,Fitbit App
2025-12-17T17:50:00Z,89.4,0.0,Fitbit App
2025-12-17T17:55:00Z,99.2,0.0,Fitbit App
2025-12-17T18:00:00Z,117.5,0.0,Fitbit App
2025-12-17T18:05:00Z,93.1,0.0,Fitbit App
2025-12-17T18:10:00Z,93.4,0.0,Fitbit App
2025-12-17T18:15:00Z,90.7,0.0,Fitbit App
2025-12-17T18:20:00Z,63.8,0.0,Fitbit App
2025-12-17T18:25:00Z,91.1,0.0,Fitbit App
2025-12-18T11:10:00Z,25.6,0.0,Fitbit App
2025-12-18T11:15:00Z,23.2,0.0,Fitbit App
2025-12-18T11:20:00Z,24.2,0.0,Fitbit App
2025-12-18T11:25:00Z,20.5,0.0,Fitbit App
2025-12-18T11:30:00Z,21.7,0.0,Fitbit App
2025-12-18T11:35:00Z,23.7,0.0,Fitbit App
2025-12-18T11:40:00Z,18.1,0.0,Fitbit App
2025-12-18T11:45:00Z,19.0,0.0,Fitbit App
2025-12-18T11:50:00Z,20.2,0.0,Fitbit App
2025-12-18T11:55:00Z,20.5,0.0,Fitbit App
2025-12-18T12:00:00Z,18.6,0.0,Fitbit App
2025-12-18T12:05:00Z,15.8,0.0,Fitbit App
2025-12-18T12:10:00Z,17.3,0.0,Fitbit App
2025-12-18T12:15:00Z,19.5,0.0,Fitbit App
2025-12-18T12:20:00Z,24.7,0.0,Fitbit App
2025-12-18T12:25:00Z,19.2,0.0,Fitbit App
2025-12-18T12:30:00Z,19.8,0.0,Fitbit App
2025-12-18T12:35:00Z,21.2,0.0,Fitbit App
2025-12-18T12:40:00Z,21.7,0.0,Fitbit App
2025-12-18T12:45:00Z,41.3,0.0,Fitbit App
2025-12-18T12:50:00Z,29.7,0.0,Fitbit App
2025-12-18T12:55:00Z,16.4,0.0,Fitbit App
2025-12-18T13:00:00Z,21.6,0.0,Fitbit App
2025-12-18T13:05:00Z,27.3,0.0,Fitbit App
2025-12-18T13:10:00Z,27.7,0.0,Fitbit App
2025-12-18T13:15:00Z,25.4,0.0,Fitbit App
2025-12-18T13:20:00Z,30.0,0.0,Fitbit App
2025-12-18T13:25:00Z,38.4,0.0,Fitbit App
2025-12-18T13:30:00Z,37.5,0.0,Fitbit App
2025-12-18T13:35:00Z,31.8,0.0,Fitbit App
2025-12-18T13:40:00Z,33.1,0.0,Fitbit App
2025-12-18T13:45:00Z,47.9,0.0,Fitbit App
2025-12-18T13:50:00Z,60.4,0.0,Fitbit App
2025-12-18T13:55:00Z,40.8,0.0,Fitbit App
2025-12-18T14:00:00Z,21.0,0.0,Fitbit App
2025-12-18T14:05:00Z,24.1,0.0,Fitbit App
2025-12-18T14:10:00Z,22.1,0.0,Fitbit App
2025-12-18T14:15:00Z,29.4,0.0,Fitbit App
2025-12-18T14:20:00Z,42.7,0.0,Fitbit App
2025-12-18T14:25:00Z,45.6,0.0,Fitbit App
2025-12-18T14:30:00Z,36.3,0.0,Fitbit App
2025-12-18T14:35:00Z,29.7,0.0,Fitbit App
2025-12-18T14:40:00Z,29.1,0.0,Fitbit App
2025-12-18T14:45:00Z,32.4,0.0,Fitbit App
2025-12-18T14:50:00Z,34.0,0.0,Fitbit App
2025-12-18T14:55:00Z,66.9,0.0,Fitbit App
2025-12-18T15:00:00Z,51.4,0.0,Fitbit App
2025-12-18T15:10:00Z,97.6,0.0,Fitbit App
2025-12-18T15:15:00Z,76.6,0.0,Fitbit App
2025-12-18T15:20:00Z,65.7,0.0,Fitbit App
2025-12-18T15:25:00Z,88.7,0.0,Fitbit App
2025-12-18T15:30:00Z,48.9,0.0,Fitbit App
2025-12-18T15:40:00Z,72.6,0.0,Fitbit App
2025-12-18T15:45:00Z,66.2,0.0,Fitbit App
2025-12-18T15:50:00Z,80.7,0.0,Fitbit App
2025-12-18T15:55:00Z,73.3,0.0,Fitbit App
2025-12-18T16:00:00Z,54.0,0.0,Fitbit App
2025-12-18T16:05:00Z,43.7,0.0,Fitbit App
2025-12-18T16:10:00Z,40.2,0.0,Fitbit App
2025-12-18T16:15:00Z,45.3,0.0,Fitbit App
2025-12-18T16:20:00Z,41.2,0.0,Fitbit App
2025-12-18T16:25:00Z,61.6,0.0,Fitbit App
2025-12-18T16:30:00Z,63.1,0.0,Fitbit App
2025-12-18T16:35:00Z,59.0,0.0,Fitbit App
2025-12-18T16:40:00Z,32.7,0.0,Fitbit App
2025-12-18T16:45:00Z,64.2,0.0,Fitbit App
2025-12-18T16:50:00Z,77.4,0.0,Fitbit App
2025-12-18T16:55:00Z,83.8,0.0,Fitbit App
2025-12-18T17:00:00Z,56.0,0.0,Fitbit App
2025-12-18T17:05:00Z,47.7,0.0,Fitbit App
2025-12-18T17:10:00Z,38.0,0.0,Fitbit App
2025-12-18T17:15:00Z,44.9,0.0,Fitbit App
2025-12-18T17:20:00Z,54.6,0.0,Fitbit App
2025-12-18T17:25:00Z,104.0,0.0,Fitbit App
2025-12-18T17:30:00Z,85.8,0.0,Fitbit App
2025-12-18T17:35:00Z,68.6,0.0,Fitbit App
2025-12-18T17:40:00Z,59.5,0.0,Fitbit App
2025-12-18T17:45:00Z,53.4,0.0,Fitbit App
2025-12-18T17:50:00Z,62.5,0.0,Fitbit App
2025-12-18T17:55:00Z,69.3,0.0,Fitbit App
2025-12-18T18:00:00Z,62.6,0.0,Fitbit App
2025-12-18T18:05:00Z,57.4,0.0,Fitbit App
2025-12-18T18:10:00Z,100.9,0.0,Fitbit App
2025-12-18T18:15:00Z,92.6,0.0,Fitbit App
2025-12-18T18:20:00Z,90.0,0.0,Fitbit App
2025-12-18T18:30:00Z,79.3,0.0,Fitbit App
2025-12-18T18:35:00Z,85.0,0.0,Fitbit App
2025-12-18T18:40:00Z,73.8,0.0,Fitbit App
2025-12-18T18:45:00Z,50.5,0.0,Fitbit App
2025-12-18T18:50:00Z,27.3,0.0,Fitbit App
2025-12-19T10:05:00Z,68.3,0.0,Fitbit App
2025-12-19T10:10:00Z,63.8,0.0,Fitbit App
2025-12-19T10:15:00Z,49.0,0.0,Fitbit App
2025-12-19T10:20:00Z,53.0,0.0,Fitbit App
2025-12-19T10:25:00Z,55.4,0.0,Fitbit App
2025-12-19T10:30:00Z,60.8,0.0,Fitbit App
2025-12-19T10:35:00Z,53.5,0.0,Fitbit App
2025-12-19T10:40:00Z,51.5,0.0,Fitbit App
2025-12-19T10:45:00Z,50.8,0.0,Fitbit App
2025-12-19T10:55:00Z,75.6,0.0,Fitbit App
2025-12-19T11:00:00Z,70.7,0.0,Fitbit App
2025-12-19T11:05:00Z,54.3,0.0,Fitbit App
2025-12-19T11:10:00Z,45.7,0.0,Fitbit App
2025-12-19T11:15:00Z,49.2,0.0,Fitbit App
2025-12-19T11:20:00Z,50.9,0.0,Fitbit App
2025-12-19T11:25:00Z,50.3,0.0,Fitbit App
2025-12-19T11:30:00Z,59.2,0.0,Fitbit App
2025-12-19T11:35:00Z,59.9,0.0,Fitbit App
2025-12-19T11:40:00Z,83.7,0.0,Fitbit App
2025-12-19T11:45:00Z,96.8,0.0,Fitbit App
2025-12-19T11:50:00Z,98.9,0.0,Fitbit App
2025-12-19T11:55:00Z,95.6,0.0,Fitbit App
2025-12-19T12:00:00Z,70.8,0.0,Fitbit App
2025-12-19T12:05:00Z,35.8,0.0,Fitbit App
2025-12-19T12:10:00Z,36.3,0.0,Fitbit App
2025-12-19T12:15:00Z,30.5,0.0,Fitbit App
2025-12-19T12:20:00Z,33.5,0.0,Fitbit App
2025-12-19T12:25:00Z,37.7,0.0,Fitbit App
2025-12-19T12:30:00Z,45.0,0.0,Fitbit App
2025-12-19T12:35:00Z,20.3,0.0,Fitbit App
2025-12-19T12:55:00Z,50.8,0.0,Fitbit App
2025-12-19T13:00:00Z,49.5,0.0,Fitbit App
2025-12-19T13:05:00Z,58.1,0.0,Fitbit App
2025-12-19T13:10:00Z,57.7,0.0,Fitbit App
2025-12-19T13:15:00Z,52.9,0.0,Fitbit App
2025-12-19T13:20:00Z,54.8,0.0,Fitbit App
2025-12-19T13:25:00Z,79.7,0.0,Fitbit App
2025-12-19T13:30:00Z,109.3,0.0,Fitbit App
2025-12-19T13:35:00Z,85.5,0.0,Fitbit App
2025-12-19T13:40:00Z,80.2,0.0,Fitbit App
2025-12-19T13:45:00Z,101.0,0.0,Fitbit App
2025-12-19T13:50:00Z,99.1,0.0,Fitbit App
2025-12-19T13:55:00Z,103.0,0.0,Fitbit App
2025-12-19T14:00:00Z,82.6,0.0,Fitbit App
2025-12-19T14:05:00Z,70.6,0.0,Fitbit App
2025-12-19T14:10:00Z,91.7,0.0,Fitbit App
2025-12-19T14:15:00Z,46.9,0.0,Fitbit App
2025-12-19T14:20:00Z,91.0,0.0,Fitbit App
2025-12-19T14:25:00Z,120.7,0.0,Fitbit App
2025-12-19T14:30:00Z,116.2,0.0,Fitbit App
2025-12-19T14:35:00Z,100.2,0.0,Fitbit App
2025-12-19T14:40:00Z,120.5,0.0,Fitbit App
2025-12-19T14:45:00Z,116.1,0.0,Fitbit App
2025-12-19T14:50:00Z,111.6,0.0,Fitbit App
2025-12-19T14:55:00Z,120.4,0.0,Fitbit App
2025-12-19T15:10:00Z,159.8,0.0,Fitbit App
2025-12-19T15:15:00Z,90.4,0.0,Fitbit App
2025-12-19T15:20:00Z,83.2,0.0,Fitbit App
2025-12-19T15:25:00Z,84.0,0.0,Fitbit App
2025-12-19T15:30:00Z,88.3,0.0,Fitbit App
2025-12-19T15:35:00Z,71.8,0.0,Fitbit App
2025-12-19T15:40:00Z,104.0,0.0,Fitbit App
2025-12-19T15:45:00Z,120.7,0.0,Fitbit App
2025-12-19T15:50:00Z,112.4,0.0,Fitbit App
2025-12-19T15:55:00Z,123.6,0.0,Fitbit App
2025-12-19T16:00:00Z,128.6,0.0,Fitbit App
2025-12-19T16:05:00Z,93.9,0.0,Fitbit App
2025-12-19T16:10:00Z,142.1,0.0,Fitbit App
2025-12-19T16:15:00Z,147.9,0.0,Fitbit App
2025-12-19T16:20:00Z,157.3,0.0,Fitbit App
2025-12-19T16:25:00Z,134.7,0.0,Fitbit App
2025-12-19T16:30:00Z,142.3,0.0,Fitbit App
2025-12-19T16:35:00Z,126.9,0.0,Fitbit App
2025-12-19T16:40:00Z,135.1,0.0,Fitbit App
2025-12-19T16:55:00Z,105.7,0.0,Fitbit App
2025-12-19T17:00:00Z,68.6,0.0,Fitbit App
2025-12-19T17:05:00Z,116.5,0.0,Fitbit App
2025-12-19T17:10:00Z,113.8,0.0,Fitbit App
2025-12-19T17:15:00Z,101.7,0.0,Fitbit App
2025-12-19T17:20:00Z,112.5,0.0,Fitbit App
2025-12-19T17:25:00Z,122.4,0.0,Fitbit App
2025-12-19T17:30:00Z,109.9,0.0,Fitbit App
2025-12-19T17:35:00Z,116.1,0.0,Fitbit App
2025-12-19T17:40:00Z,130.1,0.0,Fitbit App
2025-12-19T17:45:00Z,111.6,0.0,Fitbit App
2025-12-19T17:55:00Z,104.5,0.0,Fitbit App
2025-12-19T18:00:00Z,114.7,0.0,Fitbit App
2025-12-19T18:05:00Z,106.1,0.0,Fitbit App
2025-12-19T18:10:00Z,104.9,0.0,Fitbit App
2025-12-19T18:20:00Z,90.3,0.0,Fitbit App
2025-12-19T18:25:00Z,90.5,0.0,Fitbit App
2025-12-19T18:30:00Z,84.0,0.0,Fitbit App
2025-12-19T18:35:00Z,73.6,0.0,Fitbit App
2025-12-19T18:40:00Z,81.9,0.0,Fitbit App
2025-12-19T18:45:00Z,106.3,0.0,Fitbit App
2025-12-19T18:50:00Z,111.0,0.0,Fitbit App
2025-12-19T18:55:00Z,116.4,0.0,Fitbit App
2025-12-21T10:30:00Z,56.9,0.0,Fitbit App
2025-12-21T10:35:00Z,58.5,0.0,Fitbit App
2025-12-21T10:40:00Z,54.6,0.0,Fitbit App
2025-12-21T10:45:00Z,61.0,0.0,Fitbit App
2025-12-21T10:50:00Z,58.7,0.0,Fitbit App
2025-12-21T10:55:00Z,55.8,0.0,Fitbit App
2025-12-21T11:00:00Z,58.9,0.0,Fitbit App
2025-12-21T11:05:00Z,69.8,0.0,Fitbit App
2025-12-21T11:10:00Z,83.8,0.0,Fitbit App
2025-12-21T11:15:00Z,96.4,0.0,Fitbit App
2025-12-21T11:20:00Z,100.1,0.0,Fitbit App
2025-12-21T11:25:00Z,100.2,0.0,Fitbit App
2025-12-21T11:30:00Z,116.5,0.0,Fitbit App
2025-12-21T11:35:00Z,100.5,0.0,Fitbit App
2025-12-21T12:25:00Z,78.9,0.0,Fitbit App
2025-12-21T12:30:00Z,64.0,0.0,Fitbit App
2025-12-21T12:35:00Z,62.0,0.0,Fitbit App
2025-12-21T12:40:00Z,63.9,0.0,Fitbit App
2025-12-21T12:45:00Z,67.8,0.0,Fitbit App
2025-12-21T12:50:00Z,47.5,0.0,Fitbit App
2025-12-21T12:55:00Z,44.6,0.0,Fitbit App
2025-12-21T13:00:00Z,54.2,0.0,Fitbit App
2025-12-21T13:05:00Z,45.9,0.0,Fitbit App
2025-12-21T13:10:00Z,39.0,0.0,Fitbit App
2025-12-21T13:15:00Z,53.6,0.0,Fitbit App
2025-12-21T13:20:00Z,54.4,0.0,Fitbit App
2025-12-21T13:25:00Z,36.6,0.0,Fitbit App
2025-12-21T13:30:00Z,31.9,0.0,Fitbit App
2025-12-21T13:35:00Z,33.8,0.0,Fitbit App
2025-12-21T13:40:00Z,37.3,0.0,Fitbit App
2025-12-21T13:45:00Z,45.0,0.0,Fitbit App
2025-12-21T13:50:00Z,40.7,0.0,Fitbit App
2025-12-21T13:55:00Z,48.7,0.0,Fitbit App
2025-12-21T14:00:00Z,55.6,0.0,Fitbit App
2025-12-21T14:05:00Z,64.7,0.0,Fitbit App
2025-12-21T14:10:00Z,72.3,0.0,Fitbit App
2025-12-21T14:15:00Z,79.7,0.0,Fitbit App
2025-12-21T14:20:00Z,78.7,0.0,Fitbit App
2025-12-21T14:25:00Z,110.1,0.0,Fitbit App
2025-12-21T14:30:00Z,86.9,0.0,Fitbit App
2025-12-21T14:35:00Z,81.6,0.0,Fitbit App
2025-12-21T14:40:00Z,63.4,0.0,Fitbit App
2025-12-21T14:45:00Z,57.2,0.0,Fitbit App
2025-12-21T14:50:00Z,72.1,0.0,Fitbit App
2025-12-21T14:55:00Z,79.6,0.0,Fitbit App
2025-12-21T15:00:00Z,41.7,0.0,Fitbit App
2025-12-21T15:05:00Z,38.2,0.0,Fitbit App
2025-12-21T15:10:00Z,55.8,0.0,Fitbit App
2025-12-21T15:15:00Z,61.2,0.0,Fitbit App
2025-12-21T15:20:00Z,48.1,0.0,Fitbit App
2025-12-21T15:25:00Z,55.0,0.0,Fitbit App
2025-12-21T15:30:00Z,69.0,0.0,Fitbit App
2025-12-21T15:35:00Z,57.6,0.0,Fitbit App
2025-12-21T15:40:00Z,74.1,0.0,Fitbit App
2025-12-21T15:45:00Z,66.6,0.0,Fitbit App
2025-12-21T15:50:00Z,76.9,0.0,Fitbit App
2025-12-21T15:55:00Z,85.4,0.0,Fitbit App
2025-12-21T16:00:00Z,102.8,0.0,Fitbit App
2025-12-21T16:20:00Z,73.6,0.0,Fitbit App
2025-12-21T16:25:00Z,98.5,0.0,Fitbit App
2025-12-21T16:30:00Z,77.5,0.0,Fitbit App
2025-12-21T16:35:00Z,86.3,0.0,Fitbit App
2025-12-21T16:40:00Z,75.9,0.0,Fitbit App
2025-12-21T16:45:00Z,84.4,0.0,Fitbit App
2025-12-21T16:50:00Z,60.1,0.0,Fitbit App
2025-12-21T16:55:00Z,45.9,0.0,Fitbit App
2025-12-21T17:00:00Z,74.8,0.0,Fitbit App
2025-12-21T17:05:00Z,47.4,0.0,Fitbit App
2025-12-21T17:10:00Z,48.4,0.0,Fitbit App
2025-12-21T17:15:00Z,62.8,0.0,Fitbit App
2025-12-21T17:20:00Z,79.6,0.0,Fitbit App
2025-12-21T17:25:00Z,87.2,0.0,Fitbit App
2025-12-21T17:30:00Z,102.7,0.0,Fitbit App
2025-12-21T17:35:00Z,84.6,0.0,Fitbit App
2025-12-21T17:40:00Z,89.0,0.0,Fitbit App
2025-12-21T17:45:00Z,72.5,0.0,Fitbit App
2025-12-21T17:50:00Z,86.3,0.0,Fitbit App
2025-12-21T17:55:00Z,92.1,0.0,Fitbit App
2025-12-21T18:00:00Z,87.5,0.0,Fitbit App
2025-12-21T18:05:00Z,81.2,0.0,Fitbit App
2025-12-21T18:10:00Z,90.5,0.0,Fitbit App
2025-12-21T18:15:00Z,84.2,0.0,Fitbit App
2025-12-21T18:20:00Z,83.5,0.0,Fitbit App
2025-12-21T18:25:00Z,112.3,0.0,Fitbit App
2025-12-21T18:30:00Z,87.5,0.0,Fitbit App
2025-12-21T18:35:00Z,112.4,0.0,Fitbit App
2025-12-21T18:40:00Z,85.9,0.0,Fitbit App
2025-12-21T18:45:00Z,73.0,0.0,Fitbit App
2025-12-21T18:50:00Z,75.3,0.0,Fitbit App
2025-12-21T18:55:00Z,76.0,0.0,Fitbit App
2025-12-21T19:00:00Z,76.9,0.0,Fitbit App
2025-12-21T19:05:00Z,101.9,0.0,Fitbit App
2025-12-21T19:10:00Z,64.5,0.0,Fitbit App
2025-12-21T19:15:00Z,73.1,0.0,Fitbit App
2025-12-21T19:20:00Z,114.8,0.0,Fitbit App
2025-12-21T19:25:00Z,120.2,0.0,Fitbit App
2025-12-21T19:30:00Z,100.7,0.0,Fitbit App
2025-12-21T19:35:00Z,80.4,0.0,Fitbit App
2025-12-21T19:40:00Z,61.3,0.0,Fitbit App
2025-12-21T19:45:00Z,38.1,0.0,Fitbit App
2025-12-21T19:50:00Z,84.4,0.0,Fitbit App
2025-12-24T11:25:00Z,82.3,0.0,Fitbit App
2025-12-24T11:30:00Z,83.3,0.0,Fitbit App
2025-12-24T11:35:00Z,81.9,0.0,Fitbit App
2025-12-24T11:40:00Z,84.7,0.0,Fitbit App
2025-12-24T11:45:00Z,90.4,0.0,Fitbit App
2025-12-24T11:50:00Z,106.9,0.0,Fitbit App
2025-12-24T11:55:00Z,81.3,0.0,Fitbit App
2025-12-24T12:00:00Z,90.8,0.0,Fitbit App
2025-12-24T12:05:00Z,90.8,0.0,Fitbit App
2025-12-24T12:10:00Z,94.6,0.0,Fitbit App
2025-12-24T12:15:00Z,81.1,0.0,Fitbit App
2025-12-24T12:20:00Z,55.0,0.0,Fitbit App
2025-12-24T12:25:00Z,78.7,0.0,Fitbit App
2025-12-24T12:30:00Z,70.5,0.0,Fitbit App
2025-12-24T12:35:00Z,74.8,0.0,Fitbit App
2025-12-24T12:40:00Z,85.0,0.0,Fitbit App
2025-12-24T12:45:00Z,76.0,0.0,Fitbit App
2025-12-24T12:50:00Z,71.2,0.0,Fitbit App
2025-12-24T12:55:00Z,80.2,0.0,Fitbit App
2025-12-24T13:00:00Z,86.6,0.0,Fitbit App
2025-12-24T13:05:00Z,83.8,0.0,Fitbit App
2025-12-24T13:10:00Z,99.2,0.0,Fitbit App
2025-12-24T13:15:00Z,90.2,0.0,Fitbit App
2025-12-24T13:20:00Z,71.5,0.0,Fitbit App
2025-12-24T13:25:00Z,82.4,0.0,Fitbit App
2025-12-24T13:30:00Z,84.6,0.0,Fitbit App
2025-12-24T13:35:00Z,85.8,0.0,Fitbit App
2025-12-24T13:40:00Z,83.3,0.0,Fitbit App
2025-12-24T13:45:00Z,82.1,0.0,Fitbit App
2025-12-24T13:50:00Z,85.5,0.0,Fitbit App
2025-12-24T13:55:00Z,99.1,0.0,Fitbit App
2025-12-24T14:05:00Z,53.5,0.0,Fitbit App
2025-12-24T14:10:00Z,43.9,0.0,Fitbit App
2025-12-24T14:15:00Z,36.3,0.0,Fitbit App
2025-12-24T14:20:00Z,50.8,0.0,Fitbit App
2025-12-24T14:25:00Z,95.8,0.0,Fitbit App
2025-12-24T14:30:00Z,104.1,0.0,Fitbit App
2025-12-24T14:35:00Z,92.8,0.0,Fitbit App
2025-12-24T14:40:00Z,107.1,0.0,Fitbit App
2025-12-24T14:45:00Z,92.7,0.0,Fitbit App
2025-12-24T14:50:00Z,109.0,0.0,Fitbit App
2025-12-24T14:55:00Z,99.9,0.0,Fitbit App
2025-12-24T15:00:00Z,91.3,0.0,Fitbit App
2025-12-24T15:05:00Z,102.3,0.0,Fitbit App
2025-12-24T15:10:00Z,89.2,0.0,Fitbit App
2025-12-24T15:15:00Z,89.0,0.0,Fitbit App
2025-12-24T15:20:00Z,76.8,0.0,Fitbit App
2025-12-24T15:25:00Z,80.1,0.0,Fitbit App
2025-12-24T15:30:00Z,92.8,0.0,Fitbit App
2025-12-24T15:35:00Z,93.9,0.0,Fitbit App
2025-12-24T15:40:00Z,122.3,0.0,Fitbit App
2025-12-24T15:55:00Z,93.1,0.0,Fitbit App
2025-12-24T16:00:00Z,112.9,0.0,Fitbit App
2025-12-24T16:05:00Z,115.3,0.0,Fitbit App
2025-12-24T16:15:00Z,128.0,0.0,Fitbit App
2025-12-24T16:20:00Z,114.1,0.0,Fitbit App
2025-12-24T16:25:00Z,79.5,0.0,Fitbit App
2025-12-24T16:30:00Z,82.0,0.0,Fitbit App
2025-12-24T16:35:00Z,78.9,0.0,Fitbit App
2025-12-24T16:40:00Z,87.9,0.0,Fitbit App
2025-12-24T16:45:00Z,92.4,0.0,Fitbit App
2025-12-24T16:50:00Z,91.5,0.0,Fitbit App
2025-12-24T16:55:00Z,135.6,0.0,Fitbit App
2025-12-24T17:00:00Z,113.8,0.0,Fitbit App
2025-12-24T17:05:00Z,113.0,0.0,Fitbit App
2025-12-24T17:10:00Z,127.4,0.0,Fitbit App
2025-12-24T17:15:00Z,126.5,0.0,Fitbit App
2025-12-24T17:20:00Z,101.6,0.0,Fitbit App
2025-12-24T17:25:00Z,86.8,0.0,Fitbit App
2025-12-24T17:30:00Z,109.7,0.0,Fitbit App
2025-12-24T17:35:00Z,69.3,0.0,Fitbit App
2025-12-24T17:40:00Z,83.3,0.0,Fitbit App
2025-12-24T17:45:00Z,104.2,0.0,Fitbit App
2025-12-24T17:50:00Z,81.5,0.0,Fitbit App
2025-12-25T08:00:00Z,76.2,0.0,Fitbit App
2025-12-25T08:05:00Z,82.2,0.0,Fitbit App
2025-12-25T08:10:00Z,81.2,0.0,Fitbit App
2025-12-25T08:15:00Z,72.6,0.0,Fitbit App
2025-12-25T08:20:00Z,72.0,0.0,Fitbit App
2025-12-25T08:30:00Z,68.6,0.0,Fitbit App
2025-12-25T08:35:00Z,78.2,0.0,Fitbit App
2025-12-25T08:40:00Z,74.8,0.0,Fitbit App
2025-12-25T08:45:00Z,74.3,0.0,Fitbit App
2025-12-25T08:50:00Z,61.9,0.0,Fitbit App
2025-12-25T08:55:00Z,65.0,0.0,Fitbit App
2025-12-25T09:00:00Z,72.1,0.0,Fitbit App
2025-12-25T09:05:00Z,65.0,0.0,Fitbit App
2025-12-25T09:10:00Z,41.0,0.0,Fitbit App
2025-12-25T09:15:00Z,63.6,0.0,Fitbit App
2025-12-25T09:20:00Z,78.9,0.0,Fitbit App
2025-12-25T09:25:00Z,84.4,0.0,Fitbit App
2025-12-25T09:30:00Z,86.2,0.0,Fitbit App
2025-12-25T09:35:00Z,78.8,0.0,Fitbit App
2025-12-25T09:40:00Z,69.4,0.0,Fitbit App
2025-12-25T09:45:00Z,139.4,0.0,Fitbit App
2025-12-25T09:50:00Z,60.9,0.0,Fitbit App
2025-12-25T09:55:00Z,52.0,0.0,Fitbit App
2025-12-25T10:00:00Z,49.6,0.0,Fitbit App
2025-12-25T10:05:00Z,47.8,0.0,Fitbit App
2025-12-25T10:10:00Z,56.0,0.0,Fitbit App
2025-12-25T10:15:00Z,56.0,0.0,Fitbit App
2025-12-25T10:20:00Z,81.0,0.0,Fitbit App
2025-12-25T10:25:00Z,105.4,0.0,Fitbit App
2025-12-25T10:30:00Z,92.2,0.0,Fitbit App
2025-12-25T10:35:00Z,73.9,0.0,Fitbit App
2025-12-25T10:40:00Z,93.1,0.0,Fitbit App
2025-12-25T10:45:00Z,95.1,0.0,Fitbit App
2025-12-25T10:50:00Z,120.4,0.0,Fitbit App
2025-12-25T10:55:00Z,100.6,0.0,Fitbit App
2025-12-25T11:00:00Z,115.3,0.0,Fitbit App
2025-12-25T11:05:00Z,106.8,0.0,Fitbit App
2025-12-25T11:10:00Z,110.2,0.0,Fitbit App
2025-12-25T11:15:00Z,117.1,0.0,Fitbit App
2025-12-25T11:20:00Z,100.6,0.0,Fitbit App
2025-12-25T11:25:00Z,102.9,0.0,Fitbit App
2025-12-25T11:30:00Z,109.3,0.0,Fitbit App
2025-12-25T11:35:00Z,67.8,0.0,Fitbit App
2025-12-25T12:00:00Z,52.8,0.0,Fitbit App
2025-12-25T12:10:00Z,89.3,0.0,Fitbit App
2025-12-25T12:15:00Z,89.4,0.0,Fitbit App
2025-12-25T12:20:00Z,120.3,0.0,Fitbit App
2025-12-25T12:25:00Z,123.7,0.0,Fitbit App
2025-12-25T12:30:00Z,129.5,0.0,Fitbit App
2025-12-25T12:35:00Z,155.8,0.0,Fitbit App
2025-12-25T12:40:00Z,117.2,0.0,Fitbit App
2025-12-25T13:05:00Z,89.4,0.0,Fitbit App
2025-12-25T13:10:00Z,102.3,0.0,Fitbit App
2025-12-25T13:15:00Z,123.6,0.0,Fitbit App
2025-12-25T13:20:00Z,118.4,0.0,Fitbit App
2025-12-26T11:40:00Z,70.7,0.0,Fitbit App
2025-12-26T11:45:00Z,82.7,0.0,Fitbit App
2025-12-26T11:50:00Z,86.9,0.0,Fitbit App
2025-12-26T11:55:00Z,95.3,0.0,Fitbit App
2025-12-26T12:00:00Z,100.5,0.0,Fitbit App
2025-12-26T12:05:00Z,110.1,0.0,Fitbit App
2025-12-26T12:10:00Z,98.7,0.0,Fitbit App
2025-12-26T12:15:00Z,108.0,0.0,Fitbit App
2025-12-26T12:20:00Z,100.6,0.0,Fitbit App
2025-12-26T12:25:00Z,98.9,0.0,Fitbit App
2025-12-26T12:30:00Z,108.3,0.0,Fitbit App
2025-12-26T12:35:00Z,87.6,0.0,Fitbit App
2025-12-26T12:40:00Z,114.5,0.0,Fitbit App
2025-12-26T12:45:00Z,73.4,0.0,Fitbit App
2025-12-26T12:50:00Z,52.9,0.0,Fitbit App
2025-12-26T12:55:00Z,80.8,0.0,Fitbit App
2025-12-26T13:00:00Z,65.5,0.0,Fitbit App
2025-12-26T13:05:00Z,61.0,0.0,Fitbit App
2025-12-26T13:10:00Z,72.7,0.0,Fitbit App
2025-12-26T13:15:00Z,76.9,0.0,Fitbit App
2025-12-26T13:20:00Z,91.9,0.0,Fitbit App
2025-12-26T13:25:00Z,107.7,0.0,Fitbit App
2025-12-26T13:30:00Z,110.8,0.0,Fitbit App
2025-12-26T13:35:00Z,103.3,0.0,Fitbit App
2025-12-26T13:40:00Z,99.1,0.0,Fitbit App
2025-12-26T13:45:00Z,85.2,0.0,Fitbit App
2025-12-26T13:50:00Z,74.0,0.0,Fitbit App
2025-12-26T13:55:00Z,36.6,0.0,Fitbit App
2025-12-26T14:00:00Z,46.5,0.0,Fitbit App
2025-12-26T14:05:00Z,43.2,0.0,Fitbit App
2025-12-26T14:10:00Z,75.4,0.0,Fitbit App
2025-12-26T14:20:00Z,84.7,0.0,Fitbit App
2025-12-26T14:25:00Z,83.8,0.0,Fitbit App
2025-12-26T14:30:00Z,89.4,0.0,Fitbit App
2025-12-26T14:35:00Z,116.5,0.0,Fitbit App
2025-12-26T14:40:00Z,101.1,0.0,Fitbit App
2025-12-27T09:40:00Z,56.7,0.0,Fitbit App
2025-12-27T09:45:00Z,69.7,0.0,Fitbit App
2025-12-27T09:50:00Z,57.7,0.0,Fitbit App
2025-12-27T09:55:00Z,52.9,0.0,Fitbit App
2025-12-27T10:00:00Z,62.0,0.0,Fitbit App
2025-12-27T10:05:00Z,58.4,0.0,Fitbit App
2025-12-27T10:10:00Z,61.9,0.0,Fitbit App
2025-12-27T10:15:00Z,54.4,0.0,Fitbit App
2025-12-27T10:20:00Z,46.4,0.0,Fitbit App
2025-12-27T10:25:00Z,52.1,0.0,Fitbit App
2025-12-27T10:30:00Z,46.0,0.0,Fitbit App
2025-12-27T10:35:00Z,45.3,0.0,Fitbit App
2025-12-27T10:40:00Z,42.1,0.0,Fitbit App
2025-12-27T10:45:00Z,48.9,0.0,Fitbit App
2025-12-27T10:50:00Z,43.4,0.0,Fitbit App
2025-12-27T10:55:00Z,30.9,0.0,Fitbit App
2025-12-27T11:00:00Z,34.3,0.0,Fitbit App
2025-12-27T11:05:00Z,26.7,0.0,Fitbit App
2025-12-27T11:10:00Z,49.8,0.0,Fitbit App
2025-12-27T11:15:00Z,61.0,0.0,Fitbit App
2025-12-27T11:20:00Z,52.8,0.0,Fitbit App
2025-12-27T11:25:00Z,53.9,0.0,Fitbit App
2025-12-27T11:30:00Z,61.8,0.0,Fitbit App
2025-12-27T11:35:00Z,62.9,0.0,Fitbit App
2025-12-27T11:40:00Z,59.0,0.0,Fitbit App
2025-12-27T11:45:00Z,60.8,0.0,Fitbit App
2025-12-27T11:50:00Z,64.3,0.0,Fitbit App
2025-12-27T11:55:00Z,69.2,0.0,Fitbit App
2025-12-27T12:00:00Z,74.7,0.0,Fitbit App
2025-12-27T12:05:00Z,66.5,0.0,Fitbit App
2025-12-27T12:10:00Z,40.6,0.0,Fitbit App
2025-12-27T12:15:00Z,42.0,0.0,Fitbit App
2025-12-27T12:20:00Z,22.5,0.0,Fitbit App
2025-12-27T12:25:00Z,60.0,0.0,Fitbit App
2025-12-27T12:30:00Z,64.4,0.0,Fitbit App
2025-12-27T12:35:00Z,65.0,0.0,Fitbit App
2025-12-27T12:40:00Z,52.0,0.0,Fitbit App
2025-12-27T12:45:00Z,60.3,0.0,Fitbit App
2025-12-27T12:50:00Z,73.4,0.0,Fitbit App
2025-12-27T12:55:00Z,81.9,0.0,Fitbit App
2025-12-27T13:00:00Z,67.4,0.0,Fitbit App
2025-12-27T13:05:00Z,99.0,0.0,Fitbit App
2025-12-27T13:10:00Z,90.5,0.0,Fitbit App
2025-12-27T13:15:00Z,93.8,0.0,Fitbit App
2025-12-27T13:20:00Z,83.5,0.0,Fitbit App
2025-12-27T13:25:00Z,68.7,0.0,Fitbit App
2025-12-27T13:30:00Z,75.7,0.0,Fitbit App
2025-12-27T13:35:00Z,87.5,0.0,Fitbit App
2025-12-27T13:40:00Z,67.3,0.0,Fitbit App
2025-12-27T13:45:00Z,59.7,0.0,Fitbit App
2025-12-27T13:50:00Z,58.8,0.0,Fitbit App
2025-12-27T13:55:00Z,49.2,0.0,Fitbit App
2025-12-27T14:00:00Z,55.8,0.0,Fitbit App
2025-12-27T14:05:00Z,66.3,0.0,Fitbit App
2025-12-27T14:15:00Z,92.6,0.0,Fitbit App
2025-12-27T14:20:00Z,90.7,0.0,Fitbit App
2025-12-27T14:25:00Z,154.7,0.0,Fitbit App
2025-12-27T14:30:00Z,125.3,0.0,Fitbit App
2025-12-27T14:35:00Z,158.2,0.0,Fitbit App
2025-12-27T14:40:00Z,142.4,0.0,Fitbit App
2025-12-27T14:45:00Z,94.2,0.0,Fitbit App
2025-12-27T14:50:00Z,96.2,0.0,Fitbit App
2025-12-27T14:55:00Z,132.4,0.0,Fitbit App
2025-12-27T15:00:00Z,114.0,0.0,Fitbit App
2025-12-27T15:05:00Z,130.9,0.0,Fitbit App
2025-12-27T15:10:00Z,139.0,0.0,Fitbit App
2025-12-27T15:15:00Z,112.2,0.0,Fitbit App
2025-12-27T15:20:00Z,86.2,0.0,Fitbit App
2025-12-27T15:25:00Z,79.4,0.0,Fitbit App
2025-12-27T15:30:00Z,67.7,0.0,Fitbit App
2025-12-27T15:35:00Z,84.8,0.0,Fitbit App
2025-12-27T15:40:00Z,103.9,0.0,Fitbit App
2025-12-28T07:10:00Z,69.3,0.0,Fitbit App
2025-12-28T07:15:00Z,117.0,0.0,Fitbit App
2025-12-28T07:20:00Z,81.8,0.0,Fitbit App
2025-12-28T07:25:00Z,63.6,0.0,Fitbit App
2025-12-28T07:30:00Z,76.4,0.0,Fitbit App
2025-12-28T07:35:00Z,88.2,0.0,Fitbit App
2025-12-28T07:40:00Z,69.0,0.0,Fitbit App
2025-12-28T07:45:00Z,61.2,0.0,Fitbit App
2025-12-28T07:50:00Z,61.6,0.0,Fitbit App
2025-12-28T07:55:00Z,73.6,0.0,Fitbit App
2025-12-28T08:00:00Z,63.7,0.0,Fitbit App
2025-12-28T08:05:00Z,42.4,0.0,Fitbit App
2025-12-28T08:10:00Z,25.4,0.0,Fitbit App
2025-12-28T08:15:00Z,38.2,0.0,Fitbit App
2025-12-28T08:20:00Z,64.5,0.0,Fitbit App
2025-12-28T08:25:00Z,80.9,0.0,Fitbit App
2025-12-28T08:30:00Z,74.1,0.0,Fitbit App
2025-12-28T08:35:00Z,83.7,0.0,Fitbit App
2025-12-28T08:40:00Z,89.7,0.0,Fitbit App
2025-12-28T08:45:00Z,81.0,0.0,Fitbit App
2025-12-28T08:50:00Z,83.6,0.0,Fitbit App
2025-12-28T08:55:00Z,76.9,0.0,Fitbit App
2025-12-28T09:00:00Z,88.0,0.0,Fitbit App
2025-12-28T09:05:00Z,79.7,0.0,Fitbit App
2025-12-28T09:10:00Z,90.6,0.0,Fitbit App
2025-12-28T09:15:00Z,78.7,0.0,Fitbit App
2025-12-28T09:20:00Z,84.7,0.0,Fitbit App
2025-12-28T09:25:00Z,77.9,0.0,Fitbit App
2025-12-28T09:30:00Z,95.4,0.0,Fitbit App
2025-12-28T09:35:00Z,89.7,0.0,Fitbit App
2025-12-28T09:40:00Z,96.7,0.0,Fitbit App
2025-12-28T09:45:00Z,95.8,0.0,Fitbit App
2025-12-28T09:50:00Z,67.0,0.0,Fitbit App
2025-12-28T09:55:00Z,42.0,0.0,Fitbit App
2025-12-28T10:00:00Z,48.9,0.0,Fitbit App
2025-12-28T10:05:00Z,41.3,0.0,Fitbit App
2025-12-28T10:10:00Z,50.2,0.0,Fitbit App
2025-12-28T10:15:00Z,57.7,0.0,Fitbit App
2025-12-28T10:20:00Z,62.0,0.0,Fitbit App
2025-12-28T10:25:00Z,114.2,0.0,Fitbit App
2025-12-28T10:30:00Z,99.9,0.0,Fitbit App
2025-12-28T10:35:00Z,76.4,0.0,Fitbit App
2025-12-28T10:40:00Z,165.6,0.0,Fitbit App
2025-12-28T10:45:00Z,195.0,0.0,Fitbit App
2025-12-28T10:50:00Z,113.8,0.0,Fitbit App
2025-12-28T10:55:00Z,111.3,0.0,Fitbit App
2025-12-28T11:00:00Z,81.0,0.0,Fitbit App
2025-12-28T11:05:00Z,48.7,0.0,Fitbit App
2025-12-28T11:10:00Z,69.1,0.0,Fitbit App
2025-12-28T11:15:00Z,40.4,0.0,Fitbit App
2025-12-28T11:20:00Z,26.3,0.0,Fitbit App
2025-12-28T11:25:00Z,70.5,0.0,Fitbit App
2025-12-28T11:30:00Z,71.3,0.0,Fitbit App
2025-12-28T11:35:00Z,69.4,0.0,Fitbit App
2025-12-28T11:40:00Z,56.4,0.0,Fitbit App
2025-12-28T11:45:00Z,97.4,0.0,Fitbit App
2025-12-28T11:50:00Z,99.4,0.0,Fitbit App
2025-12-28T11:55:00Z,117.3,0.0,Fitbit App
2025-12-28T12:00:00Z,84.4,0.0,Fitbit App
2025-12-28T12:05:00Z,56.8,0.0,Fitbit App
2025-12-28T12:10:00Z,65.0,0.0,Fitbit App
2025-12-28T12:15:00Z,82.5,0.0,Fitbit App
2025-12-28T12:20:00Z,87.7,0.0,Fitbit App
2025-12-28T12:25:00Z,67.3,0.0,Fitbit App
2025-12-28T12:30:00Z,97.2,0.0,Fitbit App
2025-12-28T12:35:00Z,101.1,0.0,Fitbit App
2025-12-28T12:40:00Z,86.0,0.0,Fitbit App
2025-12-28T12:45:00Z,100.6,0.0,Fitbit App
2025-12-28T12:50:00Z,79.0,0.0,Fitbit App
2025-12-28T12:55:00Z,86.3,0.0,Fitbit App
2025-12-28T13:00:00Z,69.5,0.0,Fitbit App
2025-12-28T13:05:00Z,48.9,0.0,Fitbit App
2025-12-28T13:10:00Z,47.8,0.0,Fitbit App
2025-12-28T13:15:00Z,50.4,0.0,Fitbit App
2025-12-28T13:20:00Z,107.2,0.0,Fitbit App
2025-12-28T13:25:00Z,85.6,0.0,Fitbit App
2025-12-28T13:30:00Z,73.4,0.0,Fitbit App
2025-12-28T13:35:00Z,70.6,0.0,Fitbit App
2025-12-28T13:40:00Z,101.5,0.0,Fitbit App
2025-12-28T13:45:00Z,87.9,0.0,Fitbit App
2025-12-28T13:50:00Z,95.2,0.0,Fitbit App
2025-12-28T13:55:00Z,100.5,0.0,Fitbit App
2025-12-28T14:00:00Z,122.7,0.0,Fitbit App
2025-12-28T14:05:00Z,119.2,0.0,Fitbit App
2025-12-28T14:10:00Z,130.6,0.0,Fitbit App
2025-12-28T14:15:00Z,163.3,0.0,Fitbit App
2025-12-28T14:20:00Z,135.9,0.0,Fitbit App
2025-12-28T14:25:00Z,127.1,0.0,Fitbit App
2025-12-28T14:35:00Z,61.3,0.0,Fitbit App
2025-12-28T14:40:00Z,49.4,0.0,Fitbit App
2025-12-28T14:45:00Z,93.2,0.0,Fitbit App
2025-12-28T14:50:00Z,123.8,0.0,Fitbit App
2025-12-28T14:55:00Z,80.9,0.0,Fitbit App
2025-12-28T15:00:00Z,115.9,0.0,Fitbit App
2025-12-28T15:05:00Z,152.5,0.0,Fitbit App
2025-12-28T15:10:00Z,111.7,0.0,Fitbit App
2025-12-28T15:15:00Z,71.6,0.0,Fitbit App
2025-12-28T15:20:00Z,88.8,0.0,Fitbit App
2025-12-28T15:25:00Z,67.9,0.0,Fitbit App
2025-12-28T15:30:00Z,63.0,0.0,Fitbit App
2025-12-28T15:35:00Z,74.1,0.0,Fitbit App
2025-12-28T15:40:00Z,100.7,0.0,Fitbit App
2025-12-28T15:45:00Z,113.3,0.0,Fitbit App
2025-12-28T15:50:00Z,119.7,0.0,Fitbit App
2025-12-28T15:55:00Z,85.7,0.0,Fitbit App
2025-12-29T07:30:00Z,64.2,0.0,Fitbit App
2025-12-29T07:35:00Z,69.3,0.0,Fitbit App
2025-12-29T07:40:00Z,95.4,0.0,Fitbit App
2025-12-29T07:45:00Z,104.7,0.0,Fitbit App
2025-12-29T07:50:00Z,102.9,0.0,Fitbit App
2025-12-29T07:55:00Z,104.2,0.0,Fitbit App
2025-12-29T08:00:00Z,110.1,0.0,Fitbit App
2025-12-29T08:05:00Z,95.6,0.0,Fitbit App
2025-12-29T08:10:00Z,98.3,0.0,Fitbit App
2025-12-29T08:15:00Z,100.9,0.0,Fitbit App
2025-12-29T08:20:00Z,77.8,0.0,Fitbit App
2025-12-29T08:25:00Z,71.0,0.0,Fitbit App
2025-12-29T08:30:00Z,85.2,0.0,Fitbit App
2025-12-29T08:35:00Z,100.0,0.0,Fitbit App
2025-12-29T08:40:00Z,97.3,0.0,Fitbit App
2025-12-29T08:45:00Z,102.8,0.0,Fitbit App
2025-12-29T08:50:00Z,110.2,0.0,Fitbit App
2025-12-29T08:55:00Z,120.0,0.0,Fitbit App
2025-12-29T09:00:00Z,135.0,0.0,Fitbit App
2025-12-29T09:05:00Z,143.4,0.0,Fitbit App
2025-12-29T09:10:00Z,77.2,0.0,Fitbit App
2025-12-29T09:15:00Z,85.0,0.0,Fitbit App
2025-12-29T09:20:00Z,105.5,0.0,Fitbit App
2025-12-29T09:25:00Z,102.5,0.0,Fitbit App
2025-12-29T09:30:00Z,80.3,0.0,Fitbit App
2025-12-29T09:35:00Z,96.6,0.0,Fitbit App
2025-12-29T09:40:00Z,100.6,0.0,Fitbit App
2025-12-29T09:45:00Z,119.1,0.0,Fitbit App
2025-12-29T09:50:00Z,129.8,0.0,Fitbit App
2025-12-29T09:55:00Z,135.6,0.0,Fitbit App
2025-12-29T10:00:00Z,116.3,0.0,Fitbit App
2025-12-29T10:05:00Z,97.6,0.0,Fitbit App
2025-12-29T10:10:00Z,107.0,0.0,Fitbit App
2025-12-29T10:15:00Z,106.8,0.0,Fitbit App
2025-12-29T10:20:00Z,115.3,0.0,Fitbit App
2025-12-29T10:25:00Z,104.5,0.0,Fitbit App
2025-12-29T10:30:00Z,122.4,0.0,Fitbit App
2025-12-29T10:35:00Z,109.5,0.0,Fitbit App
2025-12-29T10:40:00Z,111.2,0.0,Fitbit App
2025-12-29T10:45:00Z,108.8,0.0,Fitbit App
2025-12-29T10:50:00Z,46.4,0.0,Fitbit App
2025-12-29T10:55:00Z,99.9,0.0,Fitbit App
2025-12-29T11:00:00Z,102.3,0.0,Fitbit App
2025-12-29T11:05:00Z,104.3,0.0,Fitbit App
2025-12-29T11:10:00Z,99.1,0.0,Fitbit App
2025-12-29T11:15:00Z,79.8,0.0,Fitbit App
2025-12-29T11:20:00Z,82.1,0.0,Fitbit App
2025-12-29T11:25:00Z,89.1,0.0,Fitbit App
2025-12-29T11:30:00Z,73.8,0.0,Fitbit App
2025-12-29T11:35:00Z,74.6,0.0,Fitbit App
2025-12-29T11:40:00Z,90.6,0.0,Fitbit App
2025-12-29T11:45:00Z,77.3,0.0,Fitbit App
2025-12-29T11:50:00Z,77.6,0.0,Fitbit App
2025-12-29T11:55:00Z,102.5,0.0,Fitbit App
2025-12-29T12:00:00Z,130.7,0.0,Fitbit App
2025-12-29T12:05:00Z,87.6,0.0,Fitbit App
2025-12-29T12:10:00Z,135.8,0.0,Fitbit App
2025-12-29T12:15:00Z,78.0,0.0,Fitbit App
2025-12-29T12:20:00Z,74.6,0.0,Fitbit App
2025-12-29T12:25:00Z,85.5,0.0,Fitbit App
2025-12-29T12:30:00Z,79.5,0.0,Fitbit App
2025-12-29T12:35:00Z,107.2,0.0,Fitbit App
2025-12-29T12:40:00Z,87.5,0.0,Fitbit App
2025-12-29T12:45:00Z,114.2,0.0,Fitbit App
2025-12-29T12:50:00Z,94.7,0.0,Fitbit App
2025-12-29T12:55:00Z,94.2,0.0,Fitbit App
2025-12-29T13:00:00Z,107.5,0.0,Fitbit App
2025-12-29T13:05:00Z,90.3,0.0,Fitbit App
2025-12-29T13:10:00Z,109.1,0.0,Fitbit App
2025-12-29T13:15:00Z,109.5,0.0,Fitbit App
2025-12-29T13:20:00Z,118.2,0.0,Fitbit App
2025-12-29T13:25:00Z,106.5,0.0,Fitbit App
2025-12-29T13:30:00Z,127.1,0.0,Fitbit App
2025-12-29T13:35:00Z,112.8,0.0,Fitbit App
2025-12-29T13:40:00Z,128.6,0.0,Fitbit App
2025-12-29T13:45:00Z,128.9,0.0,Fitbit App
2025-12-29T13:50:00Z,88.7,0.0,Fitbit App
2025-12-29T13:55:00Z,97.3,0.0,Fitbit App
2025-12-29T14:00:00Z,28.4,0.0,Fitbit App
2025-12-29T14:05:00Z,88.0,0.0,Fitbit App
2025-12-29T14:10:00Z,115.6,0.0,Fitbit App
2025-12-29T14:15:00Z,131.5,0.0,Fitbit App
2025-12-29T14:20:00Z,126.0,0.0,Fitbit App
2025-12-29T14:35:00Z,98.7,0.0,Fitbit App
2025-12-29T14:40:00Z,124.1,0.0,Fitbit App
2025-12-29T14:45:00Z,116.9,0.0,Fitbit App
2025-12-29T14:50:00Z,105.8,0.0,Fitbit App
2025-12-29T14:55:00Z,104.9,0.0,Fitbit App
2025-12-29T15:00:00Z,111.8,0.0,Fitbit App
2025-12-29T15:05:00Z,133.6,0.0,Fitbit App
2025-12-29T15:10:00Z,140.8,0.0,Fitbit App
2025-12-29T15:15:00Z,99.7,0.0,Fitbit App
2025-12-29T15:20:00Z,121.9,0.0,Fitbit App
2025-12-29T15:25:00Z,122.2,0.0,Fitbit App
2025-12-29T15:30:00Z,81.1,0.0,Fitbit App
2025-12-29T15:35:00Z,118.9,0.0,Fitbit App
2025-12-29T15:40:00Z,112.4,0.0,Fitbit App
2025-12-29T15:45:00Z,88.3,0.0,Fitbit App
2025-12-29T15:50:00Z,123.9,0.0,Fitbit App
2025-12-29T15:55:00Z,144.4,0.0,Fitbit App
2025-12-29T16:00:00Z,177.8,0.0,Fitbit App
2025-12-30T04:50:00Z,61.1,0.0,Fitbit App
2025-12-30T04:55:00Z,62.5,0.0,Fitbit App
2025-12-30T05:00:00Z,72.3,0.0,Fitbit App
2025-12-30T05:05:00Z,85.5,0.0,Fitbit App
2025-12-30T05:10:00Z,86.7,0.0,Fitbit App
2025-12-30T05:15:00Z,85.2,0.0,Fitbit App
2025-12-30T05:20:00Z,94.9,0.0,Fitbit App
2025-12-30T05:25:00Z,90.4,0.0,Fitbit App
2025-12-30T05:30:00Z,85.0,0.0,Fitbit App
2025-12-30T05:35:00Z,107.6,0.0,Fitbit App
2025-12-30T05:40:00Z,77.1,0.0,Fitbit App
2025-12-30T05:45:00Z,91.9,0.0,Fitbit App
2025-12-30T05:50:00Z,81.2,0.0,Fitbit App
2025-12-30T05:55:00Z,76.6,0.0,Fitbit App
2025-12-30T06:00:00Z,95.5,0.0,Fitbit App
2025-12-30T06:05:00Z,54.1,0.0,Fitbit App
2025-12-30T06:10:00Z,80.3,0.0,Fitbit App
2025-12-30T06:15:00Z,87.6,0.0,Fitbit App
2025-12-30T06:20:00Z,121.1,0.0,Fitbit App
2025-12-30T06:25:00Z,106.2,0.0,Fitbit App
2025-12-30T06:30:00Z,112.1,0.0,Fitbit App
2025-12-30T06:35:00Z,105.4,0.0,Fitbit App
2025-12-30T06:40:00Z,80.0,0.0,Fitbit App
2025-12-30T06:45:00Z,70.8,0.0,Fitbit App
2025-12-30T06:50:00Z,84.1,0.0,Fitbit App
2025-12-30T06:55:00Z,93.2,0.0,Fitbit App
2025-12-30T07:00:00Z,80.3,0.0,Fitbit App
2025-12-30T07:05:00Z,102.5,0.0,Fitbit App
2025-12-30T07:10:00Z,96.7,0.0,Fitbit App
2025-12-30T07:15:00Z,91.8,0.0,Fitbit App
2025-12-30T07:20:00Z,83.5,0.0,Fitbit App
2025-12-30T07:25:00Z,104.4,0.0,Fitbit App
2025-12-30T07:30:00Z,94.1,0.0,Fitbit App
2025-12-30T07:35:00Z,128.8,0.0,Fitbit App
2025-12-30T07:40:00Z,123.9,0.0,Fitbit App
2025-12-30T07:45:00Z,115.8,0.0,Fitbit App
2025-12-30T07:50:00Z,120.4,0.0,Fitbit App
2025-12-30T07:55:00Z,107.1,0.0,Fitbit App
2025-12-30T08:00:00Z,108.3,0.0,Fitbit App
2025-12-30T08:05:00Z,117.1,0.0,Fitbit App
2025-12-30T08:10:00Z,98.6,0.0,Fitbit App
2025-12-30T08:15:00Z,103.9,0.0,Fitbit App
2025-12-30T08:20:00Z,94.2,0.0,Fitbit App
2025-12-30T08:25:00Z,95.3,0.0,Fitbit App
2025-12-30T08:30:00Z,106.4,0.0,Fitbit App
2025-12-30T08:35:00Z,97.0,0.0,Fitbit App
2025-12-30T08:40:00Z,87.2,0.0,Fitbit App
2025-12-30T08:45:00Z,113.6,0.0,Fitbit App
2025-12-30T08:50:00Z,103.4,0.0,Fitbit App
2025-12-30T08:55:00Z,103.2,0.0,Fitbit App
2025-12-30T09:00:00Z,103.5,0.0,Fitbit App
2025-12-30T09:05:00Z,93.8,0.0,Fitbit App
2025-12-30T09:10:00Z,112.3,0.0,Fitbit App
2025-12-30T09:15:00Z,113.1,0.0,Fitbit App
2025-12-30T09:20:00Z,120.7,0.0,Fitbit App
2025-12-30T09:25:00Z,104.1,0.0,Fitbit App
2025-12-30T09:30:00Z,84.4,0.0,Fitbit App
2025-12-30T09:35:00Z,89.8,0.0,Fitbit App
2025-12-30T09:40:00Z,108.0,0.0,Fitbit App
2025-12-30T09:45:00Z,104.7,0.0,Fitbit App
2025-12-30T09:50:00Z,110.3,0.0,Fitbit App
2025-12-30T09:55:00Z,114.5,0.0,Fitbit App
2025-12-30T10:00:00Z,121.6,0.0,Fitbit App
2025-12-30T10:05:00Z,98.9,0.0,Fitbit App
2025-12-30T10:10:00Z,103.5,0.0,Fitbit App
2025-12-30T10:15:00Z,117.5,0.0,Fitbit App
2025-12-30T10:20:00Z,106.9,0.0,Fitbit App
2025-12-30T10:25:00Z,127.8,0.0,Fitbit App
2025-12-30T10:30:00Z,127.4,0.0,Fitbit App
2025-12-30T10:35:00Z,106.2,0.0,Fitbit App
2025-12-30T10:40:00Z,106.8,0.0,Fitbit App
2025-12-30T10:45:00Z,91.7,0.0,Fitbit App
2025-12-30T10:50:00Z,66.0,0.0,Fitbit App
2025-12-30T10:55:00Z,27.7,0.0,Fitbit App
2025-12-31T07:20:00Z,95.5,0.0,Fitbit App
2025-12-31T07:25:00Z,70.4,0.0,Fitbit App
2025-12-31T07:30:00Z,73.1,0.0,Fitbit App
2025-12-31T07:35:00Z,112.9,0.0,Fitbit App
2025-12-31T07:40:00Z,136.5,0.0,Fitbit App
2025-12-31T07:45:00Z,103.7,0.0,Fitbit App
2025-12-31T07:50:00Z,102.8,0.0,Fitbit App
2025-12-31T07:55:00Z,143.5,0.0,Fitbit App
2025-12-31T08:00:00Z,155.0,0.0,Fitbit App
2025-12-31T08:05:00Z,169.2,0.0,Fitbit App
2025-12-31T08:10:00Z,164.9,0.0,Fitbit App
2025-12-31T08:15:00Z,166.7,0.0,Fitbit App
2025-12-31T08:20:00Z,176.4,0.0,Fitbit App
2025-12-31T08:25:00Z,168.9,0.0,Fitbit App
2025-12-31T08:30:00Z,173.9,0.0,Fitbit App
2025-12-31T08:35:00Z,68.6,0.0,Fitbit App
2025-12-31T08:40:00Z,56.7,0.0,Fitbit App
2025-12-31T08:45:00Z,101.4,0.0,Fitbit App
2025-12-31T08:50:00Z,106.4,0.0,Fitbit App
2025-12-31T08:55:00Z,79.5,0.0,Fitbit App
2025-12-31T09:00:00Z,85.7,0.0,Fitbit App
2025-12-31T09:05:00Z,107.0,0.0,Fitbit App
2025-12-31T09:10:00Z,102.5,0.0,Fitbit App
2025-12-31T09:15:00Z,106.4,0.0,Fitbit App
2025-12-31T09:20:00Z,96.6,0.0,Fitbit App
2025-12-31T09:25:00Z,95.3,0.0,Fitbit App
2025-12-31T09:30:00Z,88.8,0.0,Fitbit App
2025-12-31T09:35:00Z,99.3,0.0,Fitbit App
2025-12-31T09:40:00Z,103.2,0.0,Fitbit App
2025-12-31T09:45:00Z,111.9,0.0,Fitbit App
2025-12-31T09:50:00Z,117.0,0.0,Fitbit App
2025-12-31T09:55:00Z,116.4,0.0,Fitbit App
2025-12-31T10:00:00Z,101.4,0.0,Fitbit App
2025-12-31T10:05:00Z,59.0,0.0,Fitbit App
2025-12-31T10:10:00Z,56.3,0.0,Fitbit App
2025-12-31T10:15:00Z,71.3,0.0,Fitbit App
2025-12-31T10:20:00Z,71.4,0.0,Fitbit App
2025-12-31T10:25:00Z,122.3,0.0,Fitbit App
2025-12-31T10:30:00Z,152.2,0.0,Fitbit App
2025-12-31T10:35:00Z,144.1,0.0,Fitbit App
2025-12-31T10:40:00Z,154.2,0.0,Fitbit App
2025-12-31T10:45:00Z,114.5,0.0,Fitbit App
2025-12-31T10:50:00Z,118.7,0.0,Fitbit App
2025-12-31T10:55:00Z,119.0,0.0,Fitbit App
2025-12-31T11:00:00Z,106.3,0.0,Fitbit App
2025-12-31T11:05:00Z,100.5,0.0,Fitbit App
2025-12-31T11:10:00Z,80.3,0.0,Fitbit App
2025-12-31T11:15:00Z,48.6,0.0,Fitbit App
2025-12-31T11:20:00Z,71.6,0.0,Fitbit App
2025-12-31T11:25:00Z,94.0,0.0,Fitbit App
2025-12-31T11:30:00Z,84.2,0.0,Fitbit App
2025-12-31T11:35:00Z,86.3,0.0,Fitbit App
2025-12-31T11:40:00Z,86.7,0.0,Fitbit App
2025-12-31T11:45:00Z,85.3,0.0,Fitbit App
2025-12-31T11:50:00Z,82.6,0.0,Fitbit App
2025-12-31T11:55:00Z,101.4,0.0,Fitbit App
2025-12-31T12:00:00Z,153.2,0.0,Fitbit App
2025-12-31T12:05:00Z,104.3,0.0,Fitbit App
2025-12-31T12:10:00Z,65.3,0.0,Fitbit App
2025-12-31T12:15:00Z,68.4,0.0,Fitbit App
2025-12-31T12:20:00Z,78.0,0.0,Fitbit App
2025-12-31T12:25:00Z,69.8,0.0,Fitbit App
2025-12-31T12:30:00Z,72.8,0.0,Fitbit App
2025-12-31T12:35:00Z,57.9,0.0,Fitbit App
2025-12-31T12:40:00Z,88.6,0.0,Fitbit App
2025-12-31T12:45:00Z,67.8,0.0,Fitbit App
2025-12-31T12:50:00Z,63.5,0.0,Fitbit App
2025-12-31T12:55:00Z,105.1,0.0,Fitbit App
2025-12-31T13:00:00Z,97.8,0.0,Fitbit App
2025-12-31T13:05:00Z,86.5,0.0,Fitbit App
2025-12-31T13:10:00Z,97.2,0.0,Fitbit App
2025-12-31T13:15:00Z,101.7,0.0,Fitbit App
2025-12-31T13:20:00Z,109.3,0.0,Fitbit App
2025-12-31T13:25:00Z,95.3,0.0,Fitbit App
2025-12-31T13:30:00Z,81.6,0.0,Fitbit App
2025-12-31T13:35:00Z,93.4,0.0,Fitbit App
2025-12-31T13:40:00Z,90.5,0.0,Fitbit App
2025-12-31T13:45:00Z,98.5,0.0,Fitbit App
2025-12-31T13:50:00Z,77.8,0.0,Fitbit App
2025-12-31T13:55:00Z,107.4,0.0,Fitbit App
2025-12-31T14:00:00Z,108.6,0.0,Fitbit App
2025-12-31T14:05:00Z,100.9,0.0,Fitbit App
2025-12-31T14:10:00Z,123.2,0.0,Fitbit App
2025-12-31T14:15:00Z,76.8,0.0,Fitbit App
2025-12-31T14:20:00Z,65.5,0.0,Fitbit App
2025-12-31T14:25:00Z,44.2,0.0,Fitbit App
2025-12-31T14:30:00Z,119.6,0.0,Fitbit App
2025-12-31T14:35:00Z,101.1,0.0,Fitbit App
2025-12-31T14:40:00Z,136.2,0.0,Fitbit App
2025-12-31T14:45:00Z,150.8,0.0,Fitbit App
2025-12-31T14:50:00Z,130.1,0.0,Fitbit App
2025-12-31T14:55:00Z,95.8,0.0,Fitbit App
2025-12-31T15:00:00Z,148.0,0.0,Fitbit App
2025-12-31T15:05:00Z,125.2,0.0,Fitbit App
2025-12-31T15:10:00Z,152.3,0.0,Fitbit App
2025-12-31T15:15:00Z,109.5,0.0,Fitbit App
2025-12-31T15:20:00Z,89.6,0.0,Fitbit App
