timestamp,steps,distance millimeters,altitude gain millimeters,data source
2025-10-25T01:06:09Z,0,0,0,Charge 6
2025-10-25T01:06:10Z,0,0,0,Charge 6
2025-10-25T01:06:11Z,0,0,0,Charge 6
2025-10-25T01:06:12Z,0,0,0,Charge 6
2025-10-25T01:06:13Z,0,0,0,Charge 6
2025-10-25T01:06:14Z,0,0,0,Charge 6
2025-10-25T01:06:17Z,0,0,0,Charge 6
2025-10-25T01:06:18Z,0,0,0,Charge 6
2025-10-25T01:06:19Z,0,0,0,Charge 6
2025-10-25T01:06:20Z,0,0,0,Charge 6
2025-10-25T01:06:21Z,0,0,0,Charge 6
2025-10-25T01:06:22Z,0,0,0,Charge 6
2025-10-25T01:06:23Z,0,0,0,Charge 6
2025-10-25T01:06:24Z,0,0,0,Charge 6
2025-10-25T01:06:25Z,0,0,0,Charge 6
2025-10-25T01:06:26Z,0,0,0,Charge 6
2025-10-25T01:06:27Z,0,0,0,Charge 6
2025-10-25T01:06:28Z,0,0,0,Charge 6
2025-10-25T01:06:29Z,0,0,0,Charge 6
2025-10-25T01:06:30Z,0,0,0,Charge 6
2025-10-25T01:06:31Z,0,0,0,Charge 6
2025-10-25T01:06:32Z,0,0,0,Charge 6
2025-10-25T01:06:33Z,0,0,0,Charge 6
2025-10-25T01:06:34Z,0,0,0,Charge 6
2025-10-25T01:06:35Z,2,0,0,Charge 6
2025-10-25T01:06:36Z,2,0,0,Charge 6
2025-10-25T01:06:37Z,0,0,0,Charge 6
2025-10-25T01:06:38Z,0,0,0,Charge 6
2025-10-25T01:06:39Z,0,0,0,Charge 6
2025-10-25T01:06:40Z,0,0,0,Charge 6
2025-10-25T01:06:41Z,0,0,0,Charge 6
2025-10-25T01:06:42Z,0,0,0,Charge 6
2025-10-25T01:06:43Z,0,0,0,Charge 6
2025-10-25T01:06:44Z,0,0,0,Charge 6
2025-10-25T01:06:45Z,0,0,0,Charge 6
2025-10-25T01:06:46Z,0,0,0,Charge 6
2025-10-25T01:06:47Z,0,0,0,Charge 6
2025-10-25T01:06:48Z,0,0,0,Charge 6
2025-10-25T01:06:49Z,0,0,0,Charge 6
2025-10-25T01:06:50Z,0,0,0,Charge 6
2025-10-25T01:06:51Z,0,0,0,Charge 6
2025-10-25T01:06:52Z,0,0,0,Charge 6
2025-10-25T01:06:53Z,0,0,0,Charge 6
2025-10-25T01:06:54Z,0,0,0,Charge 6
2025-10-25T01:06:55Z,0,0,0,Charge 6
2025-10-25T01:06:56Z,0,0,0,Charge 6
2025-10-25T01:06:57Z,0,0,0,Charge 6
2025-10-25T01:06:58Z,1,0,0,Charge 6
2025-10-25T01:06:59Z,1,0,0,Charge 6
2025-10-25T01:07:00Z,2,0,0,Charge 6
2025-10-25T01:07:01Z,1,0,0,Charge 6
2025-10-25T01:07:02Z,2,120,0,Charge 6
2025-10-25T01:07:03Z,1,260,0,Charge 6
2025-10-25T01:07:04Z,1,390,0,Charge 6
2025-10-25T01:07:05Z,2,560,0,Charge 6
2025-10-25T01:07:06Z,0,690,0,Charge 6
2025-10-25T01:07:07Z,0,650,0,Charge 6
2025-10-25T01:07:08Z,0,580,0,Charge 6
2025-10-25T01:07:09Z,0,0,0,Charge 6
2025-10-25T01:07:10Z,0,0,0,Charge 6
2025-10-25T01:07:11Z,0,0,0,Charge 6
2025-10-25T01:07:12Z,0,0,0,Charge 6
2025-10-25T01:07:13Z,0,0,0,Charge 6
2025-10-25T01:07:14Z,1,0,0,Charge 6
2025-10-25T01:07:15Z,1,0,0,Charge 6
2025-10-25T01:07:16Z,0,0,0,Charge 6
2025-10-25T01:07:17Z,3,0,0,Charge 6
2025-10-25T01:07:18Z,1,140,0,Charge 6
2025-10-25T01:07:19Z,2,290,0,Charge 6
2025-10-25T01:07:20Z,1,460,0,Charge 6
2025-10-25T01:07:21Z,2,650,0,Charge 6
2025-10-25T01:07:22Z,1,820,0,Charge 6
2025-10-25T01:07:23Z,0,820,0,Charge 6
2025-10-25T01:07:24Z,0,750,0,Charge 6
2025-10-25T01:07:25Z,0,670,0,Charge 6
2025-10-25T01:07:26Z,0,0,0,Charge 6
2025-10-25T01:07:27Z,0,0,0,Charge 6
2025-10-25T01:07:28Z,0,0,0,Charge 6
2025-10-25T01:07:29Z,0,0,0,Charge 6
2025-10-25T01:07:30Z,1,0,0,Charge 6
2025-10-25T01:07:31Z,0,0,0,Charge 6
2025-10-25T01:07:32Z,2,0,0,Charge 6
2025-10-25T01:07:33Z,1,0,0,Charge 6
2025-10-25T01:07:34Z,1,0,0,Charge 6
2025-10-25T01:07:35Z,1,0,0,Charge 6
2025-10-25T01:07:36Z,2,130,0,Charge 6
2025-10-25T01:07:37Z,0,240,0,Charge 6
2025-10-25T01:07:38Z,2,380,0,Charge 6
2025-10-25T01:07:39Z,0,490,0,Charge 6
2025-10-25T01:07:40Z,0,570,0,Charge 6
2025-10-25T01:07:41Z,0,0,0,Charge 6
2025-10-25T01:07:42Z,0,0,0,Charge 6
2025-10-25T01:07:43Z,0,0,0,Charge 6
2025-10-25T01:07:44Z,0,0,0,Charge 6
2025-10-25T01:07:45Z,0,0,0,Charge 6
2025-10-25T01:07:46Z,0,0,0,Charge 6
2025-10-25T01:07:47Z,0,0,0,Charge 6
2025-10-25T01:07:48Z,0,0,0,Charge 6
2025-10-25T01:07:49Z,0,0,0,Charge 6
2025-10-25T01:07:50Z,0,0,0,Charge 6
2025-10-25T01:07:51Z,0,0,0,Charge 6
2025-10-25T01:07:52Z,0,0,0,Charge 6
2025-10-25T01:07:53Z,0,0,0,Charge 6
2025-10-25T01:07:54Z,0,0,0,Charge 6
2025-10-25T01:07:55Z,0,0,0,Charge 6
2025-10-25T01:07:56Z,0,0,0,Charge 6
2025-10-25T01:07:57Z,0,0,0,Charge 6
2025-10-25T01:07:58Z,2,0,0,Charge 6
2025-10-25T01:07:59Z,1,0,0,Charge 6
2025-10-25T01:08:00Z,2,130,0,Charge 6
2025-10-25T01:08:01Z,1,280,0,Charge 6
2025-10-25T01:08:02Z,1,410,0,Charge 6
2025-10-25T01:08:03Z,2,590,0,Charge 6
2025-10-25T01:08:04Z,1,750,0,Charge 6
2025-10-25T01:08:05Z,0,730,0,Charge 6
2025-10-25T01:08:06Z,1,720,0,Charge 6
2025-10-25T01:08:07Z,1,710,0,Charge 6
2025-10-25T01:08:08Z,0,640,0,Charge 6
2025-10-25T01:08:09Z,0,0,0,Charge 6
2025-10-25T01:08:10Z,0,0,0,Charge 6
2025-10-25T01:08:11Z,0,0,0,Charge 6
2025-10-25T01:08:12Z,0,0,0,Charge 6
2025-10-25T01:08:13Z,0,0,0,Charge 6
2025-10-25T01:08:14Z,0,0,0,Charge 6
2025-10-25T01:08:15Z,2,0,0,Charge 6
2025-10-25T01:08:16Z,2,0,0,Charge 6
2025-10-25T01:08:17Z,0,0,0,Charge 6
2025-10-25T01:08:18Z,0,0,0,Charge 6
2025-10-25T01:08:19Z,0,0,0,Charge 6
2025-10-25T01:08:20Z,0,0,0,Charge 6
2025-10-25T01:08:21Z,0,0,0,Charge 6
2025-10-25T01:08:22Z,0,0,0,Charge 6
2025-10-25T01:08:23Z,0,0,0,Charge 6
2025-10-25T01:08:24Z,0,0,0,Charge 6
2025-10-25T01:08:25Z,0,0,0,Charge 6
2025-10-25T01:08:26Z,0,0,0,Charge 6
2025-10-25T01:08:27Z,0,0,0,Charge 6
2025-10-25T01:08:28Z,0,0,0,Charge 6
2025-10-25T01:08:29Z,0,0,0,Charge 6
2025-10-25T01:08:30Z,0,0,0,Charge 6
2025-10-25T01:08:31Z,0,0,0,Charge 6
2025-10-25T01:08:32Z,0,0,0,Charge 6
2025-10-25T01:08:33Z,0,0,0,Charge 6
2025-10-25T01:08:34Z,0,0,0,Charge 6
2025-10-25T01:08:35Z,0,0,0,Charge 6
2025-10-25T01:08:36Z,0,0,0,Charge 6
2025-10-25T01:08:37Z,0,0,0,Charge 6
2025-10-25T01:08:38Z,0,0,0,Charge 6
2025-10-25T01:08:39Z,0,0,0,Charge 6
2025-10-25T01:08:40Z,0,0,0,Charge 6
2025-10-25T01:08:41Z,0,0,0,Charge 6
2025-10-25T01:08:42Z,0,0,0,Charge 6
2025-10-25T01:08:43Z,0,0,0,Charge 6
2025-10-25T01:08:44Z,0,0,0,Charge 6
2025-10-25T01:08:45Z,0,0,0,Charge 6
2025-10-25T01:08:46Z,0,0,0,Charge 6
2025-10-25T01:08:47Z,0,0,0,Charge 6
2025-10-25T01:08:48Z,0,0,0,Charge 6
2025-10-25T01:08:49Z,0,0,0,Charge 6
2025-10-25T01:08:50Z,0,0,0,Charge 6
2025-10-25T01:08:51Z,0,0,0,Charge 6
2025-10-25T01:08:52Z,0,0,0,Charge 6
2025-10-25T01:08:53Z,0,0,0,Charge 6
2025-10-25T01:08:54Z,0,0,0,Charge 6
2025-10-25T01:08:55Z,0,0,0,Charge 6
2025-10-25T01:08:56Z,0,0,0,Charge 6
2025-10-25T01:08:57Z,0,0,0,Charge 6
2025-10-25T01:08:58Z,0,0,0,Charge 6
2025-10-25T01:08:59Z,0,0,0,Charge 6
2025-10-25T01:09:00Z,0,0,0,Charge 6
2025-10-25T01:09:01Z,0,0,0,Charge 6
2025-10-25T01:09:02Z,0,0,0,Charge 6
2025-10-25T01:09:03Z,0,0,0,Charge 6
2025-10-25T01:09:04Z,0,0,0,Charge 6
2025-10-25T01:09:05Z,0,0,0,Charge 6
2025-10-25T01:09:06Z,0,0,0,Charge 6
2025-10-25T01:09:07Z,0,0,0,Charge 6
2025-10-25T01:09:08Z,0,0,0,Charge 6
2025-10-25T01:09:09Z,0,0,0,Charge 6
2025-10-25T01:09:10Z,0,0,0,Charge 6
2025-10-25T01:09:11Z,0,0,0,Charge 6
2025-10-25T01:09:12Z,0,0,0,Charge 6
2025-10-25T01:09:13Z,0,0,0,Charge 6
2025-10-25T01:09:14Z,0,0,0,Charge 6
2025-10-25T01:09:15Z,0,0,0,Charge 6
2025-10-25T01:09:16Z,0,0,0,Charge 6
2025-10-25T01:09:17Z,0,0,0,Charge 6
2025-10-25T01:09:18Z,0,0,0,Charge 6
2025-10-25T01:09:19Z,0,0,0,Charge 6
2025-10-25T01:09:20Z,0,0,0,Charge 6
2025-10-25T01:09:21Z,0,0,0,Charge 6
2025-10-25T01:09:22Z,0,0,0,Charge 6
2025-10-25T01:09:23Z,0,0,0,Charge 6
2025-10-25T01:09:24Z,0,0,0,Charge 6
2025-10-25T01:09:25Z,0,0,0,Charge 6
2025-10-25T01:09:26Z,0,0,0,Charge 6
2025-10-25T01:09:27Z,0,0,0,Charge 6
2025-10-25T01:09:28Z,0,0,0,Charge 6
2025-10-25T01:09:29Z,0,0,0,Charge 6
2025-10-25T01:09:30Z,0,0,0,Charge 6
2025-10-25T01:09:31Z,0,0,0,Charge 6
2025-10-25T01:09:32Z,1,0,0,Charge 6
2025-10-25T01:09:33Z,2,0,0,Charge 6
2025-10-25T01:09:34Z,1,0,0,Charge 6
2025-10-25T01:09:35Z,1,0,0,Charge 6
2025-10-25T01:09:36Z,1,130,0,Charge 6
2025-10-25T01:09:37Z,0,240,0,Charge 6
2025-10-25T01:09:38Z,2,380,0,Charge 6
2025-10-25T01:09:39Z,0,490,0,Charge 6
2025-10-25T01:09:40Z,0,580,0,Charge 6
2025-10-25T01:09:41Z,0,0,0,Charge 6
2025-10-25T01:09:42Z,0,0,0,Charge 6
2025-10-25T01:09:43Z,0,0,0,Charge 6
2025-10-25T01:09:44Z,0,0,0,Charge 6
2025-10-25T01:09:45Z,0,0,0,Charge 6
2025-10-25T01:09:46Z,0,0,0,Charge 6
2025-10-25T01:09:47Z,0,0,0,Charge 6
2025-10-25T01:09:48Z,0,0,0,Charge 6
2025-10-25T01:09:49Z,0,0,0,Charge 6
2025-10-25T01:09:50Z,0,0,0,Charge 6
2025-10-25T01:09:51Z,0,0,0,Charge 6
2025-10-25T01:09:52Z,0,0,0,Charge 6
2025-10-25T01:09:53Z,0,0,0,Charge 6
2025-10-25T01:09:54Z,0,0,0,Charge 6
2025-10-25T01:09:55Z,2,0,0,Charge 6
2025-10-25T01:09:56Z,2,0,0,Charge 6
2025-10-25T01:09:57Z,0,0,0,Charge 6
2025-10-25T01:09:58Z,0,0,0,Charge 6
2025-10-25T01:09:59Z,0,0,0,Charge 6
2025-10-25T01:10:00Z,0,0,0,Charge 6
2025-10-25T01:10:01Z,0,0,0,Charge 6
2025-10-25T01:10:02Z,0,0,0,Charge 6
2025-10-25T01:10:03Z,0,0,0,Charge 6
2025-10-25T01:10:04Z,0,0,0,Charge 6
2025-10-25T01:10:05Z,0,0,0,Charge 6
2025-10-25T01:10:06Z,0,0,0,Charge 6
2025-10-25T01:10:07Z,0,0,0,Charge 6
2025-10-25T01:10:08Z,0,0,0,Charge 6
2025-10-25T01:10:09Z,0,0,0,Charge 6
2025-10-25T01:10:10Z,0,0,0,Charge 6
2025-10-25T01:10:11Z,0,0,0,Charge 6
2025-10-25T01:10:12Z,0,0,0,Charge 6
2025-10-25T01:10:13Z,0,0,0,Charge 6
2025-10-25T01:10:14Z,0,0,0,Charge 6
2025-10-25T01:10:15Z,0,0,0,Charge 6
2025-10-25T01:10:16Z,1,0,0,Charge 6
2025-10-25T01:10:17Z,2,0,0,Charge 6
2025-10-25T01:10:18Z,0,0,0,Charge 6
2025-10-25T01:10:19Z,1,130,0,Charge 6
2025-10-25T01:10:20Z,1,280,0,Charge 6
2025-10-25T01:10:21Z,1,410,0,Charge 6
2025-10-25T01:10:22Z,2,590,0,Charge 6
2025-10-25T01:10:23Z,1,750,0,Charge 6
2025-10-25T01:10:24Z,0,730,0,Charge 6
2025-10-25T01:10:25Z,2,760,0,Charge 6
2025-10-25T01:10:26Z,0,730,0,Charge 6
2025-10-25T01:10:27Z,4,800,0,Charge 6
2025-10-25T01:10:28Z,2,870,0,Charge 6
2025-10-25T01:10:29Z,1,1010,0,Charge 6
2025-10-25T01:10:30Z,2,1080,0,Charge 6
2025-10-25T01:10:31Z,1,1170,0,Charge 6
2025-10-25T01:10:32Z,1,1140,0,Charge 6
2025-10-25T01:10:33Z,1,1120,0,Charge 6
2025-10-25T01:10:34Z,2,1100,0,Charge 6
2025-10-25T01:10:35Z,2,1070,0,Charge 6
2025-10-25T01:10:36Z,2,1100,0,Charge 6
2025-10-25T01:10:37Z,1,1110,0,Charge 6
2025-10-25T01:10:38Z,0,1110,0,Charge 6
2025-10-25T01:10:39Z,1,1100,0,Charge 6
2025-10-25T01:10:40Z,0,970,0,Charge 6
2025-10-25T01:10:41Z,0,0,0,Charge 6
2025-10-25T01:10:42Z,0,0,0,Charge 6
2025-10-25T01:10:43Z,0,0,0,Charge 6
2025-10-25T01:10:44Z,0,0,0,Charge 6
2025-10-25T01:10:45Z,0,0,0,Charge 6
2025-10-25T01:10:46Z,0,0,0,Charge 6
2025-10-25T01:10:47Z,0,0,0,Charge 6
2025-10-25T01:10:48Z,0,0,0,Charge 6
2025-10-25T01:10:49Z,0,0,0,Charge 6
2025-10-25T01:10:50Z,0,0,0,Charge 6
2025-10-25T01:10:51Z,0,0,0,Charge 6
2025-10-25T01:10:52Z,0,0,0,Charge 6
2025-10-25T01:10:53Z,0,0,0,Charge 6
2025-10-25T01:10:54Z,0,0,0,Charge 6
2025-10-25T01:10:55Z,0,0,0,Charge 6
2025-10-25T01:10:56Z,0,0,0,Charge 6
2025-10-25T01:10:57Z,0,0,0,Charge 6
2025-10-25T01:10:58Z,0,0,0,Charge 6
2025-10-25T01:10:59Z,0,0,0,Charge 6
2025-10-25T01:11:00Z,0,0,0,Charge 6
2025-10-25T01:11:01Z,0,0,0,Charge 6
2025-10-25T01:11:02Z,0,0,0,Charge 6
2025-10-25T01:11:03Z,0,0,0,Charge 6
2025-10-25T01:11:04Z,0,0,0,Charge 6
2025-10-25T01:11:05Z,0,0,0,Charge 6
2025-10-25T01:11:06Z,0,0,0,Charge 6
2025-10-25T01:11:07Z,0,0,0,Charge 6
2025-10-25T01:11:08Z,0,0,0,Charge 6
2025-10-25T01:11:09Z,0,0,0,Charge 6
2025-10-25T01:11:10Z,0,0,0,Charge 6
2025-10-25T01:11:11Z,0,0,0,Charge 6
2025-10-25T01:11:12Z,0,0,0,Charge 6
2025-10-25T01:11:13Z,0,0,0,Charge 6
2025-10-25T01:11:14Z,0,0,0,Charge 6
2025-10-25T01:11:15Z,0,0,0,Charge 6
2025-10-25T01:11:16Z,0,0,0,Charge 6
2025-10-25T01:11:17Z,0,0,0,Charge 6
2025-10-25T01:11:18Z,0,0,0,Charge 6
2025-10-25T01:11:19Z,0,0,0,Charge 6
2025-10-25T01:11:20Z,0,0,0,Charge 6
2025-10-25T01:11:21Z,0,0,0,Charge 6
2025-10-25T01:11:22Z,0,0,0,Charge 6
2025-10-25T01:11:23Z,0,0,0,Charge 6
2025-10-25T01:11:24Z,0,0,0,Charge 6
2025-10-25T01:11:25Z,0,0,0,Charge 6
2025-10-25T01:11:26Z,0,0,0,Charge 6
2025-10-25T01:11:27Z,0,0,0,Charge 6
2025-10-25T01:11:28Z,0,0,0,Charge 6
2025-10-25T01:11:29Z,0,0,0,Charge 6
2025-10-25T01:11:30Z,0,0,0,Charge 6
2025-10-25T01:11:31Z,0,0,0,Charge 6
2025-10-25T01:11:32Z,0,0,0,Charge 6
2025-10-25T01:11:33Z,2,0,0,Charge 6
2025-10-25T01:11:34Z,2,0,0,Charge 6
2025-10-25T01:11:35Z,0,0,0,Charge 6
2025-10-25T01:11:36Z,0,0,0,Charge 6
2025-10-25T01:11:37Z,0,0,0,Charge 6
2025-10-25T01:11:38Z,0,0,0,Charge 6
2025-10-25T01:11:39Z,0,0,0,Charge 6
2025-10-25T01:11:40Z,0,0,0,Charge 6
2025-10-25T01:11:41Z,0,0,0,Charge 6
2025-10-25T01:11:42Z,0,0,0,Charge 6
2025-10-25T01:11:43Z,0,0,0,Charge 6
2025-10-25T01:11:44Z,0,0,0,Charge 6
2025-10-25T01:11:45Z,0,0,0,Charge 6
2025-10-25T01:11:46Z,0,0,0,Charge 6
2025-10-25T01:11:47Z,0,0,0,Charge 6
2025-10-25T01:11:48Z,0,0,0,Charge 6
2025-10-25T01:11:49Z,0,0,0,Charge 6
2025-10-25T01:11:50Z,0,0,0,Charge 6
2025-10-25T01:11:51Z,0,0,0,Charge 6
2025-10-25T01:11:52Z,0,0,0,Charge 6
2025-10-25T01:11:53Z,0,0,0,Charge 6
2025-10-25T01:11:54Z,0,0,0,Charge 6
2025-10-25T01:11:55Z,0,0,0,Charge 6
2025-10-25T01:11:56Z,0,0,0,Charge 6
2025-10-25T01:11:57Z,0,0,0,Charge 6
2025-10-25T01:11:58Z,0,0,0,Charge 6
2025-10-25T01:11:59Z,0,0,0,Charge 6
2025-10-25T01:12:00Z,0,0,0,Charge 6
2025-10-25T01:12:01Z,0,0,0,Charge 6
2025-10-25T01:12:02Z,0,0,0,Charge 6
2025-10-25T01:12:03Z,0,0,0,Charge 6
2025-10-25T01:12:04Z,0,0,0,Charge 6
2025-10-25T01:12:05Z,0,0,0,Charge 6
2025-10-25T01:12:06Z,0,0,0,Charge 6
2025-10-25T01:12:07Z,0,0,0,Charge 6
2025-10-25T01:12:08Z,0,0,0,Charge 6
2025-10-25T01:12:09Z,0,0,0,Charge 6
2025-10-25T01:12:10Z,0,0,0,Charge 6
2025-10-25T01:12:11Z,1,0,0,Charge 6
2025-10-25T01:12:12Z,1,0,0,Charge 6
2025-10-25T01:12:13Z,1,0,0,Charge 6
2025-10-25T01:12:14Z,2,0,0,Charge 6
2025-10-25T01:12:15Z,2,130,0,Charge 6
2025-10-25T01:12:16Z,0,230,0,Charge 6
2025-10-25T01:12:17Z,1,360,0,Charge 6
2025-10-25T01:12:18Z,4,570,0,Charge 6
2025-10-25T01:12:19Z,0,740,0,Charge 6
2025-10-25T01:12:20Z,0,720,0,Charge 6
2025-10-25T01:12:21Z,0,1400,0,Charge 6
2025-10-25T01:12:22Z,0,0,0,Charge 6
2025-10-25T01:12:23Z,1,0,0,Charge 6
2025-10-25T01:12:24Z,1,0,0,Charge 6
2025-10-25T01:12:25Z,1,0,0,Charge 6
2025-10-25T01:12:26Z,1,0,0,Charge 6
2025-10-25T01:12:27Z,1,0,0,Charge 6
2025-10-25T01:12:28Z,1,0,0,Charge 6
2025-10-25T01:12:29Z,1,140,0,Charge 6
2025-10-25T01:12:30Z,0,240,0,Charge 6
2025-10-25T01:12:31Z,0,320,0,Charge 6
2025-10-25T01:12:32Z,0,370,0,Charge 6
2025-10-25T01:12:33Z,0,430,0,Charge 6
2025-10-25T01:12:34Z,0,0,0,Charge 6
2025-10-25T01:12:35Z,0,0,0,Charge 6
2025-10-25T01:12:36Z,0,0,0,Charge 6
2025-10-25T01:12:37Z,0,0,0,Charge 6
2025-10-25T01:12:38Z,0,0,0,Charge 6
2025-10-25T01:12:39Z,0,0,0,Charge 6
2025-10-25T01:12:40Z,0,0,0,Charge 6
2025-10-25T01:12:41Z,0,0,0,Charge 6
2025-10-25T01:12:42Z,0,0,0,Charge 6
2025-10-25T01:12:43Z,0,0,0,Charge 6
2025-10-25T01:12:44Z,0,0,0,Charge 6
2025-10-25T01:12:45Z,0,0,0,Charge 6
2025-10-25T01:12:46Z,0,0,0,Charge 6
2025-10-25T01:12:47Z,0,0,0,Charge 6
2025-10-25T01:12:48Z,0,0,0,Charge 6
2025-10-25T01:12:49Z,0,0,0,Charge 6
2025-10-25T01:12:50Z,0,0,0,Charge 6
2025-10-25T01:12:51Z,0,0,0,Charge 6
2025-10-25T01:12:52Z,0,0,0,Charge 6
2025-10-25T01:12:53Z,0,0,0,Charge 6
2025-10-25T01:12:54Z,0,0,0,Charge 6
2025-10-25T01:12:55Z,0,0,0,Charge 6
2025-10-25T01:12:56Z,0,0,0,Charge 6
2025-10-25T01:12:57Z,0,0,0,Charge 6
2025-10-25T01:12:58Z,0,0,0,Charge 6
2025-10-25T01:12:59Z,0,0,0,Charge 6
2025-10-25T01:13:00Z,0,0,0,Charge 6
2025-10-25T01:13:01Z,0,0,0,Charge 6
2025-10-25T01:13:02Z,0,0,0,Charge 6
2025-10-25T01:13:03Z,0,0,0,Charge 6
2025-10-25T01:13:04Z,0,0,0,Charge 6
2025-10-25T01:13:05Z,0,0,0,Charge 6
2025-10-25T01:13:06Z,0,0,0,Charge 6
2025-10-25T01:13:07Z,0,0,0,Charge 6
2025-10-25T01:13:08Z,0,0,0,Charge 6
2025-10-25T01:13:09Z,0,0,0,Charge 6
2025-10-25T01:13:10Z,0,0,0,Charge 6
2025-10-25T01:13:11Z,0,0,0,Charge 6
2025-10-25T01:13:12Z,0,0,0,Charge 6
2025-10-25T01:13:14Z,0,0,0,Charge 6
2025-10-25T01:13:15Z,0,0,0,Charge 6
2025-10-25T01:13:16Z,0,0,0,Charge 6
2025-10-25T01:13:17Z,0,0,0,Charge 6
2025-10-25T01:13:18Z,0,0,0,Charge 6
2025-10-25T01:13:19Z,0,0,0,Charge 6
2025-10-25T01:13:20Z,0,0,0,Charge 6
2025-10-25T01:13:21Z,0,0,0,Charge 6
2025-10-25T01:13:22Z,0,0,0,Charge 6
2025-10-25T01:13:23Z,0,0,0,Charge 6
2025-10-25T01:13:24Z,0,0,0,Charge 6
2025-10-25T01:13:25Z,0,0,0,Charge 6
2025-10-25T01:13:26Z,0,0,0,Charge 6
2025-10-25T01:13:27Z,0,0,0,Charge 6
2025-10-25T01:13:28Z,0,0,0,Charge 6
2025-10-25T01:13:29Z,0,0,0,Charge 6
2025-10-25T01:13:30Z,0,0,0,Charge 6
2025-10-25T01:13:31Z,0,0,0,Charge 6
2025-10-25T01:13:32Z,0,0,0,Charge 6
2025-10-25T01:13:33Z,0,0,0,Charge 6
2025-10-25T01:13:34Z,0,0,0,Charge 6
2025-10-25T01:13:35Z,0,0,0,Charge 6
2025-10-25T01:13:36Z,0,0,0,Charge 6
2025-10-25T01:13:37Z,0,0,0,Charge 6
2025-10-25T01:13:38Z,0,0,0,Charge 6
2025-10-25T01:13:39Z,0,0,0,Charge 6
2025-10-25T01:13:40Z,0,0,0,Charge 6
2025-10-25T01:13:41Z,0,0,0,Charge 6
2025-10-25T01:13:42Z,0,0,0,Charge 6
2025-10-25T01:13:43Z,0,0,0,Charge 6
2025-10-25T01:13:44Z,0,0,0,Charge 6
2025-10-25T01:13:45Z,0,0,0,Charge 6
2025-10-25T01:13:46Z,0,0,0,Charge 6
2025-10-25T01:13:47Z,0,0,0,Charge 6
2025-10-25T01:13:48Z,0,0,0,Charge 6
2025-10-25T01:13:49Z,0,0,0,Charge 6
2025-10-25T01:13:50Z,0,0,0,Charge 6
2025-10-25T01:13:51Z,0,0,0,Charge 6
2025-10-25T01:13:52Z,0,0,0,Charge 6
2025-10-25T01:13:53Z,0,0,0,Charge 6
2025-10-25T01:13:54Z,0,0,0,Charge 6
2025-10-25T01:13:55Z,0,0,0,Charge 6
2025-10-25T01:13:56Z,0,0,0,Charge 6
2025-10-25T01:13:57Z,0,0,0,Charge 6
2025-10-25T01:13:58Z,0,0,0,Charge 6
2025-10-25T01:13:59Z,0,0,0,Charge 6
2025-10-25T01:14:00Z,0,0,0,Charge 6
2025-10-25T01:14:01Z,0,0,0,Charge 6
2025-10-25T01:14:02Z,0,0,0,Charge 6
2025-10-25T01:14:03Z,0,0,0,Charge 6
2025-10-25T01:14:04Z,0,0,0,Charge 6
2025-10-25T01:14:05Z,0,0,0,Charge 6
2025-10-25T01:14:06Z,0,0,0,Charge 6
2025-10-25T01:14:07Z,0,0,0,Charge 6
2025-10-25T01:14:08Z,0,0,0,Charge 6
2025-10-25T01:14:09Z,0,0,0,Charge 6
2025-10-25T01:14:10Z,0,0,0,Charge 6
2025-10-25T01:14:11Z,0,0,0,Charge 6
2025-10-25T01:14:12Z,0,0,0,Charge 6
2025-10-25T01:14:13Z,0,0,0,Charge 6
2025-10-25T01:14:14Z,0,0,0,Charge 6
2025-10-25T01:14:15Z,0,0,0,Charge 6
2025-10-25T01:14:16Z,0,0,0,Charge 6
2025-10-25T01:14:17Z,0,0,0,Charge 6
2025-10-25T01:14:18Z,0,0,0,Charge 6
2025-10-25T01:14:19Z,0,0,0,Charge 6
2025-10-25T01:14:20Z,0,0,0,Charge 6
2025-10-25T01:14:21Z,0,0,0,Charge 6
2025-10-25T01:14:22Z,0,0,0,Charge 6
2025-10-25T01:14:23Z,0,0,0,Charge 6
2025-10-25T01:14:24Z,0,0,0,Charge 6
2025-10-25T01:14:25Z,0,0,0,Charge 6
2025-10-25T01:14:26Z,0,0,0,Charge 6
2025-10-25T01:14:27Z,0,0,0,Charge 6
2025-10-25T01:14:28Z,0,0,0,Charge 6
2025-10-25T01:14:29Z,0,0,0,Charge 6
2025-10-25T01:14:30Z,0,0,0,Charge 6
2025-10-25T01:14:31Z,0,0,0,Charge 6
2025-10-25T01:14:32Z,0,0,0,Charge 6
2025-10-25T01:14:33Z,0,0,0,Charge 6
2025-10-25T01:14:34Z,0,0,0,Charge 6
2025-10-25T01:14:35Z,0,0,0,Charge 6
2025-10-25T01:14:36Z,0,0,0,Charge 6
2025-10-25T01:14:37Z,0,0,0,Charge 6
2025-10-25T01:14:38Z,0,0,0,Charge 6
2025-10-25T01:14:39Z,0,0,0,Charge 6
2025-10-25T01:14:40Z,0,0,0,Charge 6
2025-10-25T01:14:41Z,0,0,0,Charge 6
2025-10-25T01:14:42Z,0,0,0,Charge 6
2025-10-25T01:14:43Z,0,0,0,Charge 6
2025-10-25T01:14:44Z,0,0,0,Charge 6
2025-10-25T01:14:45Z,0,0,0,Charge 6
2025-10-25T01:14:46Z,0,0,0,Charge 6
2025-10-25T01:14:47Z,0,0,0,Charge 6
2025-10-25T01:14:48Z,0,0,0,Charge 6
2025-10-25T01:14:49Z,0,0,0,Charge 6
2025-10-25T01:14:50Z,0,0,0,Charge 6
2025-10-25T01:14:51Z,0,0,0,Charge 6
2025-10-25T01:14:52Z,0,0,0,Charge 6
2025-10-25T01:14:53Z,0,0,0,Charge 6
2025-10-25T01:14:54Z,0,0,0,Charge 6
2025-10-25T01:14:55Z,0,0,0,Charge 6
2025-10-25T01:14:56Z,0,0,0,Charge 6
2025-10-25T01:14:57Z,0,0,0,Charge 6
2025-10-25T01:14:58Z,0,0,0,Charge 6
2025-10-25T01:14:59Z,1,0,0,Charge 6
2025-10-25T01:15:00Z,0,0,0,Charge 6
2025-10-25T01:15:01Z,1,0,0,Charge 6
2025-10-25T01:15:02Z,2,130,0,Charge 6
2025-10-25T01:15:03Z,1,270,0,Charge 6
2025-10-25T01:15:04Z,2,450,0,Charge 6
2025-10-25T01:15:05Z,0,570,0,Charge 6
2025-10-25T01:15:06Z,0,1290,0,Charge 6
2025-10-25T01:15:07Z,0,0,0,Charge 6
2025-10-25T01:15:08Z,0,0,0,Charge 6
2025-10-25T01:15:09Z,0,0,0,Charge 6
2025-10-25T01:15:10Z,0,0,0,Charge 6
2025-10-25T01:15:11Z,0,0,0,Charge 6
2025-10-25T01:15:12Z,0,0,0,Charge 6
2025-10-25T01:15:13Z,0,0,0,Charge 6
2025-10-25T01:15:14Z,0,0,0,Charge 6
2025-10-25T01:15:15Z,0,0,0,Charge 6
2025-10-25T01:15:16Z,0,0,0,Charge 6
2025-10-25T01:15:17Z,0,0,0,Charge 6
2025-10-25T01:15:18Z,0,0,0,Charge 6
2025-10-25T01:15:19Z,0,0,0,Charge 6
2025-10-25T01:15:20Z,0,0,0,Charge 6
2025-10-25T01:15:21Z,0,0,0,Charge 6
2025-10-25T01:15:22Z,0,0,0,Charge 6
2025-10-25T01:15:23Z,0,0,0,Charge 6
2025-10-25T01:15:24Z,0,0,0,Charge 6
2025-10-25T01:15:25Z,0,0,0,Charge 6
2025-10-25T01:15:26Z,0,0,0,Charge 6
2025-10-25T01:15:27Z,0,0,0,Charge 6
2025-10-25T01:15:28Z,0,0,0,Charge 6
2025-10-25T01:15:29Z,0,0,0,Charge 6
2025-10-25T01:15:30Z,0,0,0,Charge 6
2025-10-25T01:15:31Z,0,0,0,Charge 6
2025-10-25T01:15:32Z,0,0,0,Charge 6
2025-10-25T01:15:33Z,0,0,0,Charge 6
2025-10-25T01:15:34Z,0,0,0,Charge 6
2025-10-25T01:15:35Z,0,0,0,Charge 6
2025-10-25T01:15:36Z,0,0,0,Charge 6
2025-10-25T01:15:37Z,0,0,0,Charge 6
2025-10-25T01:15:38Z,0,0,0,Charge 6
2025-10-25T01:15:39Z,0,0,0,Charge 6
2025-10-25T01:15:40Z,0,0,0,Charge 6
2025-10-25T01:15:41Z,0,0,0,Charge 6
2025-10-25T01:15:42Z,0,0,0,Charge 6
2025-10-25T01:15:43Z,0,0,0,Charge 6
2025-10-25T01:15:44Z,0,0,0,Charge 6
2025-10-25T01:15:45Z,0,0,0,Charge 6
2025-10-25T01:15:46Z,0,0,0,Charge 6
2025-10-25T01:15:47Z,1,0,0,Charge 6
2025-10-25T01:15:48Z,1,0,0,Charge 6
2025-10-25T01:15:49Z,2,130,0,Charge 6
2025-10-25T01:15:50Z,1,270,0,Charge 6
2025-10-25T01:15:51Z,1,420,0,Charge 6
2025-10-25T01:15:52Z,1,420,0,Charge 6
2025-10-25T01:15:53Z,1,540,0,Charge 6
2025-10-25T01:15:54Z,0,650,0,Charge 6
2025-10-25T01:15:55Z,3,700,0,Charge 6
2025-10-25T01:15:56Z,0,690,0,Charge 6
2025-10-25T01:15:57Z,1,700,0,Charge 6
2025-10-25T01:15:58Z,2,720,0,Charge 6
2025-10-25T01:15:59Z,1,790,0,Charge 6
2025-10-25T01:16:00Z,0,720,0,Charge 6
2025-10-25T01:16:01Z,1,720,0,Charge 6
2025-10-25T01:16:02Z,1,710,0,Charge 6
2025-10-25T01:16:03Z,1,670,0,Charge 6
2025-10-25T01:16:04Z,1,640,0,Charge 6
2025-10-25T01:16:05Z,1,650,0,Charge 6
2025-10-25T01:16:06Z,1,660,0,Charge 6
2025-10-25T01:16:07Z,0,630,0,Charge 6
2025-10-25T01:16:08Z,0,580,0,Charge 6
2025-10-25T01:16:09Z,0,0,0,Charge 6
2025-10-25T01:16:10Z,0,0,0,Charge 6
2025-10-25T01:16:11Z,0,0,0,Charge 6
2025-10-25T01:16:12Z,0,0,0,Charge 6
2025-10-25T01:16:13Z,0,0,0,Charge 6
2025-10-25T01:16:14Z,0,0,0,Charge 6
2025-10-25T01:16:15Z,0,0,0,Charge 6
2025-10-25T01:16:16Z,0,0,0,Charge 6
2025-10-25T01:16:17Z,0,0,0,Charge 6
2025-10-25T01:16:18Z,0,0,0,Charge 6
2025-10-25T01:16:19Z,0,0,0,Charge 6
2025-10-25T01:16:20Z,0,0,0,Charge 6
2025-10-25T01:16:21Z,0,0,0,Charge 6
2025-10-25T01:16:22Z,0,0,0,Charge 6
2025-10-25T01:16:23Z,0,0,0,Charge 6
2025-10-25T01:16:24Z,1,0,0,Charge 6
2025-10-25T01:16:25Z,1,0,0,Charge 6
2025-10-25T01:16:26Z,1,0,0,Charge 6
2025-10-25T01:16:27Z,1,0,0,Charge 6
2025-10-25T01:16:28Z,2,0,0,Charge 6
2025-10-25T01:16:29Z,1,130,0,Charge 6
2025-10-25T01:16:30Z,2,310,0,Charge 6
2025-10-25T01:16:31Z,1,470,0,Charge 6
2025-10-25T01:16:32Z,1,620,0,Charge 6
2025-10-25T01:16:33Z,3,850,0,Charge 6
2025-10-25T01:16:34Z,1,920,0,Charge 6
2025-10-25T01:16:35Z,1,920,0,Charge 6
2025-10-25T01:16:36Z,1,940,0,Charge 6
2025-10-25T01:16:37Z,1,940,0,Charge 6
2025-10-25T01:16:38Z,0,850,0,Charge 6
2025-10-25T01:16:39Z,0,730,0,Charge 6
2025-10-25T01:16:40Z,0,0,0,Charge 6
2025-10-25T01:16:41Z,0,0,0,Charge 6
2025-10-25T01:16:42Z,0,0,0,Charge 6
2025-10-25T01:16:43Z,0,0,0,Charge 6
2025-10-25T01:16:44Z,0,0,0,Charge 6
2025-10-25T01:16:45Z,0,0,0,Charge 6
2025-10-25T01:16:46Z,2,0,0,Charge 6
2025-10-25T01:16:47Z,1,0,0,Charge 6
2025-10-25T01:16:48Z,2,0,0,Charge 6
2025-10-25T01:16:49Z,0,0,0,Charge 6
2025-10-25T01:16:50Z,4,0,0,Charge 6
2025-10-25T01:16:51Z,1,0,0,Charge 6
2025-10-25T01:16:52Z,2,0,0,Charge 6
2025-10-25T01:16:53Z,1,0,0,Charge 6
2025-10-25T01:16:54Z,1,130,0,Charge 6
2025-10-25T01:16:55Z,0,240,0,Charge 6
2025-10-25T01:16:56Z,0,310,0,Charge 6
2025-10-25T01:16:57Z,0,790,0,Charge 6
2025-10-25T01:16:58Z,0,0,0,Charge 6
2025-10-25T01:16:59Z,0,0,0,Charge 6
2025-10-25T01:17:00Z,0,0,0,Charge 6
2025-10-25T01:17:01Z,0,0,0,Charge 6
2025-10-25T01:17:02Z,0,0,0,Charge 6
2025-10-25T01:17:03Z,0,0,0,Charge 6
2025-10-25T01:17:04Z,0,0,0,Charge 6
2025-10-25T01:17:05Z,0,0,0,Charge 6
2025-10-25T01:17:06Z,0,0,0,Charge 6
2025-10-25T01:17:07Z,0,0,0,Charge 6
2025-10-25T01:17:08Z,0,0,0,Charge 6
2025-10-25T01:17:09Z,0,0,0,Charge 6
2025-10-25T01:17:10Z,0,0,0,Charge 6
2025-10-25T01:17:11Z,0,0,0,Charge 6
2025-10-25T01:17:12Z,0,0,0,Charge 6
2025-10-25T01:17:13Z,0,0,0,Charge 6
2025-10-25T01:17:14Z,0,0,0,Charge 6
2025-10-25T01:17:15Z,0,0,0,Charge 6
2025-10-25T01:17:16Z,0,0,0,Charge 6
2025-10-25T01:17:17Z,0,0,0,Charge 6
2025-10-25T01:17:18Z,0,0,0,Charge 6
2025-10-25T01:17:19Z,0,0,0,Charge 6
2025-10-25T01:17:20Z,0,0,0,Charge 6
2025-10-25T01:17:21Z,0,0,0,Charge 6
2025-10-25T01:17:22Z,0,0,0,Charge 6
2025-10-25T01:17:23Z,0,0,0,Charge 6
2025-10-25T01:17:24Z,0,0,0,Charge 6
2025-10-25T01:17:25Z,0,0,0,Charge 6
2025-10-25T01:17:26Z,0,0,0,Charge 6
2025-10-25T01:17:27Z,0,0,0,Charge 6
2025-10-25T01:17:28Z,0,0,0,Charge 6
2025-10-25T01:17:29Z,0,0,0,Charge 6
2025-10-25T01:17:31Z,0,0,0,Charge 6
2025-10-25T01:17:32Z,0,0,0,Charge 6
2025-10-25T01:17:33Z,0,0,0,Charge 6
2025-10-25T01:17:34Z,0,0,0,Charge 6
2025-10-25T01:17:35Z,0,0,0,Charge 6
2025-10-25T01:17:36Z,0,0,0,Charge 6
2025-10-25T01:17:37Z,0,0,0,Charge 6
2025-10-25T01:17:38Z,0,0,0,Charge 6
2025-10-25T01:17:39Z,0,0,0,Charge 6
2025-10-25T01:17:40Z,0,0,0,Charge 6
2025-10-25T01:17:41Z,0,0,0,Charge 6
2025-10-25T01:17:42Z,0,0,0,Charge 6
2025-10-25T01:17:43Z,0,0,0,Charge 6
2025-10-25T01:17:44Z,0,0,0,Charge 6
2025-10-25T01:17:45Z,0,0,0,Charge 6
2025-10-25T01:17:46Z,0,0,0,Charge 6
2025-10-25T01:17:47Z,0,0,0,Charge 6
2025-10-25T01:17:48Z,0,0,0,Charge 6
2025-10-25T01:17:49Z,0,0,0,Charge 6
2025-10-25T01:17:50Z,0,0,0,Charge 6
2025-10-25T01:17:51Z,0,0,0,Charge 6
2025-10-25T01:17:52Z,1,0,0,Charge 6
2025-10-25T01:17:53Z,0,0,0,Charge 6
2025-10-25T01:17:54Z,2,0,0,Charge 6
2025-10-25T01:17:55Z,1,0,0,Charge 6
2025-10-25T01:17:56Z,1,0,0,Charge 6
2025-10-25T01:17:57Z,0,0,0,Charge 6
2025-10-25T01:17:58Z,2,130,0,Charge 6
2025-10-25T01:17:59Z,2,310,0,Charge 6
2025-10-25T01:18:00Z,1,460,0,Charge 6
2025-10-25T01:18:01Z,1,630,0,Charge 6
2025-10-25T01:18:02Z,1,780,0,Charge 6
2025-10-25T01:18:03Z,0,760,0,Charge 6
2025-10-25T01:18:04Z,1,670,0,Charge 6
2025-10-25T01:18:05Z,2,0,0,Charge 6
2025-10-25T01:18:06Z,2,0,0,Charge 6
2025-10-25T01:18:07Z,1,370,0,Charge 6
2025-10-25T01:18:08Z,1,440,0,Charge 6
2025-10-25T01:18:09Z,1,540,0,Charge 6
2025-10-25T01:18:10Z,2,680,0,Charge 6
2025-10-25T01:18:11Z,0,790,0,Charge 6
2025-10-25T01:18:12Z,0,1380,0,Charge 6
2025-10-25T01:18:13Z,0,0,0,Charge 6
2025-10-25T01:18:14Z,0,0,0,Charge 6
2025-10-25T01:18:15Z,0,0,0,Charge 6
2025-10-25T01:18:16Z,0,0,0,Charge 6
2025-10-25T01:18:17Z,0,0,0,Charge 6
2025-10-25T01:18:18Z,0,0,0,Charge 6
2025-10-25T01:18:19Z,1,0,0,Charge 6
2025-10-25T01:18:20Z,1,0,0,Charge 6
2025-10-25T01:18:21Z,1,0,0,Charge 6
2025-10-25T01:18:22Z,1,140,0,Charge 6
2025-10-25T01:18:23Z,2,310,0,Charge 6
2025-10-25T01:18:24Z,0,440,0,Charge 6
2025-10-25T01:18:25Z,0,530,0,Charge 6
2025-10-25T01:18:26Z,0,610,0,Charge 6
2025-10-25T01:18:27Z,0,0,0,Charge 6
2025-10-25T01:18:28Z,0,0,0,Charge 6
2025-10-25T01:18:29Z,0,0,0,Charge 6
2025-10-25T01:18:30Z,0,0,0,Charge 6
2025-10-25T01:18:31Z,0,0,0,Charge 6
2025-10-25T01:18:32Z,0,0,0,Charge 6
2025-10-25T01:18:33Z,0,0,0,Charge 6
2025-10-25T01:18:34Z,0,0,0,Charge 6
2025-10-25T01:18:35Z,0,0,0,Charge 6
2025-10-25T01:18:36Z,0,0,0,Charge 6
2025-10-25T01:18:37Z,0,0,0,Charge 6
2025-10-25T01:18:38Z,0,0,0,Charge 6
2025-10-25T01:18:39Z,0,0,0,Charge 6
2025-10-25T01:18:40Z,0,0,0,Charge 6
2025-10-25T01:18:41Z,0,0,0,Charge 6
2025-10-25T01:18:42Z,0,0,0,Charge 6
2025-10-25T01:18:43Z,0,0,0,Charge 6
2025-10-25T01:18:44Z,0,0,0,Charge 6
2025-10-25T01:18:45Z,0,0,0,Charge 6
2025-10-25T01:18:46Z,0,0,0,Charge 6
2025-10-25T01:18:47Z,0,0,0,Charge 6
2025-10-25T01:18:48Z,0,0,0,Charge 6
2025-10-25T01:18:49Z,0,0,0,Charge 6
2025-10-25T01:18:50Z,0,0,0,Charge 6
2025-10-25T01:18:51Z,0,0,0,Charge 6
2025-10-25T01:18:52Z,0,0,0,Charge 6
2025-10-25T01:18:53Z,0,0,0,Charge 6
2025-10-25T01:18:54Z,0,0,0,Charge 6
2025-10-25T01:18:55Z,0,0,0,Charge 6
2025-10-25T01:18:56Z,0,0,0,Charge 6
2025-10-25T01:18:57Z,0,0,0,Charge 6
2025-10-25T01:18:58Z,0,0,0,Charge 6
2025-10-25T01:18:59Z,0,0,0,Charge 6
2025-10-25T01:19:00Z,1,0,0,Charge 6
2025-10-25T01:19:01Z,1,0,0,Charge 6
2025-10-25T01:19:02Z,4,0,0,Charge 6
2025-10-25T01:19:03Z,0,0,0,Charge 6
2025-10-25T01:19:04Z,1,0,0,Charge 6
2025-10-25T01:19:05Z,1,0,0,Charge 6
2025-10-25T01:19:06Z,2,130,0,Charge 6
2025-10-25T01:19:07Z,1,270,0,Charge 6
2025-10-25T01:19:08Z,2,380,0,Charge 6
2025-10-25T01:19:09Z,2,380,0,Charge 6
2025-10-25T01:19:10Z,0,970,0,Charge 6
2025-10-25T01:19:11Z,0,0,0,Charge 6
2025-10-25T01:19:12Z,0,0,0,Charge 6
2025-10-25T01:19:13Z,0,0,0,Charge 6
2025-10-25T01:19:14Z,0,0,0,Charge 6
2025-10-25T01:19:15Z,0,0,0,Charge 6
2025-10-25T01:19:16Z,0,0,0,Charge 6
2025-10-25T01:19:17Z,0,0,0,Charge 6
2025-10-25T01:19:18Z,0,0,0,Charge 6
2025-10-25T01:19:19Z,0,0,0,Charge 6
2025-10-25T01:19:20Z,2,0,0,Charge 6
2025-10-25T01:19:21Z,1,0,0,Charge 6
2025-10-25T01:19:22Z,1,0,0,Charge 6
2025-10-25T01:19:23Z,2,0,0,Charge 6
2025-10-25T01:19:24Z,2,130,0,Charge 6
2025-10-25T01:19:25Z,0,230,0,Charge 6
2025-10-25T01:19:26Z,0,320,0,Charge 6
2025-10-25T01:19:27Z,0,790,0,Charge 6
2025-10-25T01:19:28Z,0,0,0,Charge 6
2025-10-25T01:19:29Z,0,0,0,Charge 6
2025-10-25T01:19:30Z,0,0,0,Charge 6
2025-10-25T01:19:31Z,1,0,0,Charge 6
2025-10-25T01:19:32Z,1,0,0,Charge 6
2025-10-25T01:19:33Z,2,0,0,Charge 6
2025-10-25T01:19:34Z,1,0,0,Charge 6
2025-10-25T01:19:35Z,2,140,0,Charge 6
2025-10-25T01:19:36Z,1,270,0,Charge 6
2025-10-25T01:19:37Z,0,370,0,Charge 6
2025-10-25T01:19:38Z,0,460,0,Charge 6
2025-10-25T01:19:39Z,0,510,0,Charge 6
2025-10-25T01:19:40Z,0,0,0,Charge 6
2025-10-25T01:19:41Z,1,0,0,Charge 6
2025-10-25T01:19:42Z,2,0,0,Charge 6
2025-10-25T01:19:43Z,2,200,0,Charge 6
2025-10-25T01:19:44Z,1,320,0,Charge 6
2025-10-25T01:19:45Z,2,480,0,Charge 6
2025-10-25T01:19:46Z,2,670,0,Charge 6
2025-10-25T01:19:47Z,2,880,0,Charge 6
2025-10-25T01:19:48Z,2,970,0,Charge 6
2025-10-25T01:19:49Z,2,1070,0,Charge 6
2025-10-25T01:19:50Z,1,1120,0,Charge 6
2025-10-25T01:19:51Z,1,1110,0,Charge 6
2025-10-25T01:19:52Z,0,1040,0,Charge 6
2025-10-25T01:19:53Z,1,1070,0,Charge 6
2025-10-25T01:19:54Z,1,960,0,Charge 6
2025-10-25T01:19:55Z,1,860,0,Charge 6
2025-10-25T01:19:56Z,0,710,0,Charge 6
2025-10-25T01:19:57Z,1,680,0,Charge 6
2025-10-25T01:19:58Z,2,680,0,Charge 6
2025-10-25T01:19:59Z,0,640,0,Charge 6
2025-10-25T01:20:00Z,1,630,0,Charge 6
2025-10-25T01:20:01Z,2,670,0,Charge 6
2025-10-25T01:20:02Z,1,710,0,Charge 6
2025-10-25T01:20:03Z,0,670,0,Charge 6
2025-10-25T01:20:04Z,2,640,0,Charge 6
2025-10-25T01:20:05Z,1,0,0,Charge 6
2025-10-25T01:20:06Z,2,1200,0,Charge 6
2025-10-25T01:20:07Z,2,660,0,Charge 6
2025-10-25T01:20:08Z,1,740,0,Charge 6
2025-10-25T01:20:09Z,2,860,0,Charge 6
2025-10-25T01:20:10Z,1,1040,0,Charge 6
2025-10-25T01:20:11Z,2,1070,0,Charge 6
2025-10-25T01:20:12Z,1,1070,0,Charge 6
2025-10-25T01:20:13Z,2,1080,0,Charge 6
2025-10-25T01:20:14Z,0,1090,0,Charge 6
2025-10-25T01:20:15Z,0,1080,0,Charge 6
2025-10-25T01:20:16Z,1,910,0,Charge 6
2025-10-25T01:20:17Z,2,0,0,Charge 6
2025-10-25T01:20:18Z,1,560,0,Charge 6
2025-10-25T01:20:19Z,2,640,0,Charge 6
2025-10-25T01:20:20Z,1,710,0,Charge 6
2025-10-25T01:20:21Z,2,840,0,Charge 6
2025-10-25T01:20:22Z,2,1020,0,Charge 6
2025-10-25T01:20:23Z,0,1000,0,Charge 6
2025-10-25T01:20:24Z,1,950,0,Charge 6
2025-10-25T01:20:25Z,2,960,0,Charge 6
2025-10-25T01:20:26Z,2,960,0,Charge 6
2025-10-25T01:20:27Z,1,920,0,Charge 6
2025-10-25T01:20:28Z,1,970,0,Charge 6
2025-10-25T01:20:29Z,1,980,0,Charge 6
2025-10-25T01:20:30Z,0,910,0,Charge 6
2025-10-25T01:20:31Z,0,780,0,Charge 6
2025-10-25T01:20:32Z,0,0,0,Charge 6
2025-10-25T01:20:33Z,0,0,0,Charge 6
2025-10-25T01:20:34Z,0,0,0,Charge 6
2025-10-25T01:20:35Z,0,0,0,Charge 6
2025-10-25T01:20:36Z,0,0,0,Charge 6
2025-10-25T01:20:37Z,0,0,0,Charge 6
2025-10-25T01:20:38Z,0,0,0,Charge 6
2025-10-25T01:20:39Z,0,0,0,Charge 6
2025-10-25T01:20:40Z,0,0,0,Charge 6
2025-10-25T01:20:41Z,0,0,0,Charge 6
2025-10-25T01:20:42Z,0,0,0,Charge 6
2025-10-25T01:20:43Z,0,0,0,Charge 6
2025-10-25T01:20:44Z,0,0,0,Charge 6
2025-10-25T01:20:45Z,0,0,0,Charge 6
2025-10-25T01:20:46Z,0,0,0,Charge 6
2025-10-25T01:20:47Z,0,0,0,Charge 6
2025-10-25T01:20:48Z,2,0,0,Charge 6
2025-10-25T01:20:49Z,2,0,0,Charge 6
2025-10-25T01:20:50Z,0,0,0,Charge 6
2025-10-25T01:20:51Z,0,0,0,Charge 6
2025-10-25T01:20:52Z,0,0,0,Charge 6
2025-10-25T01:20:53Z,0,0,0,Charge 6
2025-10-25T01:20:54Z,0,0,0,Charge 6
2025-10-25T01:20:55Z,0,0,0,Charge 6
2025-10-25T01:20:56Z,0,0,0,Charge 6
2025-10-25T01:20:57Z,0,0,0,Charge 6
2025-10-25T01:20:58Z,0,0,0,Charge 6
2025-10-25T01:20:59Z,0,0,0,Charge 6
2025-10-25T01:21:00Z,0,0,0,Charge 6
2025-10-25T01:21:01Z,0,0,0,Charge 6
2025-10-25T01:21:02Z,0,0,0,Charge 6
2025-10-25T01:21:03Z,0,0,0,Charge 6
2025-10-25T01:21:04Z,0,0,0,Charge 6
2025-10-25T01:21:05Z,0,0,0,Charge 6
2025-10-25T01:21:06Z,0,0,0,Charge 6
2025-10-25T01:21:07Z,0,0,0,Charge 6
2025-10-25T01:21:08Z,0,0,0,Charge 6
2025-10-25T01:21:09Z,0,0,0,Charge 6
2025-10-25T01:21:10Z,0,0,0,Charge 6
2025-10-25T01:21:11Z,0,0,0,Charge 6
2025-10-25T01:21:12Z,0,0,0,Charge 6
2025-10-25T01:21:13Z,0,0,0,Charge 6
2025-10-25T01:21:14Z,0,0,0,Charge 6
2025-10-25T01:21:15Z,0,0,0,Charge 6
2025-10-25T01:21:16Z,0,0,0,Charge 6
2025-10-25T01:21:17Z,0,0,0,Charge 6
2025-10-25T01:21:18Z,0,0,0,Charge 6
2025-10-25T01:21:19Z,0,0,0,Charge 6
2025-10-25T01:21:20Z,0,0,0,Charge 6
2025-10-25T01:21:21Z,0,0,0,Charge 6
2025-10-25T01:21:22Z,0,0,0,Charge 6
2025-10-25T01:21:23Z,0,0,0,Charge 6
2025-10-25T01:21:24Z,0,0,0,Charge 6
2025-10-25T01:21:25Z,0,0,0,Charge 6
2025-10-25T01:21:26Z,0,0,0,Charge 6
2025-10-25T01:21:27Z,0,0,0,Charge 6
2025-10-25T01:21:28Z,0,0,0,Charge 6
2025-10-25T01:21:29Z,0,0,0,Charge 6
2025-10-25T01:21:30Z,0,0,0,Charge 6
2025-10-25T01:21:31Z,0,0,0,Charge 6
2025-10-25T01:21:32Z,0,0,0,Charge 6
2025-10-25T01:21:33Z,0,0,0,Charge 6
2025-10-25T01:21:34Z,0,0,0,Charge 6
2025-10-25T01:21:35Z,0,0,0,Charge 6
2025-10-25T01:21:36Z,0,0,0,Charge 6
2025-10-25T01:21:37Z,0,0,0,Charge 6
2025-10-25T01:21:38Z,0,0,0,Charge 6
2025-10-25T01:21:39Z,0,0,0,Charge 6
2025-10-25T01:21:40Z,0,0,0,Charge 6
2025-10-25T01:21:41Z,0,0,0,Charge 6
2025-10-25T01:21:42Z,0,0,0,Charge 6
2025-10-25T01:21:43Z,0,0,0,Charge 6
2025-10-25T01:21:44Z,0,0,0,Charge 6
2025-10-25T01:21:45Z,0,0,0,Charge 6
2025-10-25T01:21:46Z,0,0,0,Charge 6
2025-10-25T01:21:47Z,0,0,0,Charge 6
2025-10-25T01:21:48Z,0,0,0,Charge 6
2025-10-25T01:21:49Z,1,0,0,Charge 6
2025-10-25T01:21:50Z,0,0,0,Charge 6
2025-10-25T01:21:51Z,0,0,0,Charge 6
2025-10-25T01:21:52Z,1,0,0,Charge 6
2025-10-25T01:21:53Z,1,0,0,Charge 6
2025-10-25T01:21:54Z,1,140,0,Charge 6
2025-10-25T01:21:55Z,0,230,0,Charge 6
2025-10-25T01:21:56Z,0,310,0,Charge 6
2025-10-25T01:21:57Z,0,790,0,Charge 6
2025-10-25T01:21:58Z,0,0,0,Charge 6
2025-10-25T01:21:59Z,0,0,0,Charge 6
2025-10-25T01:22:00Z,0,0,0,Charge 6
2025-10-25T01:22:01Z,0,0,0,Charge 6
2025-10-25T01:22:02Z,0,0,0,Charge 6
2025-10-25T01:22:03Z,0,0,0,Charge 6
2025-10-25T01:22:04Z,0,0,0,Charge 6
2025-10-25T01:22:05Z,0,0,0,Charge 6
2025-10-25T01:22:06Z,0,0,0,Charge 6
2025-10-25T01:22:07Z,0,0,0,Charge 6
2025-10-25T01:22:08Z,0,0,0,Charge 6
2025-10-25T01:22:09Z,0,0,0,Charge 6
2025-10-25T01:22:10Z,0,0,0,Charge 6
2025-10-25T01:22:11Z,0,0,0,Charge 6
2025-10-25T01:22:12Z,0,0,0,Charge 6
2025-10-25T01:22:13Z,0,0,0,Charge 6
2025-10-25T01:22:14Z,0,0,0,Charge 6
2025-10-25T01:22:15Z,0,0,0,Charge 6
2025-10-25T01:22:16Z,0,0,0,Charge 6
2025-10-25T01:22:17Z,0,0,0,Charge 6
2025-10-25T01:22:18Z,0,0,0,Charge 6
2025-10-25T01:22:19Z,0,0,0,Charge 6
2025-10-25T01:22:20Z,0,0,0,Charge 6
2025-10-25T01:22:21Z,0,0,0,Charge 6
2025-10-25T01:22:22Z,0,0,0,Charge 6
2025-10-25T01:22:23Z,0,0,0,Charge 6
2025-10-25T01:22:24Z,0,0,0,Charge 6
2025-10-25T01:22:25Z,0,0,0,Charge 6
2025-10-25T01:22:26Z,0,0,0,Charge 6
2025-10-25T01:22:27Z,0,0,0,Charge 6
2025-10-25T01:22:28Z,0,0,0,Charge 6
2025-10-25T01:22:29Z,2,0,0,Charge 6
2025-10-25T01:22:30Z,2,0,0,Charge 6
2025-10-25T01:22:31Z,0,0,0,Charge 6
2025-10-25T01:22:32Z,0,0,0,Charge 6
2025-10-25T01:22:33Z,0,0,0,Charge 6
2025-10-25T01:22:34Z,0,0,0,Charge 6
2025-10-25T01:22:35Z,0,0,0,Charge 6
2025-10-25T01:22:36Z,0,0,0,Charge 6
2025-10-25T01:22:37Z,0,0,0,Charge 6
2025-10-25T01:22:38Z,0,0,0,Charge 6
2025-10-25T01:22:39Z,0,0,0,Charge 6
2025-10-25T01:22:40Z,0,0,0,Charge 6
2025-10-25T01:22:41Z,0,0,0,Charge 6
2025-10-25T01:22:42Z,0,0,0,Charge 6
2025-10-25T01:22:43Z,0,0,0,Charge 6
2025-10-25T01:22:44Z,0,0,0,Charge 6
2025-10-25T01:22:45Z,0,0,0,Charge 6
2025-10-25T01:22:46Z,0,0,0,Charge 6
2025-10-25T01:22:47Z,0,0,0,Charge 6
2025-10-25T01:22:48Z,0,0,0,Charge 6
2025-10-25T01:22:49Z,0,0,0,Charge 6
2025-10-25T01:22:50Z,0,0,0,Charge 6
2025-10-25T01:22:51Z,0,0,0,Charge 6
2025-10-25T01:22:52Z,0,0,0,Charge 6
2025-10-25T01:22:53Z,0,0,0,Charge 6
2025-10-25T01:22:54Z,0,0,0,Charge 6
2025-10-25T01:22:55Z,0,0,0,Charge 6
2025-10-25T01:22:56Z,0,0,0,Charge 6
2025-10-25T01:22:57Z,0,0,0,Charge 6
2025-10-25T01:22:58Z,0,0,0,Charge 6
2025-10-25T01:22:59Z,0,0,0,Charge 6
2025-10-25T01:23:00Z,0,0,0,Charge 6
2025-10-25T01:23:01Z,0,0,0,Charge 6
2025-10-25T01:23:02Z,0,0,0,Charge 6
2025-10-25T01:23:03Z,0,0,0,Charge 6
2025-10-25T01:23:04Z,0,0,0,Charge 6
2025-10-25T01:23:05Z,0,0,0,Charge 6
2025-10-25T01:23:06Z,0,0,0,Charge 6
2025-10-25T01:23:07Z,0,0,0,Charge 6
2025-10-25T01:23:08Z,0,0,0,Charge 6
2025-10-25T01:23:09Z,0,0,0,Charge 6
2025-10-25T01:23:10Z,0,0,0,Charge 6
2025-10-25T01:23:11Z,0,0,0,Charge 6
2025-10-25T01:23:12Z,0,0,0,Charge 6
2025-10-25T01:23:13Z,0,0,0,Charge 6
2025-10-25T01:23:14Z,0,0,0,Charge 6
2025-10-25T01:23:15Z,0,0,0,Charge 6
2025-10-25T01:23:16Z,0,0,0,Charge 6
2025-10-25T01:23:17Z,0,0,0,Charge 6
2025-10-25T01:23:18Z,0,0,0,Charge 6
2025-10-25T01:23:19Z,0,0,0,Charge 6
2025-10-25T01:23:20Z,0,0,0,Charge 6
2025-10-25T01:23:21Z,0,0,0,Charge 6
2025-10-25T01:23:22Z,0,0,0,Charge 6
2025-10-25T01:23:23Z,1,0,0,Charge 6
2025-10-25T01:23:24Z,1,0,0,Charge 6
2025-10-25T01:23:25Z,0,0,0,Charge 6
2025-10-25T01:23:26Z,1,0,0,Charge 6
2025-10-25T01:23:27Z,1,0,0,Charge 6
2025-10-25T01:23:28Z,1,0,0,Charge 6
2025-10-25T01:23:29Z,1,0,0,Charge 6
2025-10-25T01:23:30Z,1,140,0,Charge 6
2025-10-25T01:23:31Z,0,230,0,Charge 6
2025-10-25T01:23:32Z,1,350,0,Charge 6
2025-10-25T01:23:33Z,0,440,0,Charge 6
2025-10-25T01:23:34Z,0,500,0,Charge 6
2025-10-25T01:23:35Z,0,0,0,Charge 6
2025-10-25T01:23:36Z,0,0,0,Charge 6
2025-10-25T01:23:37Z,0,0,0,Charge 6
2025-10-25T01:23:38Z,0,0,0,Charge 6
2025-10-25T01:23:39Z,0,0,0,Charge 6
2025-10-25T01:23:40Z,0,0,0,Charge 6
2025-10-25T01:23:41Z,0,0,0,Charge 6
2025-10-25T01:23:42Z,0,0,0,Charge 6
2025-10-25T01:23:43Z,0,0,0,Charge 6
2025-10-25T01:23:44Z,0,0,0,Charge 6
2025-10-25T01:23:45Z,0,0,0,Charge 6
2025-10-25T01:23:46Z,0,0,0,Charge 6
2025-10-25T01:23:47Z,0,0,0,Charge 6
2025-10-25T01:23:48Z,1,0,0,Charge 6
2025-10-25T01:23:49Z,2,0,0,Charge 6
2025-10-25T01:23:50Z,1,130,0,Charge 6
2025-10-25T01:23:51Z,0,240,0,Charge 6
2025-10-25T01:23:52Z,0,1100,0,Charge 6
2025-10-25T01:23:53Z,0,0,0,Charge 6
2025-10-25T01:23:54Z,0,0,0,Charge 6
2025-10-25T01:23:55Z,0,0,0,Charge 6
2025-10-25T01:23:56Z,0,0,0,Charge 6
2025-10-25T01:23:57Z,1,0,0,Charge 6
2025-10-25T01:23:58Z,2,0,0,Charge 6
2025-10-25T01:23:59Z,1,0,0,Charge 6
2025-10-25T01:24:00Z,1,0,0,Charge 6
2025-10-25T01:24:01Z,2,140,0,Charge 6
2025-10-25T01:24:02Z,1,270,0,Charge 6
2025-10-25T01:24:03Z,2,450,0,Charge 6
2025-10-25T01:24:04Z,1,610,0,Charge 6
2025-10-25T01:24:05Z,1,760,0,Charge 6
2025-10-25T01:24:06Z,2,820,0,Charge 6
2025-10-25T01:24:07Z,0,820,0,Charge 6
2025-10-25T01:24:08Z,0,1420,0,Charge 6
2025-10-25T01:24:09Z,0,0,0,Charge 6
2025-10-25T01:24:10Z,2,0,0,Charge 6
2025-10-25T01:24:11Z,2,0,0,Charge 6
2025-10-25T01:24:12Z,0,0,0,Charge 6
2025-10-25T01:24:13Z,0,0,0,Charge 6
2025-10-25T01:24:14Z,0,0,0,Charge 6
2025-10-25T01:24:15Z,0,0,0,Charge 6
2025-10-25T01:24:16Z,0,0,0,Charge 6
2025-10-25T01:24:17Z,0,0,0,Charge 6
2025-10-25T01:24:18Z,0,0,0,Charge 6
2025-10-25T01:24:19Z,0,0,0,Charge 6
2025-10-25T01:24:20Z,0,0,0,Charge 6
2025-10-25T01:24:21Z,0,0,0,Charge 6
2025-10-25T01:24:22Z,0,0,0,Charge 6
2025-10-25T01:24:23Z,0,0,0,Charge 6
2025-10-25T01:24:24Z,0,0,0,Charge 6
2025-10-25T01:24:25Z,0,0,0,Charge 6
2025-10-25T01:24:26Z,0,0,0,Charge 6
2025-10-25T01:24:27Z,0,0,0,Charge 6
2025-10-25T01:24:28Z,0,0,0,Charge 6
2025-10-25T01:24:29Z,0,0,0,Charge 6
2025-10-25T01:24:30Z,2,0,0,Charge 6
2025-10-25T01:24:31Z,2,0,0,Charge 6
2025-10-25T01:24:32Z,1,0,0,Charge 6
2025-10-25T01:24:33Z,2,130,0,Charge 6
2025-10-25T01:24:34Z,2,310,0,Charge 6
2025-10-25T01:24:35Z,0,430,0,Charge 6
2025-10-25T01:24:36Z,0,530,0,Charge 6
2025-10-25T01:24:37Z,0,610,0,Charge 6
2025-10-25T01:24:38Z,0,0,0,Charge 6
2025-10-25T01:24:39Z,0,0,0,Charge 6
2025-10-25T01:24:40Z,0,0,0,Charge 6
2025-10-25T01:24:41Z,0,0,0,Charge 6
2025-10-25T01:24:42Z,0,0,0,Charge 6
2025-10-25T01:24:43Z,0,0,0,Charge 6
2025-10-25T01:24:44Z,0,0,0,Charge 6
2025-10-25T01:24:45Z,0,0,0,Charge 6
2025-10-25T01:24:46Z,0,0,0,Charge 6
2025-10-25T01:24:47Z,0,0,0,Charge 6
2025-10-25T01:24:48Z,0,0,0,Charge 6
2025-10-25T01:24:49Z,0,0,0,Charge 6
2025-10-25T01:24:50Z,0,0,0,Charge 6
2025-10-25T01:24:51Z,0,0,0,Charge 6
2025-10-25T01:24:52Z,0,0,0,Charge 6
2025-10-25T01:24:53Z,0,0,0,Charge 6
2025-10-25T01:24:54Z,0,0,0,Charge 6
2025-10-25T01:24:55Z,0,0,0,Charge 6
2025-10-25T01:24:56Z,1,0,0,Charge 6
2025-10-25T01:24:57Z,3,140,0,Charge 6
2025-10-25T01:24:58Z,0,230,0,Charge 6
2025-10-25T01:24:59Z,0,310,0,Charge 6
2025-10-25T01:25:00Z,0,790,0,Charge 6
2025-10-25T01:25:01Z,0,0,0,Charge 6
2025-10-25T01:25:02Z,0,0,0,Charge 6
2025-10-25T01:25:03Z,0,0,0,Charge 6
2025-10-25T01:25:04Z,0,0,0,Charge 6
2025-10-25T01:25:05Z,0,0,0,Charge 6
2025-10-25T01:25:06Z,0,0,0,Charge 6
2025-10-25T01:25:07Z,0,0,0,Charge 6
2025-10-25T01:25:08Z,0,0,0,Charge 6
2025-10-25T01:25:09Z,0,0,0,Charge 6
2025-10-25T01:25:10Z,0,0,0,Charge 6
2025-10-25T01:25:11Z,0,0,0,Charge 6
2025-10-25T01:25:12Z,0,0,0,Charge 6
2025-10-25T01:25:13Z,0,0,0,Charge 6
2025-10-25T01:25:14Z,0,0,0,Charge 6
2025-10-25T01:25:15Z,0,0,0,Charge 6
2025-10-25T01:25:16Z,0,0,0,Charge 6
2025-10-25T01:25:17Z,0,0,0,Charge 6
2025-10-25T01:25:18Z,0,0,0,Charge 6
2025-10-25T01:25:19Z,0,0,0,Charge 6
2025-10-25T01:25:20Z,0,0,0,Charge 6
2025-10-25T01:25:21Z,0,0,0,Charge 6
2025-10-25T01:25:22Z,0,0,0,Charge 6
2025-10-25T01:25:23Z,0,0,0,Charge 6
2025-10-25T01:25:24Z,0,0,0,Charge 6
2025-10-25T01:25:25Z,0,0,0,Charge 6
2025-10-25T01:25:26Z,0,0,0,Charge 6
2025-10-25T01:25:27Z,0,0,0,Charge 6
2025-10-25T01:25:28Z,0,0,0,Charge 6
2025-10-25T01:25:29Z,0,0,0,Charge 6
2025-10-25T01:25:30Z,0,0,0,Charge 6
2025-10-25T01:25:31Z,0,0,0,Charge 6
2025-10-25T01:25:32Z,0,0,0,Charge 6
2025-10-25T01:25:33Z,0,0,0,Charge 6
2025-10-25T01:25:34Z,0,0,0,Charge 6
2025-10-25T01:25:35Z,0,0,0,Charge 6
2025-10-25T01:25:36Z,0,0,0,Charge 6
2025-10-25T01:25:37Z,0,0,0,Charge 6
2025-10-25T01:25:38Z,0,0,0,Charge 6
2025-10-25T01:25:39Z,0,0,0,Charge 6
2025-10-25T01:25:40Z,0,0,0,Charge 6
2025-10-25T01:25:41Z,0,0,0,Charge 6
2025-10-25T01:25:42Z,0,0,0,Charge 6
2025-10-25T01:25:43Z,0,0,0,Charge 6
2025-10-25T01:25:44Z,0,0,0,Charge 6
2025-10-25T01:25:45Z,0,0,0,Charge 6
2025-10-25T01:25:46Z,0,0,0,Charge 6
2025-10-25T01:25:47Z,0,0,0,Charge 6
2025-10-25T01:25:48Z,0,0,0,Charge 6
2025-10-25T01:25:49Z,0,0,0,Charge 6
2025-10-25T01:25:50Z,2,0,0,Charge 6
2025-10-25T01:25:51Z,2,0,0,Charge 6
2025-10-25T01:25:52Z,0,0,0,Charge 6
2025-10-25T01:25:53Z,0,0,0,Charge 6
2025-10-25T01:25:54Z,0,0,0,Charge 6
2025-10-25T01:25:55Z,0,0,0,Charge 6
2025-10-25T01:25:56Z,0,0,0,Charge 6
2025-10-25T01:25:57Z,0,0,0,Charge 6
2025-10-25T01:25:58Z,0,0,0,Charge 6
2025-10-25T01:25:59Z,0,0,0,Charge 6
2025-10-25T01:26:00Z,0,0,0,Charge 6
2025-10-25T01:26:01Z,0,0,0,Charge 6
2025-10-25T01:26:02Z,0,0,0,Charge 6
2025-10-25T01:26:03Z,0,0,0,Charge 6
2025-10-25T01:26:04Z,0,0,0,Charge 6
2025-10-25T01:26:05Z,0,0,0,Charge 6
2025-10-25T01:26:06Z,0,0,0,Charge 6
2025-10-25T01:26:07Z,0,0,0,Charge 6
2025-10-25T01:26:08Z,0,0,0,Charge 6
2025-10-25T01:26:09Z,0,0,0,Charge 6
2025-10-25T01:26:10Z,0,0,0,Charge 6
2025-10-25T01:26:11Z,0,0,0,Charge 6
2025-10-25T01:26:12Z,0,0,0,Charge 6
2025-10-25T01:26:13Z,0,0,0,Charge 6
2025-10-25T01:26:14Z,0,0,0,Charge 6
2025-10-25T01:26:15Z,0,0,0,Charge 6
2025-10-25T01:26:16Z,0,0,0,Charge 6
2025-10-25T01:26:17Z,0,0,0,Charge 6
2025-10-25T01:26:18Z,0,0,0,Charge 6
2025-10-25T01:26:19Z,0,0,0,Charge 6
2025-10-25T01:26:20Z,0,0,0,Charge 6
2025-10-25T01:26:21Z,0,0,0,Charge 6
2025-10-25T01:26:22Z,0,0,0,Charge 6
2025-10-25T01:26:23Z,0,0,0,Charge 6
2025-10-25T01:26:24Z,0,0,0,Charge 6
2025-10-25T01:26:25Z,0,0,0,Charge 6
2025-10-25T01:26:26Z,0,0,0,Charge 6
2025-10-25T01:26:27Z,0,0,0,Charge 6
2025-10-25T01:26:28Z,0,0,0,Charge 6
2025-10-25T01:26:29Z,0,0,0,Charge 6
2025-10-25T01:26:30Z,0,0,0,Charge 6
2025-10-25T01:26:31Z,0,0,0,Charge 6
2025-10-25T01:26:32Z,0,0,0,Charge 6
2025-10-25T01:26:33Z,0,0,0,Charge 6
2025-10-25T01:26:34Z,0,0,0,Charge 6
2025-10-25T01:26:35Z,0,0,0,Charge 6
2025-10-25T01:26:36Z,0,0,0,Charge 6
2025-10-25T01:26:37Z,0,0,0,Charge 6
2025-10-25T01:26:38Z,0,0,0,Charge 6
2025-10-25T01:26:39Z,0,0,0,Charge 6
2025-10-25T01:26:40Z,0,0,0,Charge 6
2025-10-25T01:26:41Z,0,0,0,Charge 6
2025-10-25T01:26:42Z,0,0,0,Charge 6
2025-10-25T01:26:43Z,0,0,0,Charge 6
2025-10-25T01:26:44Z,0,0,0,Charge 6
2025-10-25T01:26:45Z,0,0,0,Charge 6
2025-10-25T01:26:46Z,0,0,0,Charge 6
2025-10-25T01:26:47Z,0,0,0,Charge 6
2025-10-25T01:26:48Z,0,0,0,Charge 6
2025-10-25T01:26:49Z,0,0,0,Charge 6
2025-10-25T01:26:50Z,0,0,0,Charge 6
2025-10-25T01:26:51Z,0,0,0,Charge 6
2025-10-25T01:26:52Z,0,0,0,Charge 6
2025-10-25T01:26:53Z,0,0,0,Charge 6
2025-10-25T01:26:54Z,0,0,0,Charge 6
2025-10-25T01:26:55Z,0,0,0,Charge 6
2025-10-25T01:26:56Z,0,0,0,Charge 6
2025-10-25T01:26:57Z,0,0,0,Charge 6
2025-10-25T01:26:58Z,0,0,0,Charge 6
2025-10-25T01:26:59Z,0,0,0,Charge 6
2025-10-25T01:27:00Z,0,0,0,Charge 6
2025-10-25T01:27:01Z,0,0,0,Charge 6
2025-10-25T01:27:02Z,0,0,0,Charge 6
2025-10-25T01:27:03Z,0,0,0,Charge 6
2025-10-25T01:27:04Z,0,0,0,Charge 6
2025-10-25T01:27:05Z,0,0,0,Charge 6
2025-10-25T01:27:06Z,0,0,0,Charge 6
2025-10-25T01:27:07Z,0,0,0,Charge 6
2025-10-25T01:27:08Z,0,0,0,Charge 6
2025-10-25T01:27:09Z,0,0,0,Charge 6
2025-10-25T01:27:10Z,0,0,0,Charge 6
2025-10-25T01:27:11Z,0,0,0,Charge 6
2025-10-25T01:27:12Z,0,0,0,Charge 6
2025-10-25T01:27:13Z,0,0,0,Charge 6
2025-10-25T01:27:14Z,0,0,0,Charge 6
2025-10-25T01:27:15Z,0,0,0,Charge 6
2025-10-25T01:27:16Z,0,0,0,Charge 6
2025-10-25T01:27:17Z,0,0,0,Charge 6
2025-10-25T01:27:18Z,0,0,0,Charge 6
2025-10-25T01:27:19Z,0,0,0,Charge 6
2025-10-25T01:27:20Z,0,0,0,Charge 6
2025-10-25T01:27:21Z,0,0,0,Charge 6
2025-10-25T01:27:22Z,0,0,0,Charge 6
2025-10-25T01:27:23Z,0,0,0,Charge 6
2025-10-25T01:27:24Z,0,0,0,Charge 6
2025-10-25T01:27:25Z,0,0,0,Charge 6
2025-10-25T01:27:26Z,0,0,0,Charge 6
2025-10-25T01:27:27Z,0,0,0,Charge 6
2025-10-25T01:27:28Z,0,0,0,Charge 6
2025-10-25T01:27:29Z,0,0,0,Charge 6
2025-10-25T01:27:30Z,0,0,0,Charge 6
2025-10-25T01:27:31Z,2,0,0,Charge 6
2025-10-25T01:27:32Z,2,0,0,Charge 6
2025-10-25T01:27:33Z,0,0,0,Charge 6
2025-10-25T01:27:34Z,0,0,0,Charge 6
2025-10-25T01:27:35Z,0,0,0,Charge 6
2025-10-25T01:27:36Z,0,0,0,Charge 6
2025-10-25T01:27:37Z,0,0,0,Charge 6
2025-10-25T01:27:38Z,0,0,0,Charge 6
2025-10-25T01:27:39Z,0,0,0,Charge 6
2025-10-25T01:27:40Z,0,0,0,Charge 6
2025-10-25T01:27:41Z,0,0,0,Charge 6
2025-10-25T01:27:42Z,1,0,0,Charge 6
2025-10-25T01:27:43Z,0,0,0,Charge 6
2025-10-25T01:27:44Z,0,0,0,Charge 6
2025-10-25T01:27:45Z,1,0,0,Charge 6
2025-10-25T01:27:46Z,1,0,0,Charge 6
2025-10-25T01:27:47Z,0,0,0,Charge 6
2025-10-25T01:27:48Z,2,0,0,Charge 6
2025-10-25T01:27:49Z,2,130,0,Charge 6
2025-10-25T01:27:50Z,2,310,0,Charge 6
2025-10-25T01:27:51Z,2,510,0,Charge 6
2025-10-25T01:27:52Z,2,720,0,Charge 6
2025-10-25T01:27:53Z,1,930,0,Charge 6
2025-10-25T01:27:54Z,1,960,0,Charge 6
2025-10-25T01:27:55Z,1,970,0,Charge 6
2025-10-25T01:27:56Z,3,1000,0,Charge 6
2025-10-25T01:27:57Z,1,1000,0,Charge 6
2025-10-25T01:27:58Z,2,1010,0,Charge 6
2025-10-25T01:27:59Z,1,1090,0,Charge 6
2025-10-25T01:28:00Z,2,1150,0,Charge 6
2025-10-25T01:28:01Z,1,1100,0,Charge 6
2025-10-25T01:28:02Z,3,1160,0,Charge 6
2025-10-25T01:28:03Z,0,1160,0,Charge 6
2025-10-25T01:28:04Z,0,1150,0,Charge 6
2025-10-25T01:28:05Z,0,1860,0,Charge 6
2025-10-25T01:28:06Z,0,0,0,Charge 6
2025-10-25T01:28:07Z,0,0,0,Charge 6
2025-10-25T01:28:08Z,0,0,0,Charge 6
2025-10-25T01:28:09Z,0,0,0,Charge 6
2025-10-25T01:28:10Z,0,0,0,Charge 6
2025-10-25T01:28:11Z,0,0,0,Charge 6
2025-10-25T01:28:12Z,0,0,0,Charge 6
2025-10-25T01:28:13Z,0,0,0,Charge 6
2025-10-25T01:28:14Z,0,0,0,Charge 6
2025-10-25T01:28:15Z,0,0,0,Charge 6
2025-10-25T01:28:16Z,0,0,0,Charge 6
2025-10-25T01:28:17Z,0,0,0,Charge 6
2025-10-25T01:28:18Z,0,0,0,Charge 6
2025-10-25T01:28:19Z,0,0,0,Charge 6
2025-10-25T01:28:20Z,0,0,0,Charge 6
2025-10-25T01:28:21Z,0,0,0,Charge 6
2025-10-25T01:28:22Z,0,0,0,Charge 6
2025-10-25T01:28:23Z,0,0,0,Charge 6
2025-10-25T01:28:24Z,0,0,0,Charge 6
2025-10-25T01:28:25Z,0,0,0,Charge 6
2025-10-25T01:28:26Z,0,0,0,Charge 6
2025-10-25T01:28:27Z,0,0,0,Charge 6
2025-10-25T01:28:28Z,0,0,0,Charge 6
2025-10-25T01:28:29Z,0,0,0,Charge 6
2025-10-25T01:28:30Z,0,0,0,Charge 6
2025-10-25T01:28:31Z,0,0,0,Charge 6
2025-10-25T01:28:32Z,0,0,0,Charge 6
2025-10-25T01:28:33Z,0,0,0,Charge 6
2025-10-25T01:28:34Z,0,0,0,Charge 6
2025-10-25T01:28:35Z,0,0,0,Charge 6
2025-10-25T01:28:36Z,0,0,0,Charge 6
2025-10-25T01:28:37Z,0,0,0,Charge 6
2025-10-25T01:28:38Z,0,0,0,Charge 6
2025-10-25T01:28:39Z,0,0,0,Charge 6
2025-10-25T01:28:40Z,0,0,0,Charge 6
2025-10-25T01:28:41Z,0,0,0,Charge 6
2025-10-25T01:28:42Z,0,0,0,Charge 6
2025-10-25T01:28:43Z,0,0,0,Charge 6
2025-10-25T01:28:44Z,0,0,0,Charge 6
2025-10-25T01:28:45Z,0,0,0,Charge 6
2025-10-25T01:28:46Z,0,0,0,Charge 6
2025-10-25T01:28:47Z,0,0,0,Charge 6
2025-10-25T01:28:48Z,0,0,0,Charge 6
2025-10-25T01:28:49Z,0,0,0,Charge 6
2025-10-25T01:28:50Z,0,0,0,Charge 6
2025-10-25T01:28:51Z,0,0,0,Charge 6
2025-10-25T01:28:52Z,0,0,0,Charge 6
2025-10-25T01:28:53Z,0,0,0,Charge 6
2025-10-25T01:28:54Z,0,0,0,Charge 6
2025-10-25T01:28:55Z,0,0,0,Charge 6
2025-10-25T01:28:56Z,0,0,0,Charge 6
2025-10-25T01:28:57Z,0,0,0,Charge 6
2025-10-25T01:28:58Z,0,0,0,Charge 6
2025-10-25T01:28:59Z,0,0,0,Charge 6
2025-10-25T01:29:00Z,0,0,0,Charge 6
2025-10-25T01:29:01Z,0,0,0,Charge 6
2025-10-25T01:29:02Z,0,0,0,Charge 6
2025-10-25T01:29:03Z,0,0,0,Charge 6
2025-10-25T01:29:04Z,0,0,0,Charge 6
2025-10-25T01:29:05Z,0,0,0,Charge 6
2025-10-25T01:29:06Z,0,0,0,Charge 6
2025-10-25T01:29:07Z,0,0,0,Charge 6
2025-10-25T01:29:08Z,0,0,0,Charge 6
2025-10-25T01:29:09Z,0,0,0,Charge 6
2025-10-25T01:29:10Z,0,0,0,Charge 6
2025-10-25T01:29:11Z,0,0,0,Charge 6
2025-10-25T01:29:12Z,2,0,0,Charge 6
2025-10-25T01:29:13Z,2,0,0,Charge 6
2025-10-25T01:29:14Z,0,0,0,Charge 6
2025-10-25T01:29:15Z,0,0,0,Charge 6
2025-10-25T01:29:16Z,0,0,0,Charge 6
2025-10-25T01:29:17Z,0,0,0,Charge 6
2025-10-25T01:29:18Z,0,0,0,Charge 6
2025-10-25T01:29:19Z,0,0,0,Charge 6
2025-10-25T01:29:20Z,0,0,0,Charge 6
2025-10-25T01:29:21Z,0,0,0,Charge 6
2025-10-25T01:29:22Z,0,0,0,Charge 6
2025-10-25T01:29:23Z,0,0,0,Charge 6
2025-10-25T01:29:24Z,0,0,0,Charge 6
2025-10-25T01:29:25Z,0,0,0,Charge 6
2025-10-25T01:29:26Z,0,0,0,Charge 6
2025-10-25T01:29:27Z,0,0,0,Charge 6
2025-10-25T01:29:28Z,0,0,0,Charge 6
2025-10-25T01:29:29Z,0,0,0,Charge 6
2025-10-25T01:29:30Z,0,0,0,Charge 6
2025-10-25T01:29:31Z,0,0,0,Charge 6
2025-10-25T01:29:32Z,0,0,0,Charge 6
2025-10-25T01:29:33Z,0,0,0,Charge 6
2025-10-25T01:29:34Z,0,0,0,Charge 6
2025-10-25T01:29:35Z,0,0,0,Charge 6
2025-10-25T01:29:36Z,0,0,0,Charge 6
2025-10-25T01:29:37Z,0,0,0,Charge 6
2025-10-25T01:29:38Z,0,0,0,Charge 6
2025-10-25T01:29:39Z,2,0,0,Charge 6
2025-10-25T01:29:40Z,2,0,0,Charge 6
2025-10-25T01:29:41Z,0,0,0,Charge 6
2025-10-25T01:29:42Z,0,0,0,Charge 6
2025-10-25T01:29:43Z,0,0,0,Charge 6
2025-10-25T01:29:44Z,0,0,0,Charge 6
2025-10-25T01:29:45Z,0,0,0,Charge 6
2025-10-25T01:29:46Z,0,0,0,Charge 6
2025-10-25T01:29:47Z,0,0,0,Charge 6
2025-10-25T01:29:48Z,0,0,0,Charge 6
2025-10-25T01:29:49Z,0,0,0,Charge 6
2025-10-25T01:29:50Z,0,0,0,Charge 6
2025-10-25T01:29:51Z,0,0,0,Charge 6
2025-10-25T01:29:52Z,0,0,0,Charge 6
2025-10-25T01:29:53Z,0,0,0,Charge 6
2025-10-25T01:29:54Z,0,0,0,Charge 6
2025-10-25T01:29:55Z,0,0,0,Charge 6
2025-10-25T01:29:56Z,0,0,0,Charge 6
2025-10-25T01:29:57Z,0,0,0,Charge 6
2025-10-25T01:29:58Z,0,0,0,Charge 6
2025-10-25T01:29:59Z,0,0,0,Charge 6
2025-10-25T01:30:00Z,0,0,0,Charge 6
2025-10-25T01:30:01Z,0,0,0,Charge 6
2025-10-25T01:30:02Z,0,0,0,Charge 6
2025-10-25T01:30:03Z,0,0,0,Charge 6
2025-10-25T01:30:04Z,0,0,0,Charge 6
2025-10-25T01:30:05Z,0,0,0,Charge 6
2025-10-25T01:30:06Z,0,0,0,Charge 6
2025-10-25T01:30:07Z,0,0,0,Charge 6
2025-10-25T01:30:08Z,0,0,0,Charge 6
2025-10-25T01:30:09Z,0,0,0,Charge 6
2025-10-25T01:30:10Z,0,0,0,Charge 6
2025-10-25T01:30:11Z,0,0,0,Charge 6
2025-10-25T01:30:12Z,0,0,0,Charge 6
2025-10-25T01:30:13Z,0,0,0,Charge 6
2025-10-25T01:30:14Z,0,0,0,Charge 6
2025-10-25T01:30:15Z,0,0,0,Charge 6
2025-10-25T01:30:16Z,0,0,0,Charge 6
2025-10-25T01:30:17Z,0,0,0,Charge 6
2025-10-25T01:30:18Z,0,0,0,Charge 6
2025-10-25T01:30:19Z,0,0,0,Charge 6
2025-10-25T01:30:20Z,1,0,0,Charge 6
2025-10-25T01:30:21Z,0,0,0,Charge 6
2025-10-25T01:30:22Z,0,0,0,Charge 6
2025-10-25T01:30:23Z,0,0,0,Charge 6
2025-10-25T01:30:24Z,2,0,0,Charge 6
2025-10-25T01:30:25Z,1,130,0,Charge 6
2025-10-25T01:30:26Z,1,270,0,Charge 6
2025-10-25T01:30:27Z,1,420,0,Charge 6
2025-10-25T01:30:28Z,2,580,0,Charge 6
2025-10-25T01:30:29Z,0,710,0,Charge 6
2025-10-25T01:30:30Z,0,670,0,Charge 6
2025-10-25T01:30:31Z,0,610,0,Charge 6
2025-10-25T01:30:32Z,0,0,0,Charge 6
2025-10-25T01:30:33Z,0,0,0,Charge 6
2025-10-25T01:30:34Z,0,0,0,Charge 6
2025-10-25T01:30:35Z,0,0,0,Charge 6
2025-10-25T01:30:36Z,0,0,0,Charge 6
2025-10-25T01:30:37Z,0,0,0,Charge 6
2025-10-25T01:30:38Z,0,0,0,Charge 6
2025-10-25T01:30:39Z,0,0,0,Charge 6
2025-10-25T01:30:40Z,0,0,0,Charge 6
2025-10-25T01:30:41Z,0,0,0,Charge 6
2025-10-25T01:30:42Z,0,0,0,Charge 6
2025-10-25T01:30:43Z,0,0,0,Charge 6
2025-10-25T01:30:44Z,0,0,0,Charge 6
2025-10-25T01:30:45Z,0,0,0,Charge 6
2025-10-25T01:30:46Z,0,0,0,Charge 6
2025-10-25T01:30:47Z,0,0,0,Charge 6
2025-10-25T01:30:48Z,0,0,0,Charge 6
2025-10-25T01:30:49Z,0,0,0,Charge 6
2025-10-25T01:30:50Z,0,0,0,Charge 6
2025-10-25T01:30:51Z,0,0,0,Charge 6
2025-10-25T01:30:52Z,2,0,0,Charge 6
2025-10-25T01:30:53Z,2,0,0,Charge 6
2025-10-25T01:30:54Z,0,0,0,Charge 6
2025-10-25T01:30:55Z,0,0,0,Charge 6
2025-10-25T01:30:56Z,0,0,0,Charge 6
2025-10-25T01:30:57Z,0,0,0,Charge 6
2025-10-25T01:30:58Z,0,0,0,Charge 6
2025-10-25T01:30:59Z,0,0,0,Charge 6
2025-10-25T01:31:00Z,0,0,0,Charge 6
2025-10-25T01:31:01Z,0,0,0,Charge 6
2025-10-25T01:31:02Z,0,0,0,Charge 6
2025-10-25T01:31:03Z,0,0,0,Charge 6
2025-10-25T01:31:04Z,0,0,0,Charge 6
2025-10-25T01:31:05Z,0,0,0,Charge 6
2025-10-25T01:31:06Z,0,0,0,Charge 6
2025-10-25T01:31:07Z,0,0,0,Charge 6
2025-10-25T01:31:08Z,0,0,0,Charge 6
2025-10-25T01:31:09Z,0,0,0,Charge 6
2025-10-25T01:31:10Z,0,0,0,Charge 6
2025-10-25T01:31:11Z,0,0,0,Charge 6
2025-10-25T01:31:12Z,0,0,0,Charge 6
2025-10-25T01:31:13Z,0,0,0,Charge 6
2025-10-25T01:31:14Z,0,0,0,Charge 6
2025-10-25T01:31:15Z,0,0,0,Charge 6
2025-10-25T01:31:16Z,0,0,0,Charge 6
2025-10-25T01:31:17Z,0,0,0,Charge 6
2025-10-25T01:31:18Z,0,0,0,Charge 6
2025-10-25T01:31:19Z,0,0,0,Charge 6
2025-10-25T01:31:20Z,0,0,0,Charge 6
2025-10-25T01:31:21Z,0,0,0,Charge 6
2025-10-25T01:31:22Z,0,0,0,Charge 6
2025-10-25T01:31:23Z,0,0,0,Charge 6
2025-10-25T01:31:24Z,0,0,0,Charge 6
2025-10-25T01:31:25Z,0,0,0,Charge 6
2025-10-25T01:31:26Z,0,0,0,Charge 6
2025-10-25T01:31:27Z,0,0,0,Charge 6
2025-10-25T01:31:28Z,0,0,0,Charge 6
2025-10-25T01:31:29Z,0,0,0,Charge 6
2025-10-25T01:31:30Z,0,0,0,Charge 6
2025-10-25T01:31:31Z,1,0,0,Charge 6
2025-10-25T01:31:32Z,1,0,0,Charge 6
2025-10-25T01:31:33Z,0,0,0,Charge 6
2025-10-25T01:31:34Z,2,0,0,Charge 6
2025-10-25T01:31:35Z,1,0,0,Charge 6
2025-10-25T01:31:36Z,1,0,0,Charge 6
2025-10-25T01:31:37Z,1,140,0,Charge 6
2025-10-25T01:31:38Z,3,340,0,Charge 6
2025-10-25T01:31:39Z,0,500,0,Charge 6
2025-10-25T01:31:40Z,0,610,0,Charge 6
2025-10-25T01:31:41Z,0,700,0,Charge 6
2025-10-25T01:31:42Z,0,630,0,Charge 6
2025-10-25T01:31:43Z,0,0,0,Charge 6
2025-10-25T01:31:44Z,0,0,0,Charge 6
2025-10-25T01:31:45Z,0,0,0,Charge 6
2025-10-25T01:31:46Z,0,0,0,Charge 6
2025-10-25T01:31:47Z,0,0,0,Charge 6
2025-10-25T01:31:48Z,0,0,0,Charge 6
2025-10-25T01:31:49Z,0,0,0,Charge 6
2025-10-25T01:31:50Z,0,0,0,Charge 6
2025-10-25T01:31:51Z,0,0,0,Charge 6
2025-10-25T01:31:52Z,0,0,0,Charge 6
2025-10-25T01:31:53Z,0,0,0,Charge 6
2025-10-25T01:31:54Z,0,0,0,Charge 6
2025-10-25T01:31:55Z,0,0,0,Charge 6
2025-10-25T01:31:56Z,0,0,0,Charge 6
2025-10-25T01:31:57Z,0,0,0,Charge 6
2025-10-25T01:31:58Z,0,0,0,Charge 6
2025-10-25T01:31:59Z,0,0,0,Charge 6
2025-10-25T01:32:00Z,0,0,0,Charge 6
2025-10-25T01:32:01Z,0,0,0,Charge 6
2025-10-25T01:32:02Z,0,0,0,Charge 6
2025-10-25T01:32:03Z,0,0,0,Charge 6
2025-10-25T01:32:04Z,0,0,0,Charge 6
2025-10-25T01:32:05Z,0,0,0,Charge 6
2025-10-25T01:32:06Z,0,0,0,Charge 6
2025-10-25T01:32:07Z,0,0,0,Charge 6
2025-10-25T01:32:08Z,0,0,0,Charge 6
2025-10-25T01:32:09Z,0,0,0,Charge 6
2025-10-25T01:32:10Z,0,0,0,Charge 6
2025-10-25T01:32:11Z,0,0,0,Charge 6
2025-10-25T01:32:12Z,0,0,0,Charge 6
2025-10-25T01:32:13Z,0,0,0,Charge 6
2025-10-25T01:32:14Z,0,0,0,Charge 6
2025-10-25T01:32:15Z,0,0,0,Charge 6
2025-10-25T01:32:16Z,0,0,0,Charge 6
2025-10-25T01:32:17Z,0,0,0,Charge 6
2025-10-25T01:32:18Z,0,0,0,Charge 6
2025-10-25T01:32:19Z,0,0,0,Charge 6
2025-10-25T01:32:20Z,0,0,0,Charge 6
2025-10-25T01:32:21Z,0,0,0,Charge 6
2025-10-25T01:32:22Z,0,0,0,Charge 6
2025-10-25T01:32:23Z,0,0,0,Charge 6
2025-10-25T01:32:24Z,0,0,0,Charge 6
2025-10-25T01:32:25Z,0,0,0,Charge 6
2025-10-25T01:32:26Z,0,0,0,Charge 6
2025-10-25T01:32:27Z,0,0,0,Charge 6
2025-10-25T01:32:28Z,0,0,0,Charge 6
2025-10-25T01:32:29Z,0,0,0,Charge 6
2025-10-25T01:32:30Z,0,0,0,Charge 6
2025-10-25T01:32:31Z,0,0,0,Charge 6
2025-10-25T01:32:32Z,2,0,0,Charge 6
2025-10-25T01:32:33Z,2,0,0,Charge 6
2025-10-25T01:32:34Z,0,0,0,Charge 6
2025-10-25T01:32:35Z,0,0,0,Charge 6
2025-10-25T01:32:36Z,0,0,0,Charge 6
2025-10-25T01:32:37Z,0,0,0,Charge 6
2025-10-25T01:32:38Z,0,0,0,Charge 6
2025-10-25T01:32:39Z,0,0,0,Charge 6
2025-10-25T01:32:40Z,0,0,0,Charge 6
2025-10-25T01:32:41Z,0,0,0,Charge 6
2025-10-25T01:32:42Z,0,0,0,Charge 6
2025-10-25T01:32:43Z,0,0,0,Charge 6
2025-10-25T01:32:44Z,0,0,0,Charge 6
2025-10-25T01:32:45Z,0,0,0,Charge 6
2025-10-25T01:32:46Z,0,0,0,Charge 6
2025-10-25T01:32:47Z,0,0,0,Charge 6
2025-10-25T01:32:48Z,0,0,0,Charge 6
2025-10-25T01:32:49Z,0,0,0,Charge 6
2025-10-25T01:32:50Z,0,0,0,Charge 6
2025-10-25T01:32:51Z,0,0,0,Charge 6
2025-10-25T01:32:52Z,0,0,0,Charge 6
2025-10-25T01:32:53Z,0,0,0,Charge 6
2025-10-25T01:32:54Z,0,0,0,Charge 6
2025-10-25T01:32:55Z,0,0,0,Charge 6
2025-10-25T01:32:56Z,0,0,0,Charge 6
2025-10-25T01:32:57Z,0,0,0,Charge 6
2025-10-25T01:32:58Z,0,0,0,Charge 6
2025-10-25T01:32:59Z,0,0,0,Charge 6
2025-10-25T01:33:00Z,0,0,0,Charge 6
2025-10-25T01:33:01Z,0,0,0,Charge 6
2025-10-25T01:33:02Z,0,0,0,Charge 6
2025-10-25T01:33:03Z,0,0,0,Charge 6
2025-10-25T01:33:04Z,0,0,0,Charge 6
2025-10-25T01:33:05Z,0,0,0,Charge 6
2025-10-25T01:33:06Z,0,0,0,Charge 6
2025-10-25T01:33:07Z,0,0,0,Charge 6
2025-10-25T01:33:08Z,0,0,0,Charge 6
2025-10-25T01:33:09Z,0,0,0,Charge 6
2025-10-25T01:33:10Z,0,0,0,Charge 6
2025-10-25T01:33:11Z,0,0,0,Charge 6
2025-10-25T01:33:12Z,0,0,0,Charge 6
2025-10-25T01:33:13Z,0,0,0,Charge 6
2025-10-25T01:33:14Z,0,0,0,Charge 6
2025-10-25T01:33:15Z,0,0,0,Charge 6
2025-10-25T01:33:16Z,0,0,0,Charge 6
2025-10-25T01:33:17Z,0,0,0,Charge 6
2025-10-25T01:33:18Z,0,0,0,Charge 6
2025-10-25T01:33:19Z,0,0,0,Charge 6
2025-10-25T01:33:20Z,0,0,0,Charge 6
2025-10-25T01:33:21Z,0,0,0,Charge 6
2025-10-25T01:33:22Z,0,0,0,Charge 6
2025-10-25T01:33:23Z,0,0,0,Charge 6
2025-10-25T01:33:24Z,1,0,0,Charge 6
2025-10-25T01:33:25Z,2,0,0,Charge 6
2025-10-25T01:33:26Z,2,0,0,Charge 6
2025-10-25T01:33:27Z,1,0,0,Charge 6
2025-10-25T01:33:28Z,0,0,0,Charge 6
2025-10-25T01:33:29Z,2,130,0,Charge 6
2025-10-25T01:33:30Z,1,270,0,Charge 6
2025-10-25T01:33:31Z,0,380,0,Charge 6
2025-10-25T01:33:32Z,0,450,0,Charge 6
2025-10-25T01:33:33Z,0,520,0,Charge 6
2025-10-25T01:33:34Z,0,0,0,Charge 6
2025-10-25T01:33:35Z,0,0,0,Charge 6
2025-10-25T01:33:36Z,0,0,0,Charge 6
2025-10-25T01:33:37Z,0,0,0,Charge 6
2025-10-25T01:33:38Z,0,0,0,Charge 6
2025-10-25T01:33:39Z,0,0,0,Charge 6
2025-10-25T01:33:40Z,0,0,0,Charge 6
2025-10-25T01:33:41Z,0,0,0,Charge 6
2025-10-25T01:33:42Z,0,0,0,Charge 6
2025-10-25T01:33:43Z,0,0,0,Charge 6
2025-10-25T01:33:44Z,0,0,0,Charge 6
2025-10-25T01:33:45Z,0,0,0,Charge 6
2025-10-25T01:33:46Z,0,0,0,Charge 6
2025-10-25T01:33:47Z,0,0,0,Charge 6
2025-10-25T01:33:48Z,0,0,0,Charge 6
2025-10-25T01:33:49Z,0,0,0,Charge 6
2025-10-25T01:33:50Z,0,0,0,Charge 6
2025-10-25T01:33:51Z,0,0,0,Charge 6
2025-10-25T01:33:52Z,0,0,0,Charge 6
2025-10-25T01:33:53Z,0,0,0,Charge 6
2025-10-25T01:33:54Z,0,0,0,Charge 6
2025-10-25T01:33:55Z,0,0,0,Charge 6
2025-10-25T01:33:56Z,0,0,0,Charge 6
2025-10-25T01:33:57Z,0,0,0,Charge 6
2025-10-25T01:33:58Z,0,0,0,Charge 6
2025-10-25T01:33:59Z,1,0,0,Charge 6
2025-10-25T01:34:00Z,2,0,0,Charge 6
2025-10-25T01:34:01Z,1,0,0,Charge 6
2025-10-25T01:34:02Z,1,0,0,Charge 6
2025-10-25T01:34:03Z,1,130,0,Charge 6
2025-10-25T01:34:04Z,1,270,0,Charge 6
2025-10-25T01:34:05Z,2,450,0,Charge 6
2025-10-25T01:34:06Z,1,610,0,Charge 6
2025-10-25T01:34:07Z,1,760,0,Charge 6
2025-10-25T01:34:08Z,2,820,0,Charge 6
2025-10-25T01:34:09Z,0,820,0,Charge 6
2025-10-25T01:34:10Z,1,780,0,Charge 6
2025-10-25T01:34:11Z,0,720,0,Charge 6
2025-10-25T01:34:12Z,0,650,0,Charge 6
2025-10-25T01:34:13Z,2,0,0,Charge 6
2025-10-25T01:34:14Z,2,0,0,Charge 6
2025-10-25T01:34:15Z,0,0,0,Charge 6
2025-10-25T01:34:16Z,0,0,0,Charge 6
2025-10-25T01:34:17Z,1,0,0,Charge 6
2025-10-25T01:34:18Z,1,0,0,Charge 6
2025-10-25T01:34:19Z,2,0,0,Charge 6
2025-10-25T01:34:20Z,0,0,0,Charge 6
2025-10-25T01:34:21Z,1,0,0,Charge 6
2025-10-25T01:34:22Z,1,0,0,Charge 6
2025-10-25T01:34:23Z,2,140,0,Charge 6
2025-10-25T01:34:24Z,0,240,0,Charge 6
2025-10-25T01:34:25Z,1,350,0,Charge 6
2025-10-25T01:34:26Z,0,440,0,Charge 6
2025-10-25T01:34:27Z,1,500,0,Charge 6
2025-10-25T01:34:28Z,1,0,0,Charge 6
2025-10-25T01:34:29Z,1,0,0,Charge 6
2025-10-25T01:34:30Z,0,0,0,Charge 6
2025-10-25T01:34:31Z,4,0,0,Charge 6
2025-10-25T01:34:32Z,1,0,0,Charge 6
2025-10-25T01:34:33Z,2,0,0,Charge 6
2025-10-25T01:34:34Z,1,0,0,Charge 6
2025-10-25T01:34:35Z,2,140,0,Charge 6
2025-10-25T01:34:36Z,0,240,0,Charge 6
2025-10-25T01:34:37Z,1,350,0,Charge 6
2025-10-25T01:34:38Z,1,470,0,Charge 6
2025-10-25T01:34:39Z,0,560,0,Charge 6
2025-10-25T01:34:40Z,0,0,0,Charge 6
2025-10-25T01:34:41Z,0,0,0,Charge 6
2025-10-25T01:34:42Z,0,0,0,Charge 6
2025-10-25T01:34:43Z,0,0,0,Charge 6
2025-10-25T01:34:44Z,0,0,0,Charge 6
2025-10-25T01:34:45Z,0,0,0,Charge 6
2025-10-25T01:34:46Z,0,0,0,Charge 6
2025-10-25T01:34:47Z,0,0,0,Charge 6
2025-10-25T01:34:48Z,0,0,0,Charge 6
2025-10-25T01:34:49Z,0,0,0,Charge 6
2025-10-25T01:34:50Z,0,0,0,Charge 6
2025-10-25T01:34:51Z,0,0,0,Charge 6
2025-10-25T01:34:52Z,0,0,0,Charge 6
2025-10-25T01:34:53Z,0,0,0,Charge 6
2025-10-25T01:34:54Z,0,0,0,Charge 6
2025-10-25T01:34:55Z,0,0,0,Charge 6
2025-10-25T01:34:56Z,0,0,0,Charge 6
2025-10-25T01:34:57Z,0,0,0,Charge 6
2025-10-25T01:34:58Z,0,0,0,Charge 6
2025-10-25T01:34:59Z,0,0,0,Charge 6
2025-10-25T01:35:00Z,0,0,0,Charge 6
2025-10-25T01:35:01Z,0,0,0,Charge 6
2025-10-25T01:35:02Z,0,0,0,Charge 6
2025-10-25T01:35:03Z,0,0,0,Charge 6
2025-10-25T01:35:04Z,0,0,0,Charge 6
2025-10-25T01:35:05Z,0,0,0,Charge 6
2025-10-25T01:35:06Z,0,0,0,Charge 6
2025-10-25T01:35:07Z,0,0,0,Charge 6
2025-10-25T01:35:08Z,0,0,0,Charge 6
2025-10-25T01:35:09Z,0,0,0,Charge 6
2025-10-25T01:35:10Z,0,0,0,Charge 6
2025-10-25T01:35:11Z,0,0,0,Charge 6
2025-10-25T01:35:12Z,0,0,0,Charge 6
2025-10-25T01:35:13Z,0,0,0,Charge 6
2025-10-25T01:35:14Z,0,0,0,Charge 6
2025-10-25T01:35:15Z,0,0,0,Charge 6
2025-10-25T01:35:16Z,0,0,0,Charge 6
2025-10-25T01:35:17Z,0,0,0,Charge 6
2025-10-25T01:35:18Z,0,0,0,Charge 6
2025-10-25T01:35:19Z,0,0,0,Charge 6
2025-10-25T01:35:20Z,0,0,0,Charge 6
2025-10-25T01:35:21Z,0,0,0,Charge 6
2025-10-25T01:35:22Z,1,0,0,Charge 6
2025-10-25T01:35:23Z,2,0,0,Charge 6
2025-10-25T01:35:24Z,1,140,0,Charge 6
2025-10-25T01:35:25Z,0,230,0,Charge 6
2025-10-25T01:35:26Z,1,310,0,Charge 6
2025-10-25T01:35:27Z,2,0,0,Charge 6
2025-10-25T01:35:28Z,1,0,0,Charge 6
2025-10-25T01:35:29Z,2,1240,0,Charge 6
2025-10-25T01:35:30Z,1,510,0,Charge 6
2025-10-25T01:35:31Z,2,630,0,Charge 6
2025-10-25T01:35:32Z,2,770,0,Charge 6
2025-10-25T01:35:33Z,2,960,0,Charge 6
2025-10-25T01:35:34Z,0,1010,0,Charge 6
2025-10-25T01:35:35Z,1,1010,0,Charge 6
2025-10-25T01:35:36Z,2,1010,0,Charge 6
2025-10-25T01:35:37Z,1,970,0,Charge 6
2025-10-25T01:35:38Z,1,970,0,Charge 6
2025-10-25T01:35:39Z,1,970,0,Charge 6
2025-10-25T01:35:40Z,1,960,0,Charge 6
2025-10-25T01:35:41Z,2,960,0,Charge 6
2025-10-25T01:35:42Z,3,1010,0,Charge 6
2025-10-25T01:35:43Z,0,1010,0,Charge 6
2025-10-25T01:35:44Z,0,1000,0,Charge 6
2025-10-25T01:35:45Z,0,1000,0,Charge 6
2025-10-25T01:35:46Z,0,860,0,Charge 6
2025-10-25T01:35:47Z,0,0,0,Charge 6
2025-10-25T01:35:48Z,0,0,0,Charge 6
2025-10-25T01:35:49Z,0,0,0,Charge 6
2025-10-25T01:35:50Z,0,0,0,Charge 6
2025-10-25T01:35:51Z,0,0,0,Charge 6
2025-10-25T01:35:52Z,1,0,0,Charge 6
2025-10-25T01:35:53Z,0,0,0,Charge 6
2025-10-25T01:35:54Z,1,0,0,Charge 6
2025-10-25T01:35:55Z,1,0,0,Charge 6
2025-10-25T01:35:56Z,1,0,0,Charge 6
2025-10-25T01:35:57Z,1,0,0,Charge 6
2025-10-25T01:35:58Z,2,140,0,Charge 6
2025-10-25T01:35:59Z,1,270,0,Charge 6
2025-10-25T01:36:00Z,2,450,0,Charge 6
2025-10-25T01:36:01Z,1,610,0,Charge 6
2025-10-25T01:36:02Z,1,760,0,Charge 6
2025-10-25T01:36:03Z,1,780,0,Charge 6
2025-10-25T01:36:04Z,1,790,0,Charge 6
2025-10-25T01:36:05Z,1,770,0,Charge 6
2025-10-25T01:36:06Z,3,810,0,Charge 6
2025-10-25T01:36:07Z,2,880,0,Charge 6
2025-10-25T01:36:08Z,1,990,0,Charge 6
2025-10-25T01:36:09Z,1,1030,0,Charge 6
2025-10-25T01:36:10Z,1,1060,0,Charge 6
2025-10-25T01:36:11Z,2,1050,0,Charge 6
2025-10-25T01:36:12Z,2,1040,0,Charge 6
2025-10-25T01:36:13Z,2,1070,0,Charge 6
2025-10-25T01:36:14Z,2,1140,0,Charge 6
2025-10-25T01:36:15Z,2,1210,0,Charge 6
2025-10-25T01:36:16Z,1,1230,0,Charge 6
2025-10-25T01:36:17Z,1,1230,0,Charge 6
2025-10-25T01:36:18Z,2,1230,0,Charge 6
2025-10-25T01:36:19Z,0,1210,0,Charge 6
2025-10-25T01:36:20Z,0,1060,0,Charge 6
2025-10-25T01:36:21Z,0,900,0,Charge 6
2025-10-25T01:36:22Z,1,0,0,Charge 6
2025-10-25T01:36:23Z,0,0,0,Charge 6
2025-10-25T01:36:24Z,2,0,0,Charge 6
2025-10-25T01:36:25Z,2,0,0,Charge 6
2025-10-25T01:36:26Z,1,180,0,Charge 6
2025-10-25T01:36:27Z,2,350,0,Charge 6
2025-10-25T01:36:28Z,1,500,0,Charge 6
2025-10-25T01:36:29Z,1,650,0,Charge 6
2025-10-25T01:36:30Z,0,760,0,Charge 6
2025-10-25T01:36:31Z,1,740,0,Charge 6
2025-10-25T01:36:32Z,1,700,0,Charge 6
2025-10-25T01:36:33Z,2,700,0,Charge 6
2025-10-25T01:36:34Z,2,720,0,Charge 6
2025-10-25T01:36:35Z,2,820,0,Charge 6
2025-10-25T01:36:36Z,4,990,0,Charge 6
2025-10-25T01:36:37Z,1,1180,0,Charge 6
2025-10-25T01:36:38Z,2,1290,0,Charge 6
2025-10-25T01:36:39Z,0,1280,0,Charge 6
2025-10-25T01:36:40Z,1,1290,0,Charge 6
2025-10-25T01:36:41Z,2,1270,0,Charge 6
2025-10-25T01:36:42Z,2,1260,0,Charge 6
2025-10-25T01:36:43Z,1,1260,0,Charge 6
2025-10-25T01:36:44Z,1,1250,0,Charge 6
2025-10-25T01:36:45Z,1,1240,0,Charge 6
2025-10-25T01:36:46Z,2,1250,0,Charge 6
2025-10-25T01:36:47Z,2,1230,0,Charge 6
2025-10-25T01:36:48Z,2,1240,0,Charge 6
2025-10-25T01:36:49Z,2,1250,0,Charge 6
2025-10-25T01:36:50Z,2,1290,0,Charge 6
2025-10-25T01:36:51Z,2,1340,0,Charge 6
2025-10-25T01:36:52Z,2,1360,0,Charge 6
2025-10-25T01:36:53Z,2,1380,0,Charge 6
2025-10-25T01:36:54Z,2,1400,0,Charge 6
2025-10-25T01:36:55Z,2,1410,0,Charge 6
2025-10-25T01:36:56Z,1,1400,0,Charge 6
2025-10-25T01:36:57Z,2,1410,0,Charge 6
2025-10-25T01:36:58Z,2,1400,0,Charge 6
2025-10-25T01:36:59Z,1,1400,0,Charge 6
2025-10-25T01:37:00Z,2,1390,0,Charge 6
2025-10-25T01:37:01Z,0,1300,0,Charge 6
2025-10-25T01:37:02Z,3,1290,0,Charge 6
2025-10-25T01:37:03Z,2,1290,0,Charge 6
2025-10-25T01:37:04Z,1,1290,0,Charge 6
2025-10-25T01:37:05Z,2,1280,0,Charge 6
2025-10-25T01:37:06Z,1,1280,0,Charge 6
2025-10-25T01:37:07Z,3,1280,0,Charge 6
2025-10-25T01:37:08Z,1,1280,0,Charge 6
2025-10-25T01:37:09Z,2,1280,0,Charge 6
2025-10-25T01:37:10Z,2,1280,0,Charge 6
2025-10-25T01:37:11Z,2,1330,0,Charge 6
2025-10-25T01:37:12Z,2,1320,0,Charge 6
2025-10-25T01:37:13Z,2,1350,0,Charge 6
2025-10-25T01:37:14Z,2,1350,0,Charge 6
2025-10-25T01:37:15Z,1,1350,0,Charge 6
2025-10-25T01:37:16Z,2,1350,0,Charge 6
2025-10-25T01:37:17Z,2,1350,0,Charge 6
2025-10-25T01:37:18Z,2,1350,0,Charge 6
2025-10-25T01:37:19Z,2,1360,0,Charge 6
2025-10-25T01:37:20Z,1,1340,0,Charge 6
2025-10-25T01:37:21Z,1,1340,0,Charge 6
2025-10-25T01:37:22Z,2,1340,0,Charge 6
2025-10-25T01:37:23Z,1,1260,0,Charge 6
2025-10-25T01:37:24Z,1,1150,0,Charge 6
2025-10-25T01:37:25Z,2,1130,0,Charge 6
2025-10-25T01:37:26Z,2,1120,0,Charge 6
2025-10-25T01:37:27Z,2,1130,0,Charge 6
2025-10-25T01:37:28Z,1,1120,0,Charge 6
2025-10-25T01:37:29Z,2,1130,0,Charge 6
2025-10-25T01:37:30Z,2,1130,0,Charge 6
2025-10-25T01:37:31Z,2,1140,0,Charge 6
2025-10-25T01:37:32Z,2,1140,0,Charge 6
2025-10-25T01:37:33Z,1,1150,0,Charge 6
2025-10-25T01:37:34Z,2,1150,0,Charge 6
2025-10-25T01:37:35Z,2,1160,0,Charge 6
2025-10-25T01:37:36Z,2,1160,0,Charge 6
2025-10-25T01:37:37Z,1,1150,0,Charge 6
2025-10-25T01:37:38Z,2,1160,0,Charge 6
2025-10-25T01:37:39Z,2,1150,0,Charge 6
2025-10-25T01:37:40Z,1,1160,0,Charge 6
2025-10-25T01:37:41Z,0,1090,0,Charge 6
2025-10-25T01:37:42Z,0,990,0,Charge 6
2025-10-25T01:37:43Z,0,850,0,Charge 6
2025-10-25T01:37:44Z,0,0,0,Charge 6
2025-10-25T01:37:45Z,0,0,0,Charge 6
2025-10-25T01:37:46Z,0,0,0,Charge 6
2025-10-25T01:37:47Z,0,0,0,Charge 6
2025-10-25T01:37:48Z,0,0,0,Charge 6
2025-10-25T01:37:49Z,0,0,0,Charge 6
2025-10-25T01:37:50Z,0,0,0,Charge 6
2025-10-25T01:37:51Z,0,0,0,Charge 6
2025-10-25T01:37:52Z,0,0,0,Charge 6
2025-10-25T01:37:53Z,0,0,0,Charge 6
2025-10-25T01:37:54Z,0,0,0,Charge 6
2025-10-25T01:37:55Z,0,0,0,Charge 6
2025-10-25T01:37:56Z,0,0,0,Charge 6
2025-10-25T01:37:57Z,0,0,0,Charge 6
2025-10-25T01:37:58Z,0,0,0,Charge 6
2025-10-25T01:37:59Z,0,0,0,Charge 6
2025-10-25T01:38:00Z,0,0,0,Charge 6
2025-10-25T01:38:01Z,0,0,0,Charge 6
2025-10-25T01:38:02Z,0,0,0,Charge 6
2025-10-25T01:38:03Z,0,0,0,Charge 6
2025-10-25T01:38:04Z,0,0,0,Charge 6
2025-10-25T01:38:05Z,0,0,0,Charge 6
2025-10-25T01:38:06Z,0,0,0,Charge 6
2025-10-25T01:38:07Z,0,0,0,Charge 6
2025-10-25T01:38:08Z,0,0,0,Charge 6
2025-10-25T01:38:09Z,0,0,0,Charge 6
2025-10-25T01:38:10Z,0,0,0,Charge 6
2025-10-25T01:38:11Z,0,0,0,Charge 6
2025-10-25T01:38:12Z,0,0,0,Charge 6
2025-10-25T01:38:13Z,0,0,0,Charge 6
2025-10-25T01:38:14Z,0,0,0,Charge 6
2025-10-25T01:38:15Z,0,0,0,Charge 6
2025-10-25T01:38:16Z,0,0,0,Charge 6
2025-10-25T01:38:17Z,0,0,0,Charge 6
2025-10-25T01:38:18Z,0,0,0,Charge 6
2025-10-25T01:38:19Z,0,0,0,Charge 6
2025-10-25T01:38:20Z,0,0,0,Charge 6
2025-10-25T01:38:21Z,0,0,0,Charge 6
2025-10-25T01:38:22Z,0,0,0,Charge 6
2025-10-25T01:38:23Z,0,0,0,Charge 6
2025-10-25T01:38:24Z,0,0,0,Charge 6
2025-10-25T01:38:25Z,0,0,0,Charge 6
2025-10-25T01:38:26Z,0,0,0,Charge 6
2025-10-25T01:38:27Z,0,0,0,Charge 6
2025-10-25T01:38:28Z,0,0,0,Charge 6
2025-10-25T01:38:29Z,0,0,0,Charge 6
2025-10-25T01:38:30Z,0,0,0,Charge 6
2025-10-25T01:38:31Z,0,0,0,Charge 6
2025-10-25T01:38:32Z,0,0,0,Charge 6
2025-10-25T01:38:33Z,0,0,0,Charge 6
2025-10-25T01:38:34Z,0,0,0,Charge 6
2025-10-25T01:38:35Z,0,0,0,Charge 6
2025-10-25T01:38:36Z,0,0,0,Charge 6
2025-10-25T01:38:37Z,0,0,0,Charge 6
2025-10-25T01:38:38Z,0,0,0,Charge 6
2025-10-25T01:38:39Z,0,0,0,Charge 6
2025-10-25T01:38:40Z,0,0,0,Charge 6
2025-10-25T01:38:41Z,0,0,0,Charge 6
2025-10-25T01:38:42Z,0,0,0,Charge 6
2025-10-25T01:38:43Z,0,0,0,Charge 6
2025-10-25T01:38:44Z,0,0,0,Charge 6
2025-10-25T01:38:45Z,0,0,0,Charge 6
2025-10-25T01:38:46Z,0,0,0,Charge 6
2025-10-25T01:38:47Z,0,0,0,Charge 6
2025-10-25T01:38:48Z,0,0,0,Charge 6
2025-10-25T01:38:49Z,0,0,0,Charge 6
2025-10-25T01:38:50Z,0,0,0,Charge 6
2025-10-25T01:38:51Z,0,0,0,Charge 6
2025-10-25T01:38:52Z,0,0,0,Charge 6
2025-10-25T01:38:53Z,0,0,0,Charge 6
2025-10-25T01:38:54Z,0,0,0,Charge 6
2025-10-25T01:38:55Z,0,0,0,Charge 6
2025-10-25T01:38:56Z,0,0,0,Charge 6
2025-10-25T01:38:57Z,0,0,0,Charge 6
2025-10-25T01:38:58Z,0,0,0,Charge 6
2025-10-25T01:38:59Z,0,0,0,Charge 6
2025-10-25T01:39:00Z,0,0,0,Charge 6
2025-10-25T01:39:01Z,0,0,0,Charge 6
2025-10-25T01:39:02Z,0,0,0,Charge 6
2025-10-25T01:39:03Z,0,0,0,Charge 6
2025-10-25T01:39:04Z,0,0,0,Charge 6
2025-10-25T01:39:05Z,0,0,0,Charge 6
2025-10-25T01:39:06Z,0,0,0,Charge 6
2025-10-25T01:39:07Z,0,0,0,Charge 6
2025-10-25T01:39:08Z,0,0,0,Charge 6
2025-10-25T01:39:09Z,0,0,0,Charge 6
2025-10-25T01:39:10Z,0,0,0,Charge 6
2025-10-25T01:39:11Z,0,0,0,Charge 6
2025-10-25T01:39:12Z,0,0,0,Charge 6
2025-10-25T01:39:13Z,0,0,0,Charge 6
2025-10-25T01:39:14Z,0,0,0,Charge 6
2025-10-25T01:39:15Z,0,0,0,Charge 6
2025-10-25T01:39:16Z,2,0,0,Charge 6
2025-10-25T01:39:17Z,2,0,0,Charge 6
2025-10-25T01:39:18Z,0,0,0,Charge 6
2025-10-25T01:39:19Z,0,0,0,Charge 6
2025-10-25T01:39:20Z,0,0,0,Charge 6
2025-10-25T01:39:21Z,0,0,0,Charge 6
2025-10-25T01:39:22Z,0,0,0,Charge 6
2025-10-25T01:39:23Z,0,0,0,Charge 6
2025-10-25T01:39:24Z,0,0,0,Charge 6
2025-10-25T01:39:25Z,0,0,0,Charge 6
2025-10-25T01:39:26Z,0,0,0,Charge 6
2025-10-25T01:39:27Z,0,0,0,Charge 6
2025-10-25T01:39:28Z,0,0,0,Charge 6
2025-10-25T01:39:29Z,0,0,0,Charge 6
2025-10-25T01:39:30Z,0,0,0,Charge 6
2025-10-25T01:39:31Z,0,0,0,Charge 6
2025-10-25T01:39:32Z,0,0,0,Charge 6
2025-10-25T01:39:33Z,0,0,0,Charge 6
2025-10-25T01:39:34Z,0,0,0,Charge 6
2025-10-25T01:39:35Z,0,0,0,Charge 6
2025-10-25T01:39:36Z,0,0,0,Charge 6
2025-10-25T01:39:37Z,0,0,0,Charge 6
2025-10-25T01:39:38Z,0,0,0,Charge 6
2025-10-25T01:39:39Z,0,0,0,Charge 6
2025-10-25T01:39:40Z,0,0,0,Charge 6
2025-10-25T01:39:41Z,0,0,0,Charge 6
2025-10-25T01:39:42Z,0,0,0,Charge 6
2025-10-25T01:39:43Z,0,0,0,Charge 6
2025-10-25T01:39:44Z,0,0,0,Charge 6
2025-10-25T01:39:45Z,0,0,0,Charge 6
2025-10-25T01:39:46Z,0,0,0,Charge 6
2025-10-25T01:39:47Z,0,0,0,Charge 6
2025-10-25T01:39:48Z,0,0,0,Charge 6
2025-10-25T01:39:49Z,0,0,0,Charge 6
2025-10-25T01:39:50Z,0,0,0,Charge 6
2025-10-25T01:39:51Z,0,0,0,Charge 6
2025-10-25T01:39:52Z,0,0,0,Charge 6
2025-10-25T01:39:53Z,0,0,0,Charge 6
2025-10-25T01:39:54Z,0,0,0,Charge 6
2025-10-25T01:39:55Z,0,0,0,Charge 6
2025-10-25T01:39:56Z,0,0,0,Charge 6
2025-10-25T01:39:57Z,0,0,0,Charge 6
2025-10-25T01:39:58Z,0,0,0,Charge 6
2025-10-25T01:39:59Z,0,0,0,Charge 6
2025-10-25T01:40:00Z,0,0,0,Charge 6
2025-10-25T01:40:01Z,0,0,0,Charge 6
2025-10-25T01:40:02Z,0,0,0,Charge 6
2025-10-25T01:40:03Z,0,0,0,Charge 6
2025-10-25T01:40:04Z,0,0,0,Charge 6
2025-10-25T01:40:05Z,0,0,0,Charge 6
2025-10-25T01:40:06Z,0,0,0,Charge 6
2025-10-25T01:40:07Z,0,0,0,Charge 6
2025-10-25T01:40:08Z,0,0,0,Charge 6
2025-10-25T01:40:09Z,0,0,0,Charge 6
2025-10-25T01:40:10Z,0,0,0,Charge 6
2025-10-25T01:40:11Z,0,0,0,Charge 6
2025-10-25T01:40:12Z,0,0,0,Charge 6
2025-10-25T01:40:13Z,0,0,0,Charge 6
2025-10-25T01:40:14Z,0,0,0,Charge 6
2025-10-25T01:40:15Z,0,0,0,Charge 6
2025-10-25T01:40:16Z,0,0,0,Charge 6
2025-10-25T01:40:17Z,0,0,0,Charge 6
2025-10-25T01:40:18Z,0,0,0,Charge 6
2025-10-25T01:40:19Z,0,0,0,Charge 6
2025-10-25T01:40:20Z,0,0,0,Charge 6
2025-10-25T01:40:21Z,0,0,0,Charge 6
2025-10-25T01:40:22Z,0,0,0,Charge 6
2025-10-25T01:40:23Z,0,0,0,Charge 6
2025-10-25T01:40:24Z,0,0,0,Charge 6
2025-10-25T01:40:25Z,0,0,0,Charge 6
2025-10-25T01:40:26Z,0,0,0,Charge 6
2025-10-25T01:40:27Z,0,0,0,Charge 6
2025-10-25T01:40:28Z,0,0,0,Charge 6
2025-10-25T01:40:29Z,0,0,0,Charge 6
2025-10-25T01:40:30Z,0,0,0,Charge 6
2025-10-25T01:40:31Z,0,0,0,Charge 6
2025-10-25T01:40:32Z,0,0,0,Charge 6
2025-10-25T01:40:33Z,0,0,0,Charge 6
2025-10-25T01:40:34Z,0,0,0,Charge 6
2025-10-25T01:40:35Z,0,0,0,Charge 6
2025-10-25T01:40:36Z,0,0,0,Charge 6
2025-10-25T01:40:37Z,0,0,0,Charge 6
2025-10-25T01:40:38Z,0,0,0,Charge 6
2025-10-25T01:40:39Z,0,0,0,Charge 6
2025-10-25T01:40:40Z,0,0,0,Charge 6
2025-10-25T01:40:41Z,0,0,0,Charge 6
2025-10-25T01:40:42Z,0,0,0,Charge 6
2025-10-25T01:40:43Z,0,0,0,Charge 6
2025-10-25T01:40:44Z,0,0,0,Charge 6
2025-10-25T01:40:45Z,0,0,0,Charge 6
2025-10-25T01:40:46Z,0,0,0,Charge 6
2025-10-25T01:40:47Z,0,0,0,Charge 6
2025-10-25T01:40:48Z,0,0,0,Charge 6
2025-10-25T01:40:49Z,0,0,0,Charge 6
2025-10-25T01:40:50Z,0,0,0,Charge 6
2025-10-25T01:40:51Z,0,0,0,Charge 6
2025-10-25T01:40:52Z,0,0,0,Charge 6
2025-10-25T01:40:53Z,0,0,0,Charge 6
2025-10-25T01:40:54Z,0,0,0,Charge 6
2025-10-25T01:40:55Z,0,0,0,Charge 6
2025-10-25T01:40:56Z,0,0,0,Charge 6
2025-10-25T01:40:57Z,2,0,0,Charge 6
2025-10-25T01:40:58Z,2,0,0,Charge 6
2025-10-25T01:40:59Z,0,0,0,Charge 6
2025-10-25T01:41:00Z,0,0,0,Charge 6
2025-10-25T01:41:01Z,0,0,0,Charge 6
2025-10-25T01:41:02Z,0,0,0,Charge 6
2025-10-25T01:41:03Z,0,0,0,Charge 6
2025-10-25T01:41:04Z,0,0,0,Charge 6
2025-10-25T01:41:05Z,0,0,0,Charge 6
2025-10-25T01:41:06Z,0,0,0,Charge 6
2025-10-25T01:41:07Z,0,0,0,Charge 6
2025-10-25T01:41:08Z,0,0,0,Charge 6
2025-10-25T01:41:09Z,0,0,0,Charge 6
2025-10-25T01:41:10Z,0,0,0,Charge 6
2025-10-25T01:41:11Z,0,0,0,Charge 6
2025-10-25T01:41:12Z,0,0,0,Charge 6
2025-10-25T01:41:13Z,0,0,0,Charge 6
2025-10-25T01:41:14Z,0,0,0,Charge 6
2025-10-25T01:41:15Z,0,0,0,Charge 6
2025-10-25T01:41:16Z,0,0,0,Charge 6
2025-10-25T01:41:17Z,0,0,0,Charge 6
2025-10-25T01:41:18Z,0,0,0,Charge 6
2025-10-25T01:41:19Z,0,0,0,Charge 6
2025-10-25T01:41:20Z,0,0,0,Charge 6
2025-10-25T01:41:21Z,0,0,0,Charge 6
2025-10-25T01:41:22Z,0,0,0,Charge 6
2025-10-25T01:41:23Z,0,0,0,Charge 6
2025-10-25T01:41:24Z,0,0,0,Charge 6
2025-10-25T01:41:25Z,0,0,0,Charge 6
2025-10-25T01:41:26Z,0,0,0,Charge 6
2025-10-25T01:41:27Z,0,0,0,Charge 6
2025-10-25T01:41:28Z,0,0,0,Charge 6
2025-10-25T01:41:29Z,0,0,0,Charge 6
2025-10-25T01:41:30Z,0,0,0,Charge 6
2025-10-25T01:41:31Z,0,0,0,Charge 6
2025-10-25T01:41:32Z,0,0,0,Charge 6
2025-10-25T01:41:33Z,0,0,0,Charge 6
2025-10-25T01:41:34Z,0,0,0,Charge 6
2025-10-25T01:41:35Z,0,0,0,Charge 6
2025-10-25T01:41:36Z,0,0,0,Charge 6
2025-10-25T01:41:37Z,0,0,0,Charge 6
2025-10-25T01:41:38Z,0,0,0,Charge 6
2025-10-25T01:41:39Z,0,0,0,Charge 6
2025-10-25T01:41:40Z,0,0,0,Charge 6
2025-10-25T01:41:41Z,0,0,0,Charge 6
2025-10-25T01:41:42Z,0,0,0,Charge 6
2025-10-25T01:41:43Z,0,0,0,Charge 6
2025-10-25T01:41:44Z,0,0,0,Charge 6
2025-10-25T01:41:45Z,0,0,0,Charge 6
2025-10-25T01:41:46Z,0,0,0,Charge 6
2025-10-25T01:41:47Z,0,0,0,Charge 6
2025-10-25T01:41:48Z,0,0,0,Charge 6
2025-10-25T01:41:49Z,1,0,0,Charge 6
2025-10-25T01:41:50Z,1,0,0,Charge 6
2025-10-25T01:41:51Z,1,0,0,Charge 6
2025-10-25T01:41:52Z,3,0,0,Charge 6
2025-10-25T01:41:53Z,0,0,0,Charge 6
2025-10-25T01:41:54Z,1,0,0,Charge 6
2025-10-25T01:41:55Z,2,0,0,Charge 6
2025-10-25T01:41:56Z,0,0,0,Charge 6
2025-10-25T01:41:57Z,1,0,0,Charge 6
2025-10-25T01:41:58Z,1,0,0,Charge 6
2025-10-25T01:41:59Z,2,0,0,Charge 6
2025-10-25T01:42:00Z,2,130,0,Charge 6
2025-10-25T01:42:01Z,0,240,0,Charge 6
2025-10-25T01:42:02Z,0,690,0,Charge 6
2025-10-25T01:42:03Z,0,0,0,Charge 6
2025-10-25T01:42:04Z,0,410,0,Charge 6
2025-10-25T01:42:05Z,0,0,0,Charge 6
2025-10-25T01:42:06Z,0,0,0,Charge 6
2025-10-25T01:42:07Z,0,0,0,Charge 6
2025-10-25T01:42:08Z,0,0,0,Charge 6
2025-10-25T01:42:09Z,0,0,0,Charge 6
2025-10-25T01:42:10Z,0,0,0,Charge 6
2025-10-25T01:42:11Z,0,0,0,Charge 6
2025-10-25T01:42:12Z,0,0,0,Charge 6
2025-10-25T01:42:13Z,0,0,0,Charge 6
2025-10-25T01:42:14Z,0,0,0,Charge 6
2025-10-25T01:42:15Z,0,0,0,Charge 6
2025-10-25T01:42:16Z,0,0,0,Charge 6
2025-10-25T01:42:17Z,0,0,0,Charge 6
2025-10-25T01:42:18Z,0,0,0,Charge 6
2025-10-25T01:42:19Z,0,0,0,Charge 6
2025-10-25T01:42:20Z,0,0,0,Charge 6
2025-10-25T01:42:21Z,0,0,0,Charge 6
2025-10-25T01:42:22Z,0,0,0,Charge 6
2025-10-25T01:42:23Z,0,0,0,Charge 6
2025-10-25T01:42:24Z,0,0,0,Charge 6
2025-10-25T01:42:25Z,0,0,0,Charge 6
2025-10-25T01:42:26Z,0,0,0,Charge 6
2025-10-25T01:42:27Z,0,0,0,Charge 6
2025-10-25T01:42:28Z,0,0,0,Charge 6
2025-10-25T01:42:29Z,0,0,0,Charge 6
2025-10-25T01:42:30Z,0,0,0,Charge 6
2025-10-25T01:42:31Z,0,0,0,Charge 6
2025-10-25T01:42:32Z,0,0,0,Charge 6
2025-10-25T01:42:33Z,0,0,0,Charge 6
2025-10-25T01:42:34Z,0,0,0,Charge 6
2025-10-25T01:42:35Z,0,0,0,Charge 6
2025-10-25T01:42:36Z,0,0,0,Charge 6
2025-10-25T01:42:37Z,0,0,0,Charge 6
2025-10-25T01:42:38Z,2,0,0,Charge 6
2025-10-25T01:42:39Z,2,0,0,Charge 6
2025-10-25T01:42:40Z,0,0,0,Charge 6
2025-10-25T01:42:41Z,0,0,0,Charge 6
2025-10-25T01:42:42Z,0,0,0,Charge 6
2025-10-25T01:42:43Z,0,0,0,Charge 6
2025-10-25T01:42:44Z,0,0,0,Charge 6
2025-10-25T01:42:45Z,0,0,0,Charge 6
2025-10-25T01:42:46Z,0,0,0,Charge 6
2025-10-25T01:42:47Z,0,0,0,Charge 6
2025-10-25T01:42:48Z,0,0,0,Charge 6
2025-10-25T01:42:49Z,0,0,0,Charge 6
2025-10-25T01:42:50Z,0,0,0,Charge 6
2025-10-25T01:42:51Z,0,0,0,Charge 6
2025-10-25T01:42:52Z,0,0,0,Charge 6
2025-10-25T01:42:53Z,0,0,0,Charge 6
2025-10-25T01:42:54Z,0,0,0,Charge 6
2025-10-25T01:42:55Z,0,0,0,Charge 6
2025-10-25T01:42:56Z,0,0,0,Charge 6
2025-10-25T01:42:57Z,0,0,0,Charge 6
2025-10-25T01:42:58Z,0,0,0,Charge 6
2025-10-25T01:42:59Z,0,0,0,Charge 6
2025-10-25T01:43:00Z,0,0,0,Charge 6
2025-10-25T01:43:01Z,0,0,0,Charge 6
2025-10-25T01:43:02Z,0,0,0,Charge 6
2025-10-25T01:43:03Z,0,0,0,Charge 6
2025-10-25T01:43:04Z,0,0,0,Charge 6
2025-10-25T01:43:05Z,0,0,0,Charge 6
2025-10-25T01:43:06Z,0,0,0,Charge 6
2025-10-25T01:43:07Z,0,0,0,Charge 6
2025-10-25T01:43:08Z,0,0,0,Charge 6
2025-10-25T01:43:09Z,0,0,0,Charge 6
2025-10-25T01:43:10Z,0,0,0,Charge 6
2025-10-25T01:43:11Z,0,0,0,Charge 6
2025-10-25T01:43:12Z,0,0,0,Charge 6
2025-10-25T01:43:13Z,0,0,0,Charge 6
2025-10-25T01:43:14Z,0,0,0,Charge 6
2025-10-25T01:43:15Z,0,0,0,Charge 6
2025-10-25T01:43:16Z,0,0,0,Charge 6
2025-10-25T01:43:17Z,0,0,0,Charge 6
2025-10-25T01:43:18Z,0,0,0,Charge 6
2025-10-25T01:43:19Z,0,0,0,Charge 6
2025-10-25T01:43:20Z,0,0,0,Charge 6
2025-10-25T01:43:21Z,0,0,0,Charge 6
2025-10-25T01:43:22Z,0,0,0,Charge 6
2025-10-25T01:43:23Z,0,0,0,Charge 6
2025-10-25T01:43:24Z,0,0,0,Charge 6
2025-10-25T01:43:25Z,0,0,0,Charge 6
2025-10-25T01:43:26Z,0,0,0,Charge 6
2025-10-25T01:43:27Z,0,0,0,Charge 6
2025-10-25T01:43:28Z,0,0,0,Charge 6
2025-10-25T01:43:29Z,0,0,0,Charge 6
2025-10-25T01:43:30Z,0,0,0,Charge 6
2025-10-25T01:43:31Z,0,0,0,Charge 6
2025-10-25T01:43:32Z,0,0,0,Charge 6
2025-10-25T01:43:33Z,0,0,0,Charge 6
2025-10-25T01:43:34Z,0,0,0,Charge 6
2025-10-25T01:43:35Z,0,0,0,Charge 6
2025-10-25T01:43:36Z,0,0,0,Charge 6
2025-10-25T01:43:37Z,0,0,0,Charge 6
2025-10-25T01:43:38Z,0,0,0,Charge 6
2025-10-25T01:43:39Z,0,0,0,Charge 6
2025-10-25T01:43:40Z,0,0,0,Charge 6
2025-10-25T01:43:41Z,0,0,0,Charge 6
2025-10-25T01:43:42Z,0,0,0,Charge 6
2025-10-25T01:43:43Z,0,0,0,Charge 6
2025-10-25T01:43:44Z,0,0,0,Charge 6
2025-10-25T01:43:45Z,0,0,0,Charge 6
2025-10-25T01:43:46Z,0,0,0,Charge 6
2025-10-25T01:43:47Z,0,0,0,Charge 6
2025-10-25T01:43:48Z,0,0,0,Charge 6
2025-10-25T01:43:49Z,0,0,0,Charge 6
2025-10-25T01:43:50Z,0,0,0,Charge 6
2025-10-25T01:43:51Z,0,0,0,Charge 6
2025-10-25T01:43:52Z,0,0,0,Charge 6
2025-10-25T01:43:53Z,0,0,0,Charge 6
2025-10-25T01:43:54Z,0,0,0,Charge 6
2025-10-25T01:43:55Z,0,0,0,Charge 6
2025-10-25T01:43:56Z,0,0,0,Charge 6
2025-10-25T01:43:57Z,0,0,0,Charge 6
2025-10-25T01:43:58Z,0,0,0,Charge 6
2025-10-25T01:43:59Z,0,0,0,Charge 6
2025-10-25T01:44:00Z,0,0,0,Charge 6
2025-10-25T01:44:01Z,0,0,0,Charge 6
2025-10-25T01:44:02Z,0,0,0,Charge 6
2025-10-25T01:44:03Z,0,0,0,Charge 6
2025-10-25T01:44:04Z,0,0,0,Charge 6
2025-10-25T01:44:05Z,0,0,0,Charge 6
2025-10-25T01:44:06Z,0,0,0,Charge 6
2025-10-25T01:44:07Z,0,0,0,Charge 6
2025-10-25T01:44:08Z,0,0,0,Charge 6
2025-10-25T01:44:09Z,0,0,0,Charge 6
2025-10-25T01:44:10Z,0,0,0,Charge 6
2025-10-25T01:44:11Z,0,0,0,Charge 6
2025-10-25T01:44:12Z,0,0,0,Charge 6
2025-10-25T01:44:13Z,0,0,0,Charge 6
2025-10-25T01:44:14Z,0,0,0,Charge 6
2025-10-25T01:44:15Z,0,0,0,Charge 6
2025-10-25T01:44:16Z,0,0,0,Charge 6
2025-10-25T01:44:17Z,0,0,0,Charge 6
2025-10-25T01:44:18Z,0,0,0,Charge 6
2025-10-25T01:44:19Z,2,0,0,Charge 6
2025-10-25T01:44:20Z,2,0,0,Charge 6
2025-10-25T01:44:21Z,0,0,0,Charge 6
2025-10-25T01:44:22Z,0,0,0,Charge 6
2025-10-25T01:44:23Z,0,0,0,Charge 6
2025-10-25T01:44:24Z,0,0,0,Charge 6
2025-10-25T01:44:25Z,0,0,0,Charge 6
2025-10-25T01:44:26Z,0,0,0,Charge 6
2025-10-25T01:44:27Z,0,0,0,Charge 6
2025-10-25T01:44:28Z,0,0,0,Charge 6
2025-10-25T01:44:29Z,0,0,0,Charge 6
2025-10-25T01:44:30Z,0,0,0,Charge 6
2025-10-25T01:44:31Z,0,0,0,Charge 6
2025-10-25T01:44:32Z,0,0,0,Charge 6
2025-10-25T01:44:33Z,0,0,0,Charge 6
2025-10-25T01:44:34Z,0,0,0,Charge 6
2025-10-25T01:44:35Z,0,0,0,Charge 6
2025-10-25T01:44:36Z,0,0,0,Charge 6
2025-10-25T01:44:37Z,0,0,0,Charge 6
2025-10-25T01:44:38Z,0,0,0,Charge 6
2025-10-25T01:44:39Z,0,0,0,Charge 6
2025-10-25T01:44:40Z,0,0,0,Charge 6
2025-10-25T01:44:41Z,0,0,0,Charge 6
2025-10-25T01:44:42Z,0,0,0,Charge 6
2025-10-25T01:44:43Z,0,0,0,Charge 6
2025-10-25T01:44:44Z,0,0,0,Charge 6
2025-10-25T01:44:45Z,0,0,0,Charge 6
2025-10-25T01:44:46Z,0,0,0,Charge 6
2025-10-25T01:44:47Z,0,0,0,Charge 6
2025-10-25T01:44:48Z,0,0,0,Charge 6
2025-10-25T01:44:49Z,0,0,0,Charge 6
2025-10-25T01:44:50Z,0,0,0,Charge 6
2025-10-25T01:44:51Z,0,0,0,Charge 6
2025-10-25T01:44:52Z,0,0,0,Charge 6
2025-10-25T01:44:53Z,0,0,0,Charge 6
2025-10-25T01:44:54Z,0,0,0,Charge 6
2025-10-25T01:44:55Z,0,0,0,Charge 6
2025-10-25T01:44:56Z,0,0,0,Charge 6
2025-10-25T01:44:57Z,0,0,0,Charge 6
2025-10-25T01:44:58Z,0,0,0,Charge 6
2025-10-25T01:44:59Z,0,0,0,Charge 6
2025-10-25T01:45:00Z,0,0,0,Charge 6
2025-10-25T01:45:01Z,0,0,0,Charge 6
2025-10-25T01:45:02Z,0,0,0,Charge 6
2025-10-25T01:45:03Z,0,0,0,Charge 6
2025-10-25T01:45:04Z,0,0,0,Charge 6
2025-10-25T01:45:05Z,0,0,0,Charge 6
2025-10-25T01:45:06Z,0,0,0,Charge 6
2025-10-25T01:45:07Z,0,0,0,Charge 6
2025-10-25T01:45:08Z,0,0,0,Charge 6
2025-10-25T01:45:09Z,0,0,0,Charge 6
2025-10-25T01:45:10Z,0,0,0,Charge 6
2025-10-25T01:45:11Z,0,0,0,Charge 6
2025-10-25T01:45:12Z,0,0,0,Charge 6
2025-10-25T01:45:13Z,0,0,0,Charge 6
2025-10-25T01:45:14Z,0,0,0,Charge 6
2025-10-25T01:45:15Z,0,0,0,Charge 6
2025-10-25T01:45:16Z,0,0,0,Charge 6
2025-10-25T01:45:17Z,0,0,0,Charge 6
2025-10-25T01:45:18Z,0,0,0,Charge 6
2025-10-25T01:45:19Z,0,0,0,Charge 6
2025-10-25T01:45:20Z,0,0,0,Charge 6
2025-10-25T01:45:21Z,0,0,0,Charge 6
2025-10-25T01:45:22Z,0,0,0,Charge 6
2025-10-25T01:45:23Z,0,0,0,Charge 6
2025-10-25T01:45:24Z,0,0,0,Charge 6
2025-10-25T01:45:25Z,0,0,0,Charge 6
2025-10-25T01:45:26Z,0,0,0,Charge 6
2025-10-25T01:45:27Z,0,0,0,Charge 6
2025-10-25T01:45:28Z,0,0,0,Charge 6
2025-10-25T01:45:29Z,0,0,0,Charge 6
2025-10-25T01:45:30Z,0,0,0,Charge 6
2025-10-25T01:45:31Z,0,0,0,Charge 6
2025-10-25T01:45:32Z,0,0,0,Charge 6
2025-10-25T01:45:33Z,0,0,0,Charge 6
2025-10-25T01:45:34Z,0,0,0,Charge 6
2025-10-25T01:45:35Z,0,0,0,Charge 6
2025-10-25T01:45:36Z,0,0,0,Charge 6
2025-10-25T01:45:37Z,0,0,0,Charge 6
2025-10-25T01:45:38Z,0,0,0,Charge 6
2025-10-25T01:45:39Z,0,0,0,Charge 6
2025-10-25T01:45:40Z,0,0,0,Charge 6
2025-10-25T01:45:41Z,0,0,0,Charge 6
2025-10-25T01:45:42Z,0,0,0,Charge 6
2025-10-25T01:45:43Z,0,0,0,Charge 6
2025-10-25T01:45:44Z,0,0,0,Charge 6
2025-10-25T01:45:45Z,0,0,0,Charge 6
2025-10-25T01:45:46Z,0,0,0,Charge 6
2025-10-25T01:45:47Z,0,0,0,Charge 6
2025-10-25T01:45:48Z,2,0,0,Charge 6
2025-10-25T01:45:49Z,2,0,0,Charge 6
2025-10-25T01:45:50Z,0,0,0,Charge 6
2025-10-25T01:45:51Z,0,0,0,Charge 6
2025-10-25T01:45:52Z,0,0,0,Charge 6
2025-10-25T01:45:53Z,0,0,0,Charge 6
2025-10-25T01:45:54Z,0,0,0,Charge 6
2025-10-25T01:45:55Z,0,0,0,Charge 6
2025-10-25T01:45:56Z,0,0,0,Charge 6
2025-10-25T01:45:57Z,0,0,0,Charge 6
2025-10-25T01:45:58Z,0,0,0,Charge 6
2025-10-25T01:45:59Z,0,0,0,Charge 6
2025-10-25T01:46:00Z,0,0,0,Charge 6
2025-10-25T01:46:01Z,0,0,0,Charge 6
2025-10-25T01:46:02Z,0,0,0,Charge 6
2025-10-25T01:46:03Z,0,0,0,Charge 6
2025-10-25T01:46:04Z,0,0,0,Charge 6
2025-10-25T01:46:05Z,0,0,0,Charge 6
2025-10-25T01:46:06Z,0,0,0,Charge 6
2025-10-25T01:46:07Z,0,0,0,Charge 6
2025-10-25T01:46:08Z,0,0,0,Charge 6
2025-10-25T01:46:09Z,0,0,0,Charge 6
2025-10-25T01:46:10Z,0,0,0,Charge 6
2025-10-25T01:46:11Z,0,0,0,Charge 6
2025-10-25T01:46:12Z,0,0,0,Charge 6
2025-10-25T01:46:13Z,0,0,0,Charge 6
2025-10-25T01:46:14Z,0,0,0,Charge 6
2025-10-25T01:46:15Z,0,0,0,Charge 6
2025-10-25T01:46:16Z,0,0,0,Charge 6
2025-10-25T01:46:17Z,0,0,0,Charge 6
2025-10-25T01:46:18Z,0,0,0,Charge 6
2025-10-25T01:46:19Z,0,0,0,Charge 6
2025-10-25T01:46:20Z,0,0,0,Charge 6
2025-10-25T01:46:21Z,0,0,0,Charge 6
2025-10-25T01:46:22Z,0,0,0,Charge 6
2025-10-25T01:46:23Z,0,0,0,Charge 6
2025-10-25T01:46:24Z,0,0,0,Charge 6
2025-10-25T01:46:25Z,0,0,0,Charge 6
2025-10-25T01:46:26Z,0,0,0,Charge 6
2025-10-25T01:46:27Z,0,0,0,Charge 6
2025-10-25T01:46:28Z,0,0,0,Charge 6
2025-10-25T01:46:29Z,0,0,0,Charge 6
2025-10-25T01:46:30Z,0,0,0,Charge 6
2025-10-25T01:46:31Z,0,0,0,Charge 6
2025-10-25T01:46:32Z,0,0,0,Charge 6
2025-10-25T01:46:33Z,0,0,0,Charge 6
2025-10-25T01:46:34Z,0,0,0,Charge 6
2025-10-25T01:46:35Z,0,0,0,Charge 6
2025-10-25T01:46:36Z,0,0,0,Charge 6
2025-10-25T01:46:37Z,0,0,0,Charge 6
2025-10-25T01:46:38Z,0,0,0,Charge 6
2025-10-25T01:46:39Z,0,0,0,Charge 6
2025-10-25T01:46:40Z,0,0,0,Charge 6
2025-10-25T01:46:41Z,0,0,0,Charge 6
2025-10-25T01:46:42Z,0,0,0,Charge 6
2025-10-25T01:46:43Z,0,0,0,Charge 6
2025-10-25T01:46:44Z,0,0,0,Charge 6
2025-10-25T01:46:45Z,1,0,0,Charge 6
2025-10-25T01:46:46Z,2,0,0,Charge 6
2025-10-25T01:46:47Z,1,130,0,Charge 6
2025-10-25T01:46:48Z,0,240,0,Charge 6
2025-10-25T01:46:49Z,2,380,0,Charge 6
2025-10-25T01:46:50Z,1,530,0,Charge 6
2025-10-25T01:46:51Z,2,700,0,Charge 6
2025-10-25T01:46:52Z,2,780,0,Charge 6
2025-10-25T01:46:53Z,0,820,0,Charge 6
2025-10-25T01:46:54Z,2,850,0,Charge 6
2025-10-25T01:46:55Z,2,910,0,Charge 6
2025-10-25T01:46:56Z,2,960,0,Charge 6
2025-10-25T01:46:57Z,1,1010,0,Charge 6
2025-10-25T01:46:58Z,0,1010,0,Charge 6
2025-10-25T01:46:59Z,1,1010,0,Charge 6
2025-10-25T01:47:00Z,3,1010,0,Charge 6
2025-10-25T01:47:01Z,2,1000,0,Charge 6
2025-10-25T01:47:02Z,1,1010,0,Charge 6
2025-10-25T01:47:03Z,2,1080,0,Charge 6
2025-10-25T01:47:04Z,1,1130,0,Charge 6
2025-10-25T01:47:05Z,2,1140,0,Charge 6
2025-10-25T01:47:06Z,0,1140,0,Charge 6
2025-10-25T01:47:07Z,1,1120,0,Charge 6
2025-10-25T01:47:08Z,2,1130,0,Charge 6
2025-10-25T01:47:09Z,1,1110,0,Charge 6
2025-10-25T01:47:10Z,2,1110,0,Charge 6
2025-10-25T01:47:11Z,0,1100,0,Charge 6
2025-10-25T01:47:12Z,2,1110,0,Charge 6
2025-10-25T01:47:13Z,1,1090,0,Charge 6
2025-10-25T01:47:14Z,1,1080,0,Charge 6
2025-10-25T01:47:15Z,0,970,0,Charge 6
2025-10-25T01:47:16Z,0,860,0,Charge 6
2025-10-25T01:47:17Z,0,0,0,Charge 6
2025-10-25T01:47:18Z,0,0,0,Charge 6
2025-10-25T01:47:19Z,0,0,0,Charge 6
2025-10-25T01:47:20Z,0,0,0,Charge 6
2025-10-25T01:47:21Z,0,0,0,Charge 6
2025-10-25T01:47:22Z,0,0,0,Charge 6
2025-10-25T01:47:23Z,0,0,0,Charge 6
2025-10-25T01:47:24Z,0,0,0,Charge 6
2025-10-25T01:47:25Z,0,0,0,Charge 6
2025-10-25T01:47:26Z,0,0,0,Charge 6
