timestamp,steps,data source
2026-02-01T00:00:00Z,8,Charge 6
2026-02-01T00:02:00Z,16,Charge 6
2026-02-01T00:04:00Z,23,Charge 6
2026-02-01T00:05:00Z,14,Charge 6
2026-02-01T00:06:00Z,14,Charge 6
2026-02-01T00:07:00Z,9,Charge 6
2026-02-01T00:08:00Z,11,Charge 6
2026-02-01T00:09:00Z,7,Charge 6
2026-02-01T00:23:00Z,20,Charge 6
2026-02-01T00:24:00Z,15,Charge 6
2026-02-01T00:25:00Z,17,Charge 6
2026-02-01T01:28:00Z,39,Charge 6
2026-02-01T01:29:00Z,25,Charge 6
2026-02-01T01:31:00Z,34,Charge 6
2026-02-01T01:32:00Z,9,Charge 6
2026-02-01T01:33:00Z,61,Charge 6
2026-02-01T01:34:00Z,108,Charge 6
2026-02-01T01:35:00Z,113,Charge 6
2026-02-01T01:36:00Z,112,Charge 6
2026-02-01T01:37:00Z,111,Charge 6
2026-02-01T01:38:00Z,114,Charge 6
2026-02-01T01:39:00Z,113,Charge 6
2026-02-01T01:40:00Z,111,Charge 6
2026-02-01T01:41:00Z,27,Charge 6
2026-02-01T01:46:00Z,28,Charge 6
2026-02-01T01:47:00Z,102,Charge 6
2026-02-01T01:48:00Z,108,Charge 6
2026-02-01T01:49:00Z,108,Charge 6
2026-02-01T01:50:00Z,112,Charge 6
2026-02-01T01:51:00Z,102,Charge 6
2026-02-01T01:52:00Z,107,Charge 6
2026-02-01T01:53:00Z,111,Charge 6
2026-02-01T01:54:00Z,72,Charge 6
2026-02-01T02:08:00Z,49,Charge 6
2026-02-01T02:09:00Z,32,Charge 6
2026-02-01T02:10:00Z,44,Charge 6
2026-02-01T02:11:00Z,24,Charge 6
2026-02-01T02:12:00Z,8,Charge 6
2026-02-01T02:15:00Z,18,Charge 6
2026-02-01T02:16:00Z,8,Charge 6
2026-02-01T02:22:00Z,107,Charge 6
2026-02-01T02:33:00Z,24,Charge 6
2026-02-01T02:34:00Z,106,Charge 6
2026-02-01T02:35:00Z,78,Charge 6
2026-02-01T02:37:00Z,10,Charge 6
2026-02-01T02:38:00Z,11,Charge 6
2026-02-01T02:39:00Z,8,Charge 6
2026-02-01T02:40:00Z,72,Charge 6
2026-02-01T02:41:00Z,55,Charge 6
2026-02-01T02:42:00Z,61,Charge 6
2026-02-01T02:43:00Z,36,Charge 6
2026-02-01T02:44:00Z,41,Charge 6
2026-02-01T02:45:00Z,7,Charge 6
2026-02-01T02:46:00Z,47,Charge 6
2026-02-01T02:49:00Z,56,Charge 6
2026-02-01T02:50:00Z,23,Charge 6
2026-02-01T03:00:00Z,6,Charge 6
2026-02-01T03:14:00Z,37,Charge 6
2026-02-01T03:18:00Z,4,Charge 6
2026-02-01T03:21:00Z,4,Charge 6
2026-02-01T03:24:00Z,17,Charge 6
2026-02-01T03:26:00Z,8,Charge 6
2026-02-01T03:27:00Z,16,Charge 6
2026-02-01T03:28:00Z,19,Charge 6
2026-02-01T03:29:00Z,6,Charge 6
2026-02-01T03:30:00Z,18,Charge 6
2026-02-01T03:32:00Z,6,Charge 6
2026-02-01T03:33:00Z,27,Charge 6
2026-02-01T03:34:00Z,52,Charge 6
2026-02-01T03:35:00Z,21,Charge 6
2026-02-01T03:36:00Z,32,Charge 6
2026-02-01T03:37:00Z,20,Charge 6
2026-02-01T03:39:00Z,31,Charge 6
2026-02-01T03:40:00Z,22,Charge 6
2026-02-01T03:41:00Z,4,Charge 6
2026-02-01T03:43:00Z,11,Charge 6
2026-02-01T03:44:00Z,18,Charge 6
2026-02-01T03:47:00Z,11,Charge 6
2026-02-01T03:48:00Z,9,Charge 6
2026-02-01T03:56:00Z,8,Charge 6
2026-02-01T03:57:00Z,9,Charge 6
2026-02-01T03:58:00Z,24,Charge 6
2026-02-01T04:01:00Z,8,Charge 6
2026-02-01T04:08:00Z,14,Charge 6
2026-02-01T04:09:00Z,9,Charge 6
2026-02-01T04:11:00Z,15,Charge 6
2026-02-01T04:13:00Z,7,Charge 6
2026-02-01T04:14:00Z,17,Charge 6
2026-02-01T04:15:00Z,8,Charge 6
2026-02-01T04:18:00Z,15,Charge 6
2026-02-01T04:19:00Z,36,Charge 6
2026-02-01T04:20:00Z,9,Charge 6
2026-02-01T04:21:00Z,6,Charge 6
2026-02-01T04:25:00Z,14,Charge 6
2026-02-01T04:26:00Z,1,Charge 6
2026-02-01T04:31:00Z,5,Charge 6
2026-02-01T04:35:00Z,42,Charge 6
2026-02-01T04:37:00Z,14,Charge 6
2026-02-01T04:38:00Z,25,Charge 6
2026-02-01T04:42:00Z,14,Charge 6
2026-02-01T04:43:00Z,9,Charge 6
2026-02-01T04:45:00Z,8,Charge 6
2026-02-01T04:46:00Z,27,Charge 6
2026-02-01T04:47:00Z,36,Charge 6
2026-02-01T04:48:00Z,43,Charge 6
2026-02-01T04:51:00Z,14,Charge 6
2026-02-01T04:52:00Z,11,Charge 6
2026-02-01T04:56:00Z,6,Charge 6
2026-02-01T05:01:00Z,4,Charge 6
2026-02-01T05:02:00Z,18,Charge 6
2026-02-01T05:04:00Z,17,Charge 6
2026-02-01T05:09:00Z,6,Charge 6
2026-02-01T05:14:00Z,20,Charge 6
2026-02-01T05:15:00Z,32,Charge 6
2026-02-01T05:24:00Z,21,Charge 6
2026-02-01T05:25:00Z,62,Charge 6
2026-02-01T05:26:00Z,10,Charge 6
2026-02-01T05:33:00Z,28,Charge 6
2026-02-01T05:34:00Z,69,Charge 6
2026-02-01T05:35:00Z,55,Charge 6
2026-02-01T05:36:00Z,19,Charge 6
2026-02-01T05:37:00Z,20,Charge 6
2026-02-01T05:38:00Z,11,Charge 6
2026-02-01T05:40:00Z,24,Charge 6
2026-02-01T05:41:00Z,29,Charge 6
2026-02-01T05:43:00Z,22,Charge 6
2026-02-01T05:44:00Z,1,Charge 6
2026-02-01T05:49:00Z,11,Charge 6
2026-02-01T05:51:00Z,20,Charge 6
2026-02-01T05:52:00Z,6,Charge 6
2026-02-01T05:55:00Z,6,Charge 6
2026-02-01T05:56:00Z,5,Charge 6
2026-02-01T05:57:00Z,12,Charge 6
2026-02-01T05:58:00Z,6,Charge 6
2026-02-01T05:59:00Z,6,Charge 6
2026-02-01T06:01:00Z,6,Charge 6
2026-02-01T06:02:00Z,6,Charge 6
2026-02-01T06:03:00Z,4,Charge 6
2026-02-01T06:05:00Z,8,Charge 6
2026-02-01T06:20:00Z,7,Charge 6
2026-02-01T06:25:00Z,8,Charge 6
2026-02-01T06:30:00Z,13,Charge 6
2026-02-01T06:35:00Z,7,Charge 6
2026-02-01T07:18:00Z,34,Charge 6
2026-02-01T07:32:00Z,5,Charge 6
2026-02-01T07:39:00Z,7,Charge 6
2026-02-01T07:46:00Z,7,Charge 6
2026-02-01T07:52:00Z,32,Charge 6
2026-02-01T07:53:00Z,15,Charge 6
2026-02-01T07:54:00Z,7,Charge 6
2026-02-01T07:55:00Z,7,Charge 6
2026-02-01T08:04:00Z,7,Charge 6
2026-02-01T08:51:00Z,9,Charge 6
2026-02-01T08:52:00Z,1,Charge 6
2026-02-01T08:53:00Z,37,Charge 6
2026-02-01T08:54:00Z,33,Charge 6
2026-02-01T08:55:00Z,17,Charge 6
2026-02-01T08:57:00Z,8,Charge 6
2026-02-01T09:04:00Z,31,Charge 6
2026-02-01T09:06:00Z,7,Charge 6
2026-02-01T09:07:00Z,5,Charge 6
2026-02-01T09:08:00Z,21,Charge 6
2026-02-01T09:09:00Z,7,Charge 6
2026-02-01T09:11:00Z,11,Charge 6
2026-02-01T09:12:00Z,16,Charge 6
2026-02-01T09:13:00Z,31,Charge 6
2026-02-01T09:14:00Z,5,Charge 6
2026-02-01T09:16:00Z,23,Charge 6
2026-02-01T09:17:00Z,12,Charge 6
2026-02-01T09:19:00Z,6,Charge 6
2026-02-01T09:20:00Z,19,Charge 6
2026-02-01T09:23:00Z,7,Charge 6
2026-02-01T09:24:00Z,18,Charge 6
2026-02-01T09:27:00Z,5,Charge 6
2026-02-01T09:35:00Z,45,Charge 6
2026-02-01T09:37:00Z,13,Charge 6
2026-02-01T09:38:00Z,44,Charge 6
2026-02-01T09:39:00Z,6,Charge 6
2026-02-01T09:40:00Z,13,Charge 6
2026-02-01T09:50:00Z,4,Charge 6
2026-02-01T09:51:00Z,19,Charge 6
2026-02-01T09:52:00Z,9,Charge 6
2026-02-01T09:54:00Z,12,Charge 6
2026-02-01T09:59:00Z,6,Charge 6
2026-02-01T10:02:00Z,6,Charge 6
2026-02-01T10:04:00Z,40,Charge 6
2026-02-01T10:07:00Z,13,Charge 6
2026-02-01T10:11:00Z,4,Charge 6
2026-02-01T10:12:00Z,5,Charge 6
2026-02-01T10:38:00Z,9,Charge 6
2026-02-01T10:39:00Z,6,Charge 6
2026-02-01T10:41:00Z,25,Charge 6
2026-02-01T10:43:00Z,17,Charge 6
2026-02-01T10:46:00Z,8,Charge 6
2026-02-01T10:47:00Z,10,Charge 6
2026-02-01T10:54:00Z,7,Charge 6
2026-02-01T12:01:00Z,6,Charge 6
2026-02-01T12:17:00Z,7,Charge 6
2026-02-01T15:15:00Z,9,Charge 6
2026-02-01T16:55:00Z,7,Charge 6
2026-02-01T17:14:00Z,8,Charge 6
2026-02-01T17:31:00Z,12,Charge 6
2026-02-01T18:18:00Z,24,Charge 6
2026-02-01T18:59:00Z,32,Charge 6
2026-02-01T19:00:00Z,42,Charge 6
2026-02-01T19:01:00Z,33,Charge 6
2026-02-01T19:02:00Z,6,Charge 6
2026-02-01T19:03:00Z,27,Charge 6
2026-02-01T19:07:00Z,12,Charge 6
2026-02-01T19:08:00Z,14,Charge 6
2026-02-01T19:09:00Z,5,Charge 6
2026-02-01T19:10:00Z,23,Charge 6
2026-02-01T19:11:00Z,40,Charge 6
2026-02-01T19:12:00Z,10,Charge 6
2026-02-01T19:13:00Z,45,Charge 6
2026-02-01T19:14:00Z,23,Charge 6
2026-02-01T19:16:00Z,10,Charge 6
2026-02-01T19:17:00Z,13,Charge 6
2026-02-01T19:22:00Z,17,Charge 6
2026-02-01T19:23:00Z,8,Charge 6
2026-02-01T19:25:00Z,9,Charge 6
2026-02-01T19:26:00Z,6,Charge 6
2026-02-01T19:27:00Z,20,Charge 6
2026-02-01T19:30:00Z,9,Charge 6
2026-02-01T19:32:00Z,28,Charge 6
2026-02-01T19:34:00Z,8,Charge 6
2026-02-01T19:35:00Z,20,Charge 6
2026-02-01T19:37:00Z,14,Charge 6
2026-02-01T19:38:00Z,7,Charge 6
2026-02-01T19:39:00Z,7,Charge 6
2026-02-01T19:40:00Z,6,Charge 6
2026-02-01T19:41:00Z,12,Charge 6
2026-02-01T19:42:00Z,20,Charge 6
2026-02-01T19:44:00Z,38,Charge 6
2026-02-01T19:45:00Z,7,Charge 6
2026-02-01T19:46:00Z,34,Charge 6
2026-02-01T19:47:00Z,7,Charge 6
2026-02-01T19:48:00Z,15,Charge 6
2026-02-01T19:54:00Z,16,Charge 6
2026-02-01T19:55:00Z,10,Charge 6
2026-02-01T19:58:00Z,15,Charge 6
2026-02-01T19:59:00Z,27,Charge 6
2026-02-01T20:00:00Z,48,Charge 6
2026-02-01T20:01:00Z,37,Charge 6
2026-02-01T20:02:00Z,11,Charge 6
2026-02-01T20:03:00Z,16,Charge 6
2026-02-01T20:04:00Z,21,Charge 6
2026-02-01T20:05:00Z,14,Charge 6
2026-02-01T20:06:00Z,29,Charge 6
2026-02-01T20:07:00Z,6,Charge 6
2026-02-01T20:08:00Z,10,Charge 6
2026-02-01T20:09:00Z,22,Charge 6
2026-02-01T20:10:00Z,83,Charge 6
2026-02-01T20:11:00Z,13,Charge 6
2026-02-01T20:12:00Z,15,Charge 6
2026-02-01T20:13:00Z,41,Charge 6
2026-02-01T20:14:00Z,87,Charge 6
2026-02-01T20:15:00Z,34,Charge 6
2026-02-01T20:16:00Z,9,Charge 6
2026-02-01T20:19:00Z,15,Charge 6
2026-02-01T20:20:00Z,5,Charge 6
2026-02-01T20:21:00Z,22,Charge 6
2026-02-01T20:25:00Z,27,Charge 6
2026-02-01T20:30:00Z,11,Charge 6
2026-02-01T20:31:00Z,9,Charge 6
2026-02-01T20:32:00Z,9,Charge 6
2026-02-01T20:34:00Z,32,Charge 6
2026-02-01T20:36:00Z,11,Charge 6
2026-02-01T20:37:00Z,18,Charge 6
2026-02-01T20:38:00Z,33,Charge 6
2026-02-01T20:39:00Z,12,Charge 6
2026-02-01T20:40:00Z,7,Charge 6
2026-02-01T20:41:00Z,34,Charge 6
2026-02-01T20:45:00Z,7,Charge 6
2026-02-01T20:46:00Z,7,Charge 6
2026-02-01T20:47:00Z,21,Charge 6
2026-02-01T20:48:00Z,23,Charge 6
2026-02-01T20:50:00Z,7,Charge 6
2026-02-01T20:51:00Z,47,Charge 6
2026-02-01T20:52:00Z,42,Charge 6
2026-02-01T20:53:00Z,51,Charge 6
2026-02-01T20:54:00Z,37,Charge 6
2026-02-01T20:55:00Z,40,Charge 6
2026-02-01T20:56:00Z,25,Charge 6
2026-02-01T20:57:00Z,24,Charge 6
2026-02-01T20:59:00Z,20,Charge 6
2026-02-01T21:40:00Z,7,Charge 6
2026-02-01T21:41:00Z,6,Charge 6
2026-02-01T22:13:00Z,20,Charge 6
2026-02-01T22:19:00Z,14,Charge 6
2026-02-01T22:20:00Z,65,Charge 6
2026-02-01T22:21:00Z,24,Charge 6
2026-02-01T22:22:00Z,79,Charge 6
2026-02-01T22:23:00Z,14,Charge 6
2026-02-01T22:31:00Z,8,Charge 6
2026-02-01T22:34:00Z,8,Charge 6
2026-02-01T22:36:00Z,11,Charge 6
2026-02-01T22:37:00Z,20,Charge 6
2026-02-01T22:38:00Z,27,Charge 6
2026-02-01T22:39:00Z,22,Charge 6
2026-02-01T22:40:00Z,7,Charge 6
2026-02-01T22:41:00Z,28,Charge 6
2026-02-01T22:42:00Z,45,Charge 6
2026-02-01T22:44:00Z,10,Charge 6
2026-02-01T22:48:00Z,27,Charge 6
2026-02-01T22:50:00Z,14,Charge 6
2026-02-01T22:55:00Z,41,Charge 6
2026-02-01T22:57:00Z,27,Charge 6
2026-02-01T22:58:00Z,22,Charge 6
2026-02-01T22:59:00Z,86,Charge 6
2026-02-01T23:00:00Z,20,Charge 6
2026-02-01T23:01:00Z,7,Charge 6
2026-02-01T23:04:00Z,21,Charge 6
2026-02-01T23:05:00Z,7,Charge 6
2026-02-01T23:06:00Z,27,Charge 6
2026-02-01T23:34:00Z,30,Charge 6
2026-02-01T23:39:00Z,7,Charge 6
2026-02-02T00:40:00Z,11,Charge 6
2026-02-02T00:51:00Z,7,Charge 6
2026-02-02T01:01:00Z,26,Charge 6
2026-02-02T01:02:00Z,9,Charge 6
2026-02-02T01:05:00Z,9,Charge 6
2026-02-02T01:12:00Z,12,Charge 6
2026-02-02T01:15:00Z,8,Charge 6
2026-02-02T01:18:00Z,11,Charge 6
2026-02-02T01:19:00Z,23,Charge 6
2026-02-02T01:27:00Z,37,Charge 6
2026-02-02T01:28:00Z,17,Charge 6
2026-02-02T01:29:00Z,7,Charge 6
2026-02-02T01:31:00Z,33,Charge 6
2026-02-02T01:32:00Z,27,Charge 6
2026-02-02T01:33:00Z,7,Charge 6
2026-02-02T01:34:00Z,41,Charge 6
2026-02-02T01:35:00Z,20,Charge 6
2026-02-02T01:36:00Z,37,Charge 6
2026-02-02T01:37:00Z,52,Charge 6
2026-02-02T01:38:00Z,41,Charge 6
2026-02-02T01:39:00Z,22,Charge 6
2026-02-02T01:40:00Z,14,Charge 6
2026-02-02T01:41:00Z,8,Charge 6
2026-02-02T01:42:00Z,10,Charge 6
2026-02-02T01:46:00Z,17,Charge 6
2026-02-02T01:47:00Z,46,Charge 6
2026-02-02T01:48:00Z,21,Charge 6
2026-02-02T01:52:00Z,31,Charge 6
2026-02-02T01:53:00Z,24,Charge 6
2026-02-02T01:54:00Z,27,Charge 6
2026-02-02T01:55:00Z,9,Charge 6
2026-02-02T01:56:00Z,37,Charge 6
2026-02-02T01:57:00Z,1,Charge 6
2026-02-02T01:59:00Z,37,Charge 6
2026-02-02T02:00:00Z,41,Charge 6
2026-02-02T02:01:00Z,24,Charge 6
2026-02-02T02:02:00Z,42,Charge 6
2026-02-02T02:03:00Z,7,Charge 6
2026-02-02T02:04:00Z,27,Charge 6
2026-02-02T02:06:00Z,7,Charge 6
2026-02-02T02:07:00Z,80,Charge 6
2026-02-02T02:08:00Z,21,Charge 6
2026-02-02T02:09:00Z,18,Charge 6
2026-02-02T02:11:00Z,21,Charge 6
2026-02-02T02:12:00Z,8,Charge 6
2026-02-02T02:13:00Z,38,Charge 6
2026-02-02T02:14:00Z,12,Charge 6
2026-02-02T02:15:00Z,23,Charge 6
2026-02-02T02:16:00Z,27,Charge 6
2026-02-02T02:17:00Z,8,Charge 6
2026-02-02T02:22:00Z,6,Charge 6
2026-02-02T02:23:00Z,3,Charge 6
2026-02-02T02:30:00Z,5,Charge 6
2026-02-02T02:33:00Z,12,Charge 6
2026-02-02T02:47:00Z,47,Charge 6
2026-02-02T02:48:00Z,27,Charge 6
2026-02-02T02:50:00Z,16,Charge 6
2026-02-02T02:51:00Z,25,Charge 6
2026-02-02T02:52:00Z,97,Charge 6
2026-02-02T02:53:00Z,112,Charge 6
2026-02-02T02:54:00Z,120,Charge 6
2026-02-02T02:55:00Z,118,Charge 6
2026-02-02T02:56:00Z,118,Charge 6
2026-02-02T02:57:00Z,90,Charge 6
2026-02-02T02:58:00Z,70,Charge 6
2026-02-02T02:59:00Z,109,Charge 6
2026-02-02T03:00:00Z,115,Charge 6
2026-02-02T03:01:00Z,115,Charge 6
2026-02-02T03:02:00Z,113,Charge 6
2026-02-02T03:03:00Z,97,Charge 6
2026-02-02T03:04:00Z,42,Charge 6
2026-02-02T03:10:00Z,18,Charge 6
2026-02-02T03:12:00Z,25,Charge 6
2026-02-02T03:13:00Z,41,Charge 6
2026-02-02T03:14:00Z,2,Charge 6
2026-02-02T03:15:00Z,19,Charge 6
2026-02-02T03:16:00Z,22,Charge 6
2026-02-02T03:18:00Z,37,Charge 6
2026-02-02T03:19:00Z,30,Charge 6
2026-02-02T03:20:00Z,47,Charge 6
2026-02-02T03:21:00Z,59,Charge 6
2026-02-02T03:22:00Z,53,Charge 6
2026-02-02T03:23:00Z,58,Charge 6
2026-02-02T03:24:00Z,46,Charge 6
2026-02-02T03:25:00Z,37,Charge 6
2026-02-02T03:26:00Z,76,Charge 6
2026-02-02T03:27:00Z,60,Charge 6
2026-02-02T03:28:00Z,59,Charge 6
2026-02-02T03:29:00Z,67,Charge 6
2026-02-02T03:30:00Z,107,Charge 6
2026-02-02T03:31:00Z,121,Charge 6
2026-02-02T03:32:00Z,79,Charge 6
2026-02-02T03:33:00Z,23,Charge 6
2026-02-02T06:26:00Z,15,Charge 6
2026-02-02T15:57:00Z,20,Charge 6
2026-02-02T17:05:00Z,1,Charge 6
2026-02-02T17:15:00Z,80,Charge 6
2026-02-02T20:43:00Z,74,Charge 6
2026-02-03T01:56:00Z,75,Charge 6
2026-02-03T03:03:00Z,35,Charge 6
2026-02-03T03:57:00Z,42,Charge 6
2026-02-03T03:58:00Z,108,Charge 6
2026-02-03T03:59:00Z,109,Charge 6
2026-02-03T04:00:00Z,109,Charge 6
2026-02-03T04:01:00Z,46,Charge 6
2026-02-03T04:03:00Z,31,Charge 6
2026-02-03T04:04:00Z,11,Charge 6
2026-02-03T04:07:00Z,88,Charge 6
2026-02-03T04:08:00Z,107,Charge 6
2026-02-03T04:09:00Z,21,Charge 6
2026-02-03T04:37:00Z,99,Charge 6
2026-02-03T04:38:00Z,9,Charge 6
2026-02-03T04:43:00Z,11,Charge 6
2026-02-03T04:44:00Z,20,Charge 6
2026-02-03T04:45:00Z,114,Charge 6
2026-02-03T04:46:00Z,20,Charge 6
2026-02-03T04:47:00Z,25,Charge 6
2026-02-03T04:48:00Z,12,Charge 6
2026-02-03T04:49:00Z,94,Charge 6
2026-02-03T04:50:00Z,109,Charge 6
2026-02-03T04:51:00Z,100,Charge 6
2026-02-03T04:52:00Z,29,Charge 6
2026-02-03T06:13:00Z,58,Charge 6
2026-02-03T06:14:00Z,92,Charge 6
2026-02-03T07:20:00Z,35,Charge 6
2026-02-03T07:21:00Z,18,Charge 6
2026-02-03T07:22:00Z,7,Charge 6
2026-02-03T07:23:00Z,85,Charge 6
2026-02-03T07:24:00Z,108,Charge 6
2026-02-03T07:25:00Z,113,Charge 6
2026-02-03T07:26:00Z,37,Charge 6
2026-02-03T07:27:00Z,7,Charge 6
2026-02-03T07:28:00Z,18,Charge 6
2026-02-03T07:31:00Z,26,Charge 6
2026-02-03T07:32:00Z,35,Charge 6
2026-02-03T17:05:00Z,11,Charge 6
2026-02-03T19:22:00Z,49,Charge 6
2026-02-03T19:23:00Z,22,Charge 6
2026-02-03T19:25:00Z,26,Charge 6
2026-02-03T19:26:00Z,12,Charge 6
2026-02-03T19:27:00Z,10,Charge 6
2026-02-03T19:28:00Z,8,Charge 6
2026-02-03T19:30:00Z,9,Charge 6
2026-02-03T19:31:00Z,1,Charge 6
2026-02-03T19:32:00Z,16,Charge 6
2026-02-03T19:33:00Z,64,Charge 6
2026-02-03T19:34:00Z,6,Charge 6
2026-02-03T19:35:00Z,18,Charge 6
2026-02-04T01:59:00Z,22,Charge 6
2026-02-04T02:00:00Z,7,Charge 6
2026-02-04T02:01:00Z,5,Charge 6
2026-02-04T02:02:00Z,64,Charge 6
2026-02-04T02:04:00Z,44,Charge 6
2026-02-04T02:05:00Z,12,Charge 6
2026-02-04T02:13:00Z,8,Charge 6
2026-02-04T02:51:00Z,34,Charge 6
2026-02-04T02:54:00Z,8,Charge 6
2026-02-04T03:02:00Z,14,Charge 6
2026-02-04T03:03:00Z,3,Charge 6
2026-02-04T03:08:00Z,7,Charge 6
2026-02-04T03:16:00Z,7,Charge 6
2026-02-04T03:17:00Z,13,Charge 6
2026-02-04T03:20:00Z,12,Charge 6
2026-02-04T03:30:00Z,11,Charge 6
2026-02-04T03:32:00Z,7,Charge 6
2026-02-04T03:35:00Z,7,Charge 6
2026-02-04T03:40:00Z,17,Charge 6
2026-02-04T03:41:00Z,9,Charge 6
2026-02-04T03:48:00Z,6,Charge 6
2026-02-04T04:55:00Z,17,Charge 6
2026-02-04T05:02:00Z,9,Charge 6
2026-02-04T05:26:00Z,27,Charge 6
2026-02-04T05:27:00Z,28,Charge 6
2026-02-04T05:28:00Z,19,Charge 6
2026-02-04T05:29:00Z,40,Charge 6
2026-02-04T05:31:00Z,27,Charge 6
2026-02-04T05:32:00Z,18,Charge 6
2026-02-04T05:33:00Z,8,Charge 6
2026-02-04T05:41:00Z,11,Charge 6
2026-02-04T06:41:00Z,30,Charge 6
2026-02-04T06:42:00Z,42,Charge 6
2026-02-04T06:43:00Z,20,Charge 6
2026-02-04T06:44:00Z,6,Charge 6
2026-02-04T06:47:00Z,20,Charge 6
2026-02-04T06:48:00Z,8,Charge 6
2026-02-04T06:49:00Z,33,Charge 6
2026-02-04T06:50:00Z,28,Charge 6
2026-02-04T06:51:00Z,52,Charge 6
2026-02-04T06:53:00Z,63,Charge 6
2026-02-04T06:54:00Z,17,Charge 6
2026-02-04T06:55:00Z,20,Charge 6
2026-02-04T06:56:00Z,67,Charge 6
2026-02-04T06:57:00Z,9,Charge 6
2026-02-04T06:59:00Z,14,Charge 6
2026-02-04T07:00:00Z,7,Charge 6
2026-02-04T07:02:00Z,12,Charge 6
2026-02-04T07:03:00Z,11,Charge 6
2026-02-04T07:04:00Z,27,Charge 6
2026-02-04T07:06:00Z,14,Charge 6
2026-02-04T07:10:00Z,23,Charge 6
2026-02-04T07:11:00Z,4,Charge 6
2026-02-04T07:12:00Z,53,Charge 6
2026-02-04T07:13:00Z,16,Charge 6
2026-02-04T07:14:00Z,10,Charge 6
2026-02-04T07:15:00Z,7,Charge 6
2026-02-04T07:17:00Z,9,Charge 6
2026-02-04T07:35:00Z,25,Charge 6
2026-02-04T07:36:00Z,17,Charge 6
2026-02-04T07:40:00Z,21,Charge 6
2026-02-04T07:42:00Z,7,Charge 6
2026-02-04T08:04:00Z,31,Charge 6
2026-02-04T08:05:00Z,24,Charge 6
2026-02-04T08:10:00Z,8,Charge 6
2026-02-04T08:12:00Z,10,Charge 6
2026-02-04T08:14:00Z,18,Charge 6
2026-02-04T08:19:00Z,8,Charge 6
2026-02-04T08:26:00Z,7,Charge 6
2026-02-04T08:29:00Z,22,Charge 6
2026-02-04T08:30:00Z,8,Charge 6
2026-02-04T08:32:00Z,15,Charge 6
2026-02-04T08:34:00Z,23,Charge 6
2026-02-04T08:35:00Z,77,Charge 6
2026-02-04T08:36:00Z,70,Charge 6
2026-02-04T08:37:00Z,32,Charge 6
2026-02-04T09:14:00Z,10,Charge 6
2026-02-04T09:15:00Z,11,Charge 6
2026-02-04T13:51:00Z,17,Charge 6
2026-02-04T13:53:00Z,26,Charge 6
2026-02-04T13:55:00Z,13,Charge 6
2026-02-04T13:57:00Z,11,Charge 6
2026-02-04T13:59:00Z,25,Charge 6
2026-02-04T14:00:00Z,54,Charge 6
2026-02-04T14:01:00Z,29,Charge 6
2026-02-04T14:02:00Z,11,Charge 6
2026-02-04T14:03:00Z,31,Charge 6
2026-02-04T14:04:00Z,38,Charge 6
2026-02-04T14:05:00Z,40,Charge 6
2026-02-04T14:06:00Z,17,Charge 6
2026-02-04T14:07:00Z,48,Charge 6
2026-02-04T14:08:00Z,5,Charge 6
2026-02-04T14:10:00Z,37,Charge 6
2026-02-04T14:11:00Z,12,Charge 6
2026-02-04T14:15:00Z,14,Charge 6
2026-02-04T14:16:00Z,3,Charge 6
2026-02-04T14:19:00Z,11,Charge 6
2026-02-04T14:20:00Z,10,Charge 6
2026-02-04T14:21:00Z,5,Charge 6
2026-02-04T14:22:00Z,12,Charge 6
2026-02-04T14:23:00Z,15,Charge 6
2026-02-04T14:24:00Z,8,Charge 6
2026-02-04T14:25:00Z,10,Charge 6
2026-02-04T14:41:00Z,21,Charge 6
2026-02-04T14:42:00Z,3,Charge 6
2026-02-04T15:10:00Z,9,Charge 6
2026-02-04T15:24:00Z,37,Charge 6
2026-02-04T15:25:00Z,13,Charge 6
2026-02-04T15:28:00Z,9,Charge 6
2026-02-04T15:30:00Z,18,Charge 6
2026-02-04T15:47:00Z,7,Charge 6
2026-02-04T22:00:00Z,7,Charge 6
2026-02-04T22:27:00Z,5,Charge 6
2026-02-05T01:46:00Z,14,Charge 6
2026-02-05T02:34:00Z,6,Charge 6
2026-02-05T02:43:00Z,6,Charge 6
2026-02-05T02:46:00Z,6,Charge 6
2026-02-05T03:17:00Z,7,Charge 6
2026-02-05T05:11:00Z,33,Charge 6
2026-02-05T05:12:00Z,70,Charge 6
2026-02-05T05:13:00Z,60,Charge 6
2026-02-05T05:14:00Z,10,Charge 6
2026-02-05T05:15:00Z,10,Charge 6
2026-02-05T05:25:00Z,7,Charge 6
2026-02-05T05:26:00Z,6,Charge 6
2026-02-05T05:31:00Z,22,Charge 6
2026-02-05T05:36:00Z,45,Charge 6
2026-02-05T05:41:00Z,15,Charge 6
2026-02-05T05:42:00Z,67,Charge 6
2026-02-05T05:43:00Z,45,Charge 6
2026-02-05T05:44:00Z,43,Charge 6
2026-02-05T05:45:00Z,43,Charge 6
2026-02-05T05:50:00Z,12,Charge 6
2026-02-05T05:51:00Z,10,Charge 6
2026-02-05T05:56:00Z,16,Charge 6
2026-02-05T05:57:00Z,6,Charge 6
2026-02-05T05:58:00Z,78,Charge 6
2026-02-05T05:59:00Z,23,Charge 6
2026-02-05T06:00:00Z,6,Charge 6
2026-02-05T06:01:00Z,78,Charge 6
2026-02-05T06:02:00Z,128,Charge 6
2026-02-05T06:03:00Z,126,Charge 6
2026-02-05T06:04:00Z,124,Charge 6
2026-02-05T06:05:00Z,28,Charge 6
2026-02-05T06:06:00Z,10,Charge 6
2026-02-05T06:19:00Z,15,Charge 6
2026-02-05T06:20:00Z,13,Charge 6
2026-02-05T06:28:00Z,9,Charge 6
2026-02-05T06:31:00Z,14,Charge 6
2026-02-05T06:32:00Z,27,Charge 6
2026-02-05T06:34:00Z,41,Charge 6
2026-02-05T06:35:00Z,22,Charge 6
2026-02-05T06:36:00Z,2,Charge 6
2026-02-05T06:37:00Z,19,Charge 6
2026-02-05T06:39:00Z,11,Charge 6
2026-02-05T06:40:00Z,25,Charge 6
2026-02-05T06:41:00Z,4,Charge 6
2026-02-05T06:43:00Z,5,Charge 6
2026-02-05T06:44:00Z,7,Charge 6
2026-02-05T06:45:00Z,46,Charge 6
2026-02-05T06:46:00Z,26,Charge 6
2026-02-05T06:47:00Z,32,Charge 6
2026-02-05T06:48:00Z,40,Charge 6
2026-02-05T06:49:00Z,17,Charge 6
2026-02-05T06:50:00Z,18,Charge 6
2026-02-05T06:51:00Z,43,Charge 6
2026-02-05T06:52:00Z,14,Charge 6
2026-02-05T06:53:00Z,71,Charge 6
2026-02-05T06:54:00Z,39,Charge 6
2026-02-05T06:55:00Z,101,Charge 6
2026-02-05T06:56:00Z,110,Charge 6
2026-02-05T06:57:00Z,111,Charge 6
2026-02-05T06:58:00Z,115,Charge 6
2026-02-05T06:59:00Z,63,Charge 6
2026-02-05T07:00:00Z,13,Charge 6
2026-02-05T07:01:00Z,6,Charge 6
2026-02-05T07:06:00Z,11,Charge 6
2026-02-05T07:13:00Z,6,Charge 6
2026-02-05T07:21:00Z,16,Charge 6
2026-02-05T07:22:00Z,13,Charge 6
2026-02-05T07:46:00Z,58,Charge 6
2026-02-05T07:47:00Z,101,Charge 6
2026-02-05T07:48:00Z,110,Charge 6
2026-02-05T07:49:00Z,107,Charge 6
2026-02-05T07:50:00Z,107,Charge 6
2026-02-05T07:51:00Z,56,Charge 6
2026-02-05T07:52:00Z,31,Charge 6
2026-02-05T07:53:00Z,41,Charge 6
2026-02-05T07:54:00Z,54,Charge 6
2026-02-05T07:56:00Z,21,Charge 6
2026-02-05T07:57:00Z,14,Charge 6
2026-02-05T08:06:00Z,16,Charge 6
2026-02-05T08:08:00Z,16,Charge 6
2026-02-05T08:09:00Z,54,Charge 6
2026-02-05T08:10:00Z,102,Charge 6
2026-02-05T08:11:00Z,106,Charge 6
2026-02-05T08:12:00Z,113,Charge 6
2026-02-05T08:13:00Z,112,Charge 6
2026-02-05T08:14:00Z,114,Charge 6
2026-02-05T08:15:00Z,102,Charge 6
2026-02-05T08:16:00Z,113,Charge 6
2026-02-05T08:17:00Z,115,Charge 6
2026-02-05T08:18:00Z,114,Charge 6
2026-02-05T08:19:00Z,73,Charge 6
2026-02-05T08:20:00Z,50,Charge 6
2026-02-05T08:21:00Z,64,Charge 6
2026-02-05T08:22:00Z,53,Charge 6
2026-02-05T08:23:00Z,104,Charge 6
2026-02-05T08:24:00Z,105,Charge 6
2026-02-05T08:25:00Z,82,Charge 6
2026-02-05T08:26:00Z,86,Charge 6
2026-02-05T08:27:00Z,86,Charge 6
2026-02-05T08:28:00Z,108,Charge 6
2026-02-05T08:29:00Z,110,Charge 6
2026-02-05T08:30:00Z,111,Charge 6
2026-02-05T08:31:00Z,81,Charge 6
2026-02-05T08:32:00Z,102,Charge 6
2026-02-05T08:33:00Z,80,Charge 6
2026-02-05T08:34:00Z,95,Charge 6
2026-02-05T08:35:00Z,102,Charge 6
2026-02-05T08:36:00Z,108,Charge 6
2026-02-05T08:37:00Z,109,Charge 6
2026-02-05T08:38:00Z,106,Charge 6
2026-02-05T08:39:00Z,108,Charge 6
2026-02-05T08:40:00Z,112,Charge 6
2026-02-05T08:41:00Z,87,Charge 6
2026-02-05T08:46:00Z,6,Charge 6
2026-02-05T08:49:00Z,8,Charge 6
2026-02-05T08:50:00Z,12,Charge 6
2026-02-05T08:51:00Z,58,Charge 6
2026-02-05T08:52:00Z,29,Charge 6
2026-02-05T08:55:00Z,9,Charge 6
2026-02-05T08:58:00Z,4,Charge 6
2026-02-05T09:07:00Z,31,Charge 6
2026-02-05T09:08:00Z,48,Charge 6
2026-02-05T09:09:00Z,85,Charge 6
2026-02-05T09:10:00Z,101,Charge 6
2026-02-05T09:11:00Z,105,Charge 6
2026-02-05T09:12:00Z,100,Charge 6
2026-02-05T09:13:00Z,44,Charge 6
2026-02-05T09:14:00Z,75,Charge 6
2026-02-05T09:15:00Z,26,Charge 6
2026-02-05T09:16:00Z,19,Charge 6
2026-02-05T09:17:00Z,74,Charge 6
2026-02-05T09:18:00Z,40,Charge 6
2026-02-05T09:19:00Z,107,Charge 6
2026-02-05T09:20:00Z,47,Charge 6
2026-02-05T09:21:00Z,87,Charge 6
2026-02-05T09:22:00Z,38,Charge 6
2026-02-05T09:23:00Z,20,Charge 6
2026-02-05T09:24:00Z,4,Charge 6
2026-02-05T09:25:00Z,8,Charge 6
2026-02-05T09:26:00Z,7,Charge 6
2026-02-05T09:27:00Z,16,Charge 6
2026-02-05T09:29:00Z,21,Charge 6
2026-02-05T09:31:00Z,47,Charge 6
2026-02-05T09:32:00Z,7,Charge 6
2026-02-05T09:34:00Z,6,Charge 6
2026-02-05T09:35:00Z,90,Charge 6
2026-02-05T09:36:00Z,41,Charge 6
2026-02-05T09:51:00Z,43,Charge 6
2026-02-05T09:52:00Z,12,Charge 6
2026-02-05T09:53:00Z,37,Charge 6
2026-02-05T09:54:00Z,31,Charge 6
2026-02-05T09:55:00Z,48,Charge 6
2026-02-05T09:56:00Z,31,Charge 6
2026-02-05T09:59:00Z,6,Charge 6
2026-02-05T10:00:00Z,39,Charge 6
2026-02-05T10:01:00Z,58,Charge 6
2026-02-05T10:02:00Z,32,Charge 6
2026-02-05T10:03:00Z,19,Charge 6
2026-02-05T10:06:00Z,20,Charge 6
2026-02-05T10:08:00Z,6,Charge 6
2026-02-05T10:15:00Z,26,Charge 6
2026-02-05T10:17:00Z,6,Charge 6
2026-02-05T10:18:00Z,20,Charge 6
2026-02-05T10:19:00Z,108,Charge 6
2026-02-05T10:20:00Z,113,Charge 6
2026-02-05T10:21:00Z,119,Charge 6
2026-02-05T10:22:00Z,116,Charge 6
2026-02-05T10:23:00Z,113,Charge 6
2026-02-05T10:24:00Z,119,Charge 6
2026-02-05T10:25:00Z,84,Charge 6
2026-02-05T10:26:00Z,67,Charge 6
2026-02-05T10:27:00Z,77,Charge 6
2026-02-05T10:28:00Z,3,Charge 6
2026-02-05T10:43:00Z,10,Charge 6
2026-02-05T10:48:00Z,4,Charge 6
2026-02-05T10:53:00Z,11,Charge 6
2026-02-05T10:54:00Z,8,Charge 6
2026-02-05T10:57:00Z,15,Charge 6
2026-02-05T11:00:00Z,6,Charge 6
2026-02-05T11:02:00Z,11,Charge 6
2026-02-05T11:03:00Z,9,Charge 6
2026-02-05T11:04:00Z,18,Charge 6
2026-02-05T11:06:00Z,19,Charge 6
2026-02-05T11:08:00Z,7,Charge 6
2026-02-05T11:24:00Z,12,Charge 6
2026-02-05T11:25:00Z,10,Charge 6
2026-02-05T11:26:00Z,9,Charge 6
2026-02-05T11:31:00Z,12,Charge 6
2026-02-05T11:38:00Z,39,Charge 6
2026-02-05T11:39:00Z,15,Charge 6
2026-02-05T11:40:00Z,66,Charge 6
2026-02-05T11:41:00Z,103,Charge 6
2026-02-05T11:42:00Z,108,Charge 6
2026-02-05T11:43:00Z,105,Charge 6
2026-02-05T11:44:00Z,108,Charge 6
2026-02-05T11:45:00Z,104,Charge 6
2026-02-05T11:46:00Z,71,Charge 6
2026-02-05T11:47:00Z,52,Charge 6
2026-02-05T11:48:00Z,98,Charge 6
2026-02-05T11:49:00Z,99,Charge 6
2026-02-05T11:50:00Z,49,Charge 6
2026-02-05T11:51:00Z,28,Charge 6
2026-02-05T11:53:00Z,19,Charge 6
2026-02-05T11:55:00Z,9,Charge 6
2026-02-05T11:56:00Z,9,Charge 6
2026-02-05T11:57:00Z,21,Charge 6
2026-02-05T12:03:00Z,38,Charge 6
2026-02-05T12:04:00Z,35,Charge 6
2026-02-05T12:06:00Z,51,Charge 6
2026-02-05T12:07:00Z,97,Charge 6
2026-02-05T12:09:00Z,4,Charge 6
2026-02-05T12:18:00Z,12,Charge 6
2026-02-05T12:22:00Z,20,Charge 6
2026-02-05T12:29:00Z,59,Charge 6
2026-02-05T12:30:00Z,47,Charge 6
2026-02-05T12:31:00Z,6,Charge 6
2026-02-05T12:47:00Z,17,Charge 6
2026-02-05T12:52:00Z,7,Charge 6
2026-02-05T12:53:00Z,26,Charge 6
2026-02-05T12:56:00Z,12,Charge 6
2026-02-05T12:57:00Z,11,Charge 6
2026-02-05T13:02:00Z,10,Charge 6
2026-02-05T13:15:00Z,6,Charge 6
2026-02-15T05:53:00Z,14,Charge 6
2026-02-15T05:55:00Z,19,Charge 6
2026-02-15T05:58:00Z,19,Charge 6
2026-02-15T05:59:00Z,1,Charge 6
2026-02-15T06:00:00Z,21,Charge 6
2026-02-15T06:02:00Z,31,Charge 6
2026-02-15T06:03:00Z,26,Charge 6
2026-02-15T06:04:00Z,32,Charge 6
2026-02-15T06:06:00Z,11,Charge 6
2026-02-15T06:07:00Z,24,Charge 6
2026-02-15T06:08:00Z,32,Charge 6
2026-02-15T06:09:00Z,50,Charge 6
2026-02-15T06:11:00Z,58,Charge 6
2026-02-15T06:12:00Z,24,Charge 6
2026-02-15T06:16:00Z,41,Charge 6
2026-02-15T06:17:00Z,1,Charge 6
2026-02-15T06:19:00Z,53,Charge 6
2026-02-15T06:20:00Z,7,Charge 6
2026-02-15T06:21:00Z,16,Charge 6
2026-02-15T06:22:00Z,53,Charge 6
2026-02-15T06:24:00Z,62,Charge 6
2026-02-15T06:28:00Z,34,Charge 6
2026-02-15T06:29:00Z,42,Charge 6
2026-02-15T06:30:00Z,28,Charge 6
2026-02-15T06:32:00Z,27,Charge 6
2026-02-15T06:33:00Z,16,Charge 6
2026-02-15T06:34:00Z,4,Charge 6
2026-02-15T06:35:00Z,11,Charge 6
2026-02-15T06:36:00Z,11,Charge 6
2026-02-15T06:38:00Z,35,Charge 6
2026-02-15T06:39:00Z,45,Charge 6
2026-02-15T06:41:00Z,21,Charge 6
2026-02-15T06:42:00Z,14,Charge 6
2026-02-15T06:44:00Z,6,Charge 6
2026-02-15T06:45:00Z,13,Charge 6
2026-02-15T07:01:00Z,6,Charge 6
2026-02-15T09:52:00Z,4,Charge 6
2026-02-15T10:30:00Z,10,Charge 6
2026-02-15T11:48:00Z,4,Charge 6
2026-02-15T12:26:00Z,8,Charge 6
2026-02-15T13:18:00Z,6,Charge 6
2026-02-15T13:47:00Z,32,Charge 6
2026-02-15T13:48:00Z,7,Charge 6
2026-02-15T13:49:00Z,19,Charge 6
2026-02-15T13:50:00Z,12,Charge 6
2026-02-15T13:51:00Z,27,Charge 6
2026-02-15T13:52:00Z,15,Charge 6
2026-02-15T13:53:00Z,19,Charge 6
2026-02-15T13:54:00Z,9,Charge 6
2026-02-15T13:57:00Z,22,Charge 6
2026-02-15T13:58:00Z,18,Charge 6
2026-02-15T13:59:00Z,25,Charge 6
2026-02-15T14:00:00Z,43,Charge 6
2026-02-15T14:01:00Z,9,Charge 6
2026-02-15T14:02:00Z,5,Charge 6
2026-02-15T14:04:00Z,10,Charge 6
2026-02-15T14:07:00Z,12,Charge 6
2026-02-15T14:08:00Z,6,Charge 6
2026-02-15T14:12:00Z,7,Charge 6
2026-02-15T14:16:00Z,21,Charge 6
2026-02-15T14:17:00Z,40,Charge 6
2026-02-15T14:18:00Z,49,Charge 6
2026-02-15T14:20:00Z,11,Charge 6
2026-02-15T14:24:00Z,8,Charge 6
2026-02-15T14:25:00Z,27,Charge 6
2026-02-15T14:27:00Z,28,Charge 6
2026-02-15T14:35:00Z,8,Charge 6
2026-02-15T14:36:00Z,2,Charge 6
2026-02-15T14:52:00Z,7,Charge 6
2026-02-15T14:53:00Z,7,Charge 6
2026-02-15T15:00:00Z,4,Charge 6
2026-02-15T15:01:00Z,18,Charge 6
2026-02-15T15:03:00Z,101,Charge 6
2026-02-15T15:04:00Z,41,Charge 6
2026-02-15T15:07:00Z,18,Charge 6
2026-02-15T15:08:00Z,76,Charge 6
2026-02-15T15:09:00Z,69,Charge 6
2026-02-15T15:10:00Z,26,Charge 6
2026-02-15T15:11:00Z,57,Charge 6
2026-02-15T15:12:00Z,32,Charge 6
2026-02-15T15:13:00Z,25,Charge 6
2026-02-15T15:14:00Z,43,Charge 6
2026-02-15T15:15:00Z,4,Charge 6
2026-02-15T15:16:00Z,13,Charge 6
2026-02-15T15:17:00Z,19,Charge 6
2026-02-15T15:18:00Z,26,Charge 6
2026-02-15T15:19:00Z,17,Charge 6
2026-02-15T15:20:00Z,25,Charge 6
2026-02-15T15:21:00Z,12,Charge 6
2026-02-15T15:22:00Z,52,Charge 6
2026-02-15T15:26:00Z,6,Charge 6
2026-02-15T15:35:00Z,87,Charge 6
2026-02-15T15:36:00Z,40,Charge 6
2026-02-15T15:39:00Z,10,Charge 6
2026-02-15T15:40:00Z,8,Charge 6
2026-02-15T15:41:00Z,18,Charge 6
2026-02-15T15:45:00Z,45,Charge 6
2026-02-15T15:46:00Z,63,Charge 6
2026-02-15T15:47:00Z,8,Charge 6
2026-02-15T15:49:00Z,24,Charge 6
2026-02-15T15:50:00Z,28,Charge 6
2026-02-15T15:52:00Z,20,Charge 6
2026-02-15T15:53:00Z,5,Charge 6
2026-02-15T15:54:00Z,15,Charge 6
2026-02-15T16:01:00Z,7,Charge 6
2026-02-15T16:03:00Z,10,Charge 6
2026-02-15T16:04:00Z,9,Charge 6
2026-02-15T16:21:00Z,36,Charge 6
2026-02-15T16:23:00Z,7,Charge 6
2026-02-15T16:24:00Z,8,Charge 6
2026-02-15T16:25:00Z,34,Charge 6
2026-02-15T16:30:00Z,7,Charge 6
2026-02-15T16:31:00Z,10,Charge 6
2026-02-15T16:33:00Z,4,Charge 6
2026-02-15T16:35:00Z,8,Charge 6
2026-02-15T16:36:00Z,20,Charge 6
2026-02-15T16:54:00Z,21,Charge 6
2026-02-15T17:03:00Z,6,Charge 6
2026-02-15T17:05:00Z,4,Charge 6
2026-02-15T17:08:00Z,6,Charge 6
2026-02-15T17:15:00Z,6,Charge 6
2026-02-15T17:16:00Z,30,Charge 6
2026-02-15T17:18:00Z,8,Charge 6
2026-02-15T17:26:00Z,11,Charge 6
2026-02-15T17:27:00Z,33,Charge 6
2026-02-15T17:38:00Z,26,Charge 6
2026-02-15T17:39:00Z,59,Charge 6
2026-02-15T17:40:00Z,71,Charge 6
2026-02-15T17:41:00Z,73,Charge 6
2026-02-15T17:42:00Z,88,Charge 6
2026-02-15T17:43:00Z,89,Charge 6
2026-02-15T17:44:00Z,93,Charge 6
2026-02-15T17:45:00Z,98,Charge 6
2026-02-15T17:46:00Z,73,Charge 6
2026-02-15T17:47:00Z,33,Charge 6
2026-02-15T17:48:00Z,10,Charge 6
2026-02-15T17:56:00Z,5,Charge 6
2026-02-15T17:57:00Z,27,Charge 6
2026-02-15T17:58:00Z,16,Charge 6
2026-02-15T17:59:00Z,73,Charge 6
2026-02-15T18:00:00Z,31,Charge 6
2026-02-15T18:01:00Z,66,Charge 6
2026-02-15T18:07:00Z,40,Charge 6
2026-02-15T18:08:00Z,93,Charge 6
2026-02-15T18:09:00Z,96,Charge 6
2026-02-15T18:10:00Z,90,Charge 6
2026-02-15T18:19:00Z,7,Charge 6
2026-02-15T18:20:00Z,93,Charge 6
2026-02-15T18:21:00Z,90,Charge 6
2026-02-15T18:22:00Z,102,Charge 6
2026-02-15T18:23:00Z,89,Charge 6
2026-02-15T18:24:00Z,96,Charge 6
2026-02-15T18:25:00Z,93,Charge 6
2026-02-15T18:26:00Z,53,Charge 6
2026-02-15T18:27:00Z,29,Charge 6
2026-02-15T18:28:00Z,6,Charge 6
2026-02-15T18:29:00Z,67,Charge 6
2026-02-15T18:30:00Z,96,Charge 6
2026-02-15T18:31:00Z,78,Charge 6
2026-02-15T18:32:00Z,89,Charge 6
2026-02-15T18:33:00Z,99,Charge 6
2026-02-15T18:34:00Z,94,Charge 6
2026-02-15T18:35:00Z,102,Charge 6
2026-02-15T18:36:00Z,103,Charge 6
2026-02-15T18:37:00Z,105,Charge 6
2026-02-15T18:38:00Z,4,Charge 6
2026-02-15T18:43:00Z,8,Charge 6
2026-02-15T18:47:00Z,76,Charge 6
2026-02-15T18:48:00Z,104,Charge 6
2026-02-15T18:49:00Z,100,Charge 6
2026-02-15T18:50:00Z,102,Charge 6
2026-02-15T18:51:00Z,53,Charge 6
2026-02-15T18:52:00Z,34,Charge 6
2026-02-15T18:53:00Z,34,Charge 6
2026-02-15T18:54:00Z,9,Charge 6
2026-02-15T18:55:00Z,39,Charge 6
2026-02-15T18:56:00Z,78,Charge 6
2026-02-15T18:57:00Z,105,Charge 6
2026-02-15T18:58:00Z,102,Charge 6
2026-02-15T18:59:00Z,108,Charge 6
2026-02-15T19:00:00Z,103,Charge 6
2026-02-15T19:01:00Z,105,Charge 6
2026-02-15T19:02:00Z,103,Charge 6
2026-02-15T19:03:00Z,59,Charge 6
2026-02-15T19:04:00Z,35,Charge 6
2026-02-15T19:05:00Z,43,Charge 6
2026-02-15T19:06:00Z,97,Charge 6
2026-02-15T19:07:00Z,82,Charge 6
2026-02-15T19:08:00Z,97,Charge 6
2026-02-15T19:09:00Z,109,Charge 6
2026-02-15T19:10:00Z,110,Charge 6
2026-02-15T19:11:00Z,102,Charge 6
2026-02-15T19:12:00Z,97,Charge 6
2026-02-15T19:13:00Z,42,Charge 6
2026-02-15T19:14:00Z,36,Charge 6
2026-02-15T19:15:00Z,82,Charge 6
2026-02-15T19:16:00Z,106,Charge 6
2026-02-15T19:17:00Z,110,Charge 6
2026-02-15T19:18:00Z,113,Charge 6
2026-02-15T19:19:00Z,109,Charge 6
2026-02-15T19:20:00Z,116,Charge 6
2026-02-15T19:21:00Z,115,Charge 6
2026-02-15T19:22:00Z,112,Charge 6
2026-02-15T19:23:00Z,70,Charge 6
2026-02-15T19:24:00Z,135,Charge 6
2026-02-15T19:25:00Z,157,Charge 6
2026-02-15T19:26:00Z,78,Charge 6
2026-02-15T19:27:00Z,39,Charge 6
2026-02-15T19:28:00Z,70,Charge 6
2026-02-15T19:29:00Z,101,Charge 6
2026-02-15T19:30:00Z,107,Charge 6
2026-02-15T19:31:00Z,26,Charge 6
2026-02-15T19:32:00Z,37,Charge 6
2026-02-15T19:33:00Z,42,Charge 6
2026-02-15T19:34:00Z,56,Charge 6
2026-02-15T19:35:00Z,94,Charge 6
2026-02-15T19:36:00Z,20,Charge 6
2026-02-15T19:37:00Z,8,Charge 6
2026-02-15T19:38:00Z,8,Charge 6
2026-02-15T19:40:00Z,19,Charge 6
2026-02-15T19:41:00Z,7,Charge 6
2026-02-15T19:44:00Z,12,Charge 6
2026-02-15T19:48:00Z,8,Charge 6
2026-02-15T19:49:00Z,13,Charge 6
2026-02-15T19:56:00Z,9,Charge 6
2026-02-15T20:01:00Z,22,Charge 6
2026-02-15T20:02:00Z,28,Charge 6
2026-02-15T20:05:00Z,12,Charge 6
2026-02-15T20:17:00Z,6,Charge 6
2026-02-15T20:29:00Z,17,Charge 6
2026-02-15T20:31:00Z,10,Charge 6
2026-02-15T20:55:00Z,28,Charge 6
2026-02-15T20:56:00Z,40,Charge 6
2026-02-15T21:15:00Z,22,Charge 6
2026-02-15T21:16:00Z,9,Charge 6
2026-02-15T21:19:00Z,14,Charge 6
2026-02-15T21:23:00Z,20,Charge 6
2026-02-15T21:24:00Z,92,Charge 6
2026-02-15T21:25:00Z,52,Charge 6
2026-02-15T21:27:00Z,58,Charge 6
2026-02-15T21:28:00Z,97,Charge 6
2026-02-15T21:29:00Z,87,Charge 6
2026-02-15T21:30:00Z,40,Charge 6
2026-02-15T21:31:00Z,45,Charge 6
2026-02-15T21:32:00Z,63,Charge 6
2026-02-15T21:33:00Z,62,Charge 6
2026-02-15T21:34:00Z,96,Charge 6
2026-02-15T21:35:00Z,48,Charge 6
2026-02-15T21:59:00Z,15,Charge 6
2026-02-15T22:00:00Z,2,Charge 6
2026-02-15T22:11:00Z,21,Charge 6
2026-02-15T22:12:00Z,35,Charge 6
2026-02-15T22:13:00Z,85,Charge 6
2026-02-15T22:14:00Z,93,Charge 6
2026-02-15T22:15:00Z,28,Charge 6
2026-02-15T22:16:00Z,15,Charge 6
2026-02-15T22:17:00Z,8,Charge 6
2026-02-15T22:21:00Z,9,Charge 6
2026-02-15T22:46:00Z,22,Charge 6
2026-02-15T22:47:00Z,7,Charge 6
2026-02-15T22:48:00Z,33,Charge 6
2026-02-15T23:12:00Z,7,Charge 6
2026-02-15T23:17:00Z,5,Charge 6
2026-02-15T23:38:00Z,16,Charge 6
2026-02-15T23:39:00Z,21,Charge 6
2026-02-15T23:40:00Z,26,Charge 6
2026-02-15T23:43:00Z,8,Charge 6
2026-02-15T23:44:00Z,7,Charge 6
2026-02-15T23:45:00Z,17,Charge 6
2026-02-15T23:46:00Z,27,Charge 6
2026-02-15T23:47:00Z,84,Charge 6
2026-02-15T23:48:00Z,96,Charge 6
2026-02-15T23:49:00Z,45,Charge 6
2026-02-15T23:54:00Z,27,Charge 6
2026-02-15T23:56:00Z,19,Charge 6
2026-02-15T23:57:00Z,16,Charge 6
2026-02-16T00:15:00Z,7,Charge 6
2026-02-16T00:27:00Z,51,Charge 6
2026-02-16T00:28:00Z,55,Charge 6
2026-02-16T00:29:00Z,64,Charge 6
2026-02-16T00:30:00Z,4,Charge 6
2026-02-16T00:31:00Z,42,Charge 6
2026-02-16T00:32:00Z,29,Charge 6
2026-02-16T00:33:00Z,96,Charge 6
2026-02-16T00:34:00Z,111,Charge 6
2026-02-16T00:35:00Z,112,Charge 6
2026-02-16T00:36:00Z,109,Charge 6
2026-02-16T00:37:00Z,89,Charge 6
2026-02-16T00:38:00Z,8,Charge 6
2026-02-16T00:41:00Z,53,Charge 6
2026-02-16T00:42:00Z,114,Charge 6
2026-02-16T00:43:00Z,109,Charge 6
2026-02-16T00:44:00Z,103,Charge 6
2026-02-16T00:45:00Z,112,Charge 6
2026-02-16T00:46:00Z,69,Charge 6
2026-02-16T00:54:00Z,7,Charge 6
2026-02-16T00:55:00Z,6,Charge 6
2026-02-16T00:56:00Z,74,Charge 6
2026-02-16T00:57:00Z,97,Charge 6
2026-02-16T00:58:00Z,76,Charge 6
2026-02-16T00:59:00Z,49,Charge 6
2026-02-16T01:00:00Z,20,Charge 6
2026-02-16T01:01:00Z,71,Charge 6
2026-02-16T01:02:00Z,36,Charge 6
2026-02-16T01:03:00Z,29,Charge 6
2026-02-16T01:06:00Z,13,Charge 6
2026-02-16T01:07:00Z,7,Charge 6
2026-02-16T01:08:00Z,6,Charge 6
2026-02-16T01:09:00Z,26,Charge 6
2026-02-16T01:10:00Z,31,Charge 6
2026-02-16T01:11:00Z,31,Charge 6
2026-02-16T01:12:00Z,32,Charge 6
2026-02-16T01:13:00Z,26,Charge 6
2026-02-16T01:14:00Z,14,Charge 6
2026-02-16T01:16:00Z,25,Charge 6
2026-02-16T01:17:00Z,45,Charge 6
2026-02-16T01:18:00Z,17,Charge 6
2026-02-16T01:19:00Z,41,Charge 6
2026-02-16T01:21:00Z,71,Charge 6
2026-02-16T01:22:00Z,87,Charge 6
2026-02-16T01:23:00Z,70,Charge 6
2026-02-16T01:24:00Z,29,Charge 6
2026-02-16T01:25:00Z,60,Charge 6
2026-02-16T01:28:00Z,4,Charge 6
2026-02-16T01:30:00Z,15,Charge 6
2026-02-16T01:31:00Z,108,Charge 6
2026-02-16T01:32:00Z,19,Charge 6
2026-02-16T01:33:00Z,25,Charge 6
2026-02-16T01:34:00Z,9,Charge 6
2026-02-16T01:44:00Z,27,Charge 6
2026-02-16T01:45:00Z,46,Charge 6
2026-02-16T01:46:00Z,21,Charge 6
2026-02-16T01:47:00Z,61,Charge 6
2026-02-16T01:48:00Z,72,Charge 6
2026-02-16T01:49:00Z,53,Charge 6
2026-02-16T01:50:00Z,22,Charge 6
2026-02-16T01:51:00Z,31,Charge 6
2026-02-16T01:57:00Z,6,Charge 6
2026-02-16T02:00:00Z,12,Charge 6
2026-02-16T02:01:00Z,10,Charge 6
2026-02-16T02:02:00Z,20,Charge 6
2026-02-16T02:03:00Z,6,Charge 6
2026-02-16T02:04:00Z,38,Charge 6
2026-02-16T02:05:00Z,22,Charge 6
2026-02-16T02:06:00Z,22,Charge 6
2026-02-16T02:07:00Z,27,Charge 6
2026-02-16T02:08:00Z,25,Charge 6
2026-02-16T02:09:00Z,17,Charge 6
2026-02-16T02:10:00Z,4,Charge 6
2026-02-16T02:17:00Z,43,Charge 6
2026-02-16T02:18:00Z,18,Charge 6
2026-02-16T02:19:00Z,36,Charge 6
2026-02-16T02:20:00Z,45,Charge 6
2026-02-16T02:21:00Z,16,Charge 6
2026-02-16T02:24:00Z,12,Charge 6
2026-02-16T02:29:00Z,103,Charge 6
2026-02-16T02:30:00Z,111,Charge 6
2026-02-16T02:31:00Z,105,Charge 6
2026-02-16T02:32:00Z,99,Charge 6
2026-02-16T02:33:00Z,62,Charge 6
2026-02-16T02:34:00Z,84,Charge 6
2026-02-16T02:35:00Z,93,Charge 6
2026-02-16T02:36:00Z,101,Charge 6
2026-02-16T02:37:00Z,111,Charge 6
2026-02-16T02:38:00Z,99,Charge 6
2026-02-16T02:39:00Z,118,Charge 6
2026-02-16T02:40:00Z,114,Charge 6
2026-02-16T02:41:00Z,106,Charge 6
2026-02-16T02:42:00Z,79,Charge 6
2026-02-16T02:43:00Z,59,Charge 6
2026-02-16T02:44:00Z,48,Charge 6
2026-02-16T02:45:00Z,106,Charge 6
2026-02-16T02:46:00Z,111,Charge 6
2026-02-16T02:47:00Z,111,Charge 6
2026-02-16T02:48:00Z,61,Charge 6
2026-02-16T02:53:00Z,32,Charge 6
2026-02-16T02:56:00Z,8,Charge 6
2026-02-16T02:57:00Z,51,Charge 6
2026-02-16T02:58:00Z,11,Charge 6
2026-02-16T02:59:00Z,26,Charge 6
2026-02-16T03:00:00Z,11,Charge 6
2026-02-16T03:03:00Z,48,Charge 6
2026-02-16T03:04:00Z,57,Charge 6
2026-02-16T03:05:00Z,42,Charge 6
2026-02-16T03:06:00Z,10,Charge 6
2026-02-16T03:07:00Z,16,Charge 6
2026-02-16T03:08:00Z,40,Charge 6
2026-02-16T03:09:00Z,70,Charge 6
2026-02-16T03:10:00Z,26,Charge 6
2026-02-16T03:11:00Z,10,Charge 6
2026-02-16T03:15:00Z,25,Charge 6
2026-02-16T03:22:00Z,16,Charge 6
2026-02-16T03:23:00Z,9,Charge 6
2026-02-16T03:30:00Z,14,Charge 6
2026-02-16T03:32:00Z,13,Charge 6
2026-02-16T03:33:00Z,48,Charge 6
2026-02-16T03:34:00Z,6,Charge 6
2026-02-16T03:35:00Z,11,Charge 6
2026-02-16T03:36:00Z,10,Charge 6
2026-02-16T03:37:00Z,8,Charge 6
2026-02-16T03:39:00Z,14,Charge 6
2026-02-16T03:40:00Z,37,Charge 6
2026-02-16T03:41:00Z,42,Charge 6
2026-02-16T03:42:00Z,47,Charge 6
2026-02-16T03:43:00Z,44,Charge 6
2026-02-16T03:44:00Z,42,Charge 6
2026-02-16T03:45:00Z,55,Charge 6
2026-02-16T03:46:00Z,72,Charge 6
2026-02-16T03:47:00Z,69,Charge 6
2026-02-16T03:48:00Z,2,Charge 6
2026-02-16T03:50:00Z,7,Charge 6
2026-02-16T03:53:00Z,4,Charge 6
2026-02-16T03:57:00Z,9,Charge 6
2026-02-16T04:00:00Z,8,Charge 6
2026-02-16T04:03:00Z,16,Charge 6
2026-02-16T04:06:00Z,28,Charge 6
2026-02-16T04:07:00Z,20,Charge 6
2026-02-16T04:10:00Z,31,Charge 6
2026-02-16T04:14:00Z,21,Charge 6
2026-02-16T04:15:00Z,10,Charge 6
2026-02-16T04:17:00Z,7,Charge 6
2026-02-16T04:21:00Z,25,Charge 6
2026-02-16T04:22:00Z,37,Charge 6
2026-02-16T04:23:00Z,18,Charge 6
2026-02-16T04:34:00Z,53,Charge 6
2026-02-16T04:35:00Z,29,Charge 6
2026-02-16T05:21:00Z,56,Charge 6
2026-02-16T05:23:00Z,8,Charge 6
2026-02-16T05:37:00Z,10,Charge 6
2026-02-16T05:55:00Z,6,Charge 6
2026-02-16T06:09:00Z,37,Charge 6
2026-02-16T06:10:00Z,56,Charge 6
2026-02-16T06:11:00Z,25,Charge 6
2026-02-16T06:13:00Z,38,Charge 6
2026-02-16T06:18:00Z,11,Charge 6
2026-02-16T06:27:00Z,7,Charge 6
2026-02-16T06:28:00Z,15,Charge 6
2026-02-16T06:29:00Z,26,Charge 6
2026-02-16T06:31:00Z,12,Charge 6
2026-02-16T07:01:00Z,9,Charge 6
2026-02-16T07:10:00Z,7,Charge 6
2026-02-16T07:17:00Z,14,Charge 6
2026-02-16T07:18:00Z,24,Charge 6
2026-02-16T07:45:00Z,4,Charge 6
2026-02-16T07:48:00Z,6,Charge 6
2026-02-16T07:50:00Z,8,Charge 6
2026-02-16T07:52:00Z,40,Charge 6
2026-02-16T07:53:00Z,26,Charge 6
2026-02-16T07:56:00Z,31,Charge 6
2026-02-16T11:49:00Z,4,Charge 6
2026-02-16T15:55:00Z,7,Charge 6
2026-02-16T15:56:00Z,9,Charge 6
2026-02-16T21:56:00Z,17,Charge 6
2026-02-16T21:58:00Z,9,Charge 6
2026-02-16T21:59:00Z,30,Charge 6
2026-02-16T22:00:00Z,52,Charge 6
2026-02-16T22:02:00Z,10,Charge 6
2026-02-16T22:03:00Z,12,Charge 6
2026-02-16T22:04:00Z,23,Charge 6
2026-02-16T22:05:00Z,49,Charge 6
2026-02-16T22:06:00Z,62,Charge 6
2026-02-16T22:07:00Z,23,Charge 6
2026-02-16T22:08:00Z,6,Charge 6
2026-02-16T22:09:00Z,19,Charge 6
2026-02-16T22:10:00Z,58,Charge 6
2026-02-16T22:11:00Z,4,Charge 6
2026-02-16T22:12:00Z,18,Charge 6
2026-02-16T22:13:00Z,18,Charge 6
2026-02-16T22:16:00Z,10,Charge 6
2026-02-16T22:17:00Z,8,Charge 6
2026-02-16T22:21:00Z,10,Charge 6
2026-02-16T22:22:00Z,5,Charge 6
2026-02-16T22:23:00Z,16,Charge 6
2026-02-16T22:27:00Z,8,Charge 6
2026-02-16T22:29:00Z,7,Charge 6
2026-02-16T22:35:00Z,7,Charge 6
2026-02-16T22:36:00Z,19,Charge 6
2026-02-16T22:39:00Z,23,Charge 6
2026-02-16T22:40:00Z,12,Charge 6
2026-02-16T22:41:00Z,24,Charge 6
2026-02-16T22:45:00Z,13,Charge 6
2026-02-16T22:48:00Z,17,Charge 6
2026-02-16T22:49:00Z,31,Charge 6
2026-02-16T22:50:00Z,14,Charge 6
2026-02-16T22:51:00Z,24,Charge 6
2026-02-16T22:52:00Z,8,Charge 6
2026-02-16T22:54:00Z,7,Charge 6
2026-02-16T22:55:00Z,15,Charge 6
2026-02-16T22:58:00Z,18,Charge 6
2026-02-16T22:59:00Z,13,Charge 6
2026-02-16T23:05:00Z,25,Charge 6
2026-02-16T23:06:00Z,2,Charge 6
2026-02-16T23:09:00Z,5,Charge 6
2026-02-16T23:10:00Z,12,Charge 6
2026-02-16T23:19:00Z,4,Charge 6
2026-02-16T23:29:00Z,4,Charge 6
2026-02-16T23:40:00Z,27,Charge 6
2026-02-16T23:41:00Z,7,Charge 6
2026-02-16T23:42:00Z,42,Charge 6
2026-02-16T23:43:00Z,28,Charge 6
2026-02-16T23:44:00Z,30,Charge 6
2026-02-16T23:45:00Z,22,Charge 6
2026-02-16T23:46:00Z,21,Charge 6
2026-02-16T23:47:00Z,47,Charge 6
2026-02-16T23:48:00Z,32,Charge 6
2026-02-16T23:49:00Z,5,Charge 6
2026-02-16T23:51:00Z,6,Charge 6
2026-02-16T23:54:00Z,8,Charge 6
2026-02-16T23:55:00Z,8,Charge 6
2026-02-17T00:05:00Z,4,Charge 6
2026-02-17T00:06:00Z,41,Charge 6
2026-02-17T00:07:00Z,9,Charge 6
2026-02-17T00:08:00Z,17,Charge 6
2026-02-17T00:13:00Z,10,Charge 6
2026-02-17T00:23:00Z,7,Charge 6
2026-02-17T00:33:00Z,10,Charge 6
2026-02-17T00:34:00Z,24,Charge 6
2026-02-17T00:37:00Z,25,Charge 6
2026-02-17T00:38:00Z,45,Charge 6
2026-02-17T00:39:00Z,25,Charge 6
2026-02-17T00:40:00Z,10,Charge 6
2026-02-17T00:45:00Z,38,Charge 6
2026-02-17T00:46:00Z,74,Charge 6
2026-02-17T00:47:00Z,70,Charge 6
2026-02-17T00:48:00Z,59,Charge 6
2026-02-17T00:49:00Z,18,Charge 6
2026-02-17T00:51:00Z,8,Charge 6
2026-02-17T00:52:00Z,6,Charge 6
2026-02-17T00:54:00Z,10,Charge 6
2026-02-17T00:55:00Z,10,Charge 6
2026-02-17T00:56:00Z,7,Charge 6
2026-02-17T00:57:00Z,17,Charge 6
2026-02-17T00:58:00Z,24,Charge 6
2026-02-17T00:59:00Z,6,Charge 6
2026-02-17T01:39:00Z,11,Charge 6
2026-02-17T01:41:00Z,16,Charge 6
2026-02-17T01:42:00Z,23,Charge 6
2026-02-17T01:43:00Z,22,Charge 6
2026-02-17T01:44:00Z,14,Charge 6
2026-02-17T01:47:00Z,9,Charge 6
2026-02-17T01:48:00Z,16,Charge 6
2026-02-17T01:52:00Z,4,Charge 6
2026-02-17T01:54:00Z,28,Charge 6
2026-02-17T01:55:00Z,33,Charge 6
2026-02-17T01:57:00Z,37,Charge 6
2026-02-17T02:00:00Z,23,Charge 6
2026-02-17T02:01:00Z,39,Charge 6
2026-02-17T02:08:00Z,22,Charge 6
2026-02-17T02:09:00Z,8,Charge 6
2026-02-17T02:11:00Z,34,Charge 6
2026-02-17T02:13:00Z,27,Charge 6
2026-02-17T02:14:00Z,62,Charge 6
2026-02-17T02:15:00Z,107,Charge 6
2026-02-17T02:16:00Z,116,Charge 6
2026-02-17T02:17:00Z,113,Charge 6
2026-02-17T02:18:00Z,120,Charge 6
2026-02-17T02:19:00Z,113,Charge 6
2026-02-17T02:20:00Z,112,Charge 6
2026-02-17T02:21:00Z,115,Charge 6
2026-02-17T02:22:00Z,70,Charge 6
2026-02-17T02:28:00Z,13,Charge 6
2026-02-17T02:29:00Z,11,Charge 6
2026-02-17T02:30:00Z,13,Charge 6
2026-02-17T02:32:00Z,4,Charge 6
2026-02-17T02:55:00Z,10,Charge 6
2026-02-17T02:56:00Z,9,Charge 6
2026-02-17T03:06:00Z,23,Charge 6
2026-02-17T03:08:00Z,15,Charge 6
2026-02-17T03:09:00Z,5,Charge 6
2026-02-17T03:10:00Z,12,Charge 6
2026-02-17T03:16:00Z,11,Charge 6
2026-02-17T03:19:00Z,8,Charge 6
2026-02-17T03:22:00Z,8,Charge 6
2026-02-17T03:23:00Z,73,Charge 6
2026-02-17T03:24:00Z,100,Charge 6
2026-02-17T03:25:00Z,104,Charge 6
2026-02-17T03:26:00Z,69,Charge 6
2026-02-17T03:27:00Z,96,Charge 6
2026-02-17T03:28:00Z,100,Charge 6
2026-02-17T03:29:00Z,62,Charge 6
2026-02-17T03:30:00Z,100,Charge 6
2026-02-17T03:31:00Z,108,Charge 6
2026-02-17T03:32:00Z,107,Charge 6
2026-02-17T03:33:00Z,105,Charge 6
2026-02-17T03:34:00Z,104,Charge 6
2026-02-17T03:35:00Z,38,Charge 6
2026-02-17T03:36:00Z,15,Charge 6
2026-02-17T03:37:00Z,4,Charge 6
2026-02-17T03:38:00Z,6,Charge 6
2026-02-17T03:39:00Z,12,Charge 6
2026-02-17T03:40:00Z,12,Charge 6
2026-02-17T03:42:00Z,5,Charge 6
2026-02-17T03:43:00Z,28,Charge 6
2026-02-17T03:44:00Z,33,Charge 6
2026-02-17T03:45:00Z,12,Charge 6
2026-02-17T03:46:00Z,20,Charge 6
2026-02-17T03:47:00Z,78,Charge 6
2026-02-17T03:48:00Z,24,Charge 6
2026-02-17T03:49:00Z,16,Charge 6
2026-02-17T04:08:00Z,18,Charge 6
2026-02-17T04:09:00Z,8,Charge 6
2026-02-17T04:12:00Z,34,Charge 6
2026-02-17T04:14:00Z,35,Charge 6
2026-02-17T04:15:00Z,25,Charge 6
2026-02-17T04:16:00Z,22,Charge 6
2026-02-17T04:17:00Z,31,Charge 6
2026-02-17T04:18:00Z,17,Charge 6
2026-02-17T04:19:00Z,55,Charge 6
2026-02-17T04:20:00Z,33,Charge 6
2026-02-17T04:23:00Z,9,Charge 6
2026-02-17T04:26:00Z,22,Charge 6
2026-02-17T04:27:00Z,20,Charge 6
2026-02-17T04:28:00Z,29,Charge 6
2026-02-17T04:29:00Z,10,Charge 6
2026-02-17T04:30:00Z,1,Charge 6
2026-02-17T04:41:00Z,8,Charge 6
2026-02-17T04:49:00Z,10,Charge 6
2026-02-17T04:57:00Z,7,Charge 6
2026-02-17T05:02:00Z,25,Charge 6
2026-02-17T05:03:00Z,49,Charge 6
2026-02-17T05:04:00Z,42,Charge 6
2026-02-17T05:11:00Z,4,Charge 6
2026-02-17T05:12:00Z,14,Charge 6
2026-02-17T05:13:00Z,3,Charge 6
2026-02-17T05:21:00Z,17,Charge 6
2026-02-17T05:22:00Z,38,Charge 6
2026-02-17T05:23:00Z,20,Charge 6
2026-02-17T05:24:00Z,30,Charge 6
2026-02-17T05:25:00Z,32,Charge 6
2026-02-17T05:26:00Z,25,Charge 6
2026-02-17T05:27:00Z,7,Charge 6
2026-02-17T05:30:00Z,11,Charge 6
2026-02-17T05:31:00Z,4,Charge 6
2026-02-17T05:32:00Z,51,Charge 6
2026-02-17T05:33:00Z,34,Charge 6
2026-02-17T05:34:00Z,34,Charge 6
2026-02-17T05:35:00Z,32,Charge 6
2026-02-17T05:36:00Z,53,Charge 6
2026-02-17T05:37:00Z,3,Charge 6
2026-02-17T05:39:00Z,16,Charge 6
2026-02-17T05:40:00Z,18,Charge 6
2026-02-17T05:41:00Z,49,Charge 6
2026-02-17T05:43:00Z,7,Charge 6
2026-02-17T05:49:00Z,7,Charge 6
2026-02-17T05:53:00Z,16,Charge 6
2026-02-17T05:56:00Z,15,Charge 6
2026-02-17T05:57:00Z,20,Charge 6
2026-02-17T06:03:00Z,7,Charge 6
2026-02-17T06:47:00Z,35,Charge 6
2026-02-17T06:51:00Z,15,Charge 6
2026-02-17T06:52:00Z,7,Charge 6
2026-02-17T06:55:00Z,8,Charge 6
2026-02-17T06:58:00Z,7,Charge 6
2026-02-17T07:01:00Z,31,Charge 6
2026-02-17T07:02:00Z,28,Charge 6
2026-02-17T07:03:00Z,26,Charge 6
2026-02-17T07:04:00Z,8,Charge 6
2026-02-17T07:05:00Z,47,Charge 6
2026-02-17T07:06:00Z,48,Charge 6
2026-02-17T07:07:00Z,28,Charge 6
2026-02-17T07:08:00Z,13,Charge 6
2026-02-17T07:09:00Z,5,Charge 6
2026-02-17T07:10:00Z,48,Charge 6
2026-02-17T07:11:00Z,36,Charge 6
2026-02-17T07:12:00Z,19,Charge 6
2026-02-17T07:13:00Z,47,Charge 6
2026-02-17T07:14:00Z,7,Charge 6
2026-02-17T07:15:00Z,46,Charge 6
2026-02-17T07:16:00Z,26,Charge 6
2026-02-17T07:17:00Z,26,Charge 6
2026-02-17T07:18:00Z,6,Charge 6
2026-02-17T07:19:00Z,24,Charge 6
2026-02-17T07:20:00Z,61,Charge 6
2026-02-17T07:21:00Z,43,Charge 6
2026-02-17T07:22:00Z,33,Charge 6
2026-02-17T07:23:00Z,37,Charge 6
2026-02-17T07:24:00Z,36,Charge 6
2026-02-17T07:25:00Z,17,Charge 6
2026-02-17T07:28:00Z,18,Charge 6
2026-02-17T07:29:00Z,8,Charge 6
2026-02-17T07:32:00Z,13,Charge 6
2026-02-17T11:22:00Z,12,Charge 6
2026-02-17T15:30:00Z,11,Charge 6
2026-02-17T16:01:00Z,6,Charge 6
2026-02-17T16:30:00Z,14,Charge 6
2026-02-17T16:36:00Z,29,Charge 6
2026-02-17T17:16:00Z,24,Charge 6
2026-02-17T17:17:00Z,36,Charge 6
2026-02-17T17:18:00Z,53,Charge 6
2026-02-17T17:19:00Z,62,Charge 6
2026-02-17T17:21:00Z,13,Charge 6
2026-02-17T17:24:00Z,9,Charge 6
2026-02-17T17:25:00Z,9,Charge 6
2026-02-17T17:26:00Z,6,Charge 6
2026-02-17T17:27:00Z,35,Charge 6
2026-02-17T17:28:00Z,37,Charge 6
2026-02-17T17:29:00Z,36,Charge 6
2026-02-17T17:30:00Z,21,Charge 6
2026-02-17T17:31:00Z,3,Charge 6
2026-02-17T17:32:00Z,10,Charge 6
2026-02-17T17:33:00Z,13,Charge 6
2026-02-17T17:45:00Z,6,Charge 6
2026-02-17T17:46:00Z,6,Charge 6
2026-02-17T17:47:00Z,40,Charge 6
2026-02-17T17:48:00Z,5,Charge 6
2026-02-17T17:54:00Z,8,Charge 6
2026-02-17T17:58:00Z,6,Charge 6
2026-02-17T17:59:00Z,7,Charge 6
2026-02-17T18:00:00Z,13,Charge 6
2026-02-17T18:07:00Z,9,Charge 6
2026-02-17T18:08:00Z,30,Charge 6
2026-02-17T18:09:00Z,30,Charge 6
2026-02-17T18:13:00Z,22,Charge 6
2026-02-17T18:14:00Z,16,Charge 6
2026-02-17T18:18:00Z,5,Charge 6
2026-02-17T18:19:00Z,43,Charge 6
2026-02-17T18:20:00Z,18,Charge 6
2026-02-17T18:21:00Z,46,Charge 6
2026-02-17T18:23:00Z,58,Charge 6
2026-02-17T18:24:00Z,58,Charge 6
2026-02-17T18:25:00Z,78,Charge 6
2026-02-17T18:26:00Z,73,Charge 6
2026-02-17T18:27:00Z,80,Charge 6
2026-02-17T18:28:00Z,32,Charge 6
2026-02-17T18:30:00Z,26,Charge 6
2026-02-17T18:31:00Z,69,Charge 6
2026-02-17T18:32:00Z,17,Charge 6
2026-02-17T18:33:00Z,7,Charge 6
2026-02-17T18:34:00Z,27,Charge 6
2026-02-17T18:35:00Z,33,Charge 6
2026-02-17T18:36:00Z,22,Charge 6
2026-02-17T18:37:00Z,119,Charge 6
2026-02-17T18:38:00Z,120,Charge 6
2026-02-17T18:39:00Z,103,Charge 6
2026-02-17T18:40:00Z,65,Charge 6
2026-02-17T18:41:00Z,8,Charge 6
2026-02-17T18:48:00Z,75,Charge 6
2026-02-17T18:49:00Z,8,Charge 6
2026-02-17T19:00:00Z,34,Charge 6
2026-02-17T19:01:00Z,51,Charge 6
2026-02-17T19:02:00Z,36,Charge 6
2026-02-17T19:03:00Z,36,Charge 6
2026-02-17T19:04:00Z,18,Charge 6
2026-02-17T19:14:00Z,4,Charge 6
2026-02-17T19:15:00Z,6,Charge 6
2026-02-17T19:19:00Z,31,Charge 6
2026-02-17T19:20:00Z,31,Charge 6
2026-02-17T19:21:00Z,62,Charge 6
2026-02-17T19:22:00Z,30,Charge 6
2026-02-17T19:24:00Z,9,Charge 6
2026-02-17T19:26:00Z,20,Charge 6
2026-02-17T19:27:00Z,6,Charge 6
2026-02-17T19:29:00Z,19,Charge 6
2026-02-17T19:30:00Z,50,Charge 6
2026-02-17T19:31:00Z,19,Charge 6
2026-02-17T19:32:00Z,37,Charge 6
2026-02-17T19:33:00Z,32,Charge 6
2026-02-17T19:34:00Z,116,Charge 6
2026-02-17T19:35:00Z,112,Charge 6
2026-02-17T19:36:00Z,16,Charge 6
2026-02-17T19:37:00Z,33,Charge 6
2026-02-17T19:38:00Z,9,Charge 6
2026-02-17T19:39:00Z,97,Charge 6
2026-02-17T19:40:00Z,123,Charge 6
2026-02-17T19:41:00Z,119,Charge 6
2026-02-17T19:42:00Z,111,Charge 6
2026-02-17T19:43:00Z,100,Charge 6
2026-02-17T19:44:00Z,118,Charge 6
2026-02-17T19:45:00Z,120,Charge 6
2026-02-17T19:46:00Z,120,Charge 6
2026-02-17T19:47:00Z,111,Charge 6
2026-02-17T19:48:00Z,35,Charge 6
2026-02-17T20:10:00Z,43,Charge 6
2026-02-17T20:11:00Z,37,Charge 6
2026-02-17T20:12:00Z,37,Charge 6
2026-02-17T20:26:00Z,39,Charge 6
2026-02-17T20:27:00Z,114,Charge 6
2026-02-17T20:28:00Z,114,Charge 6
2026-02-17T20:29:00Z,77,Charge 6
2026-02-17T20:30:00Z,49,Charge 6
2026-02-17T21:44:00Z,38,Charge 6
2026-02-17T21:45:00Z,11,Charge 6
2026-02-17T21:46:00Z,80,Charge 6
2026-02-17T21:47:00Z,119,Charge 6
2026-02-17T21:48:00Z,123,Charge 6
2026-02-17T21:49:00Z,118,Charge 6
2026-02-17T21:50:00Z,123,Charge 6
2026-02-17T21:51:00Z,121,Charge 6
2026-02-17T21:52:00Z,127,Charge 6
2026-02-17T21:53:00Z,101,Charge 6
2026-02-17T21:54:00Z,78,Charge 6
2026-02-17T21:55:00Z,17,Charge 6
2026-02-17T21:59:00Z,85,Charge 6
2026-02-17T22:00:00Z,6,Charge 6
2026-02-17T22:05:00Z,77,Charge 6
2026-02-17T22:06:00Z,7,Charge 6
2026-02-17T22:11:00Z,34,Charge 6
2026-02-17T22:12:00Z,60,Charge 6
2026-02-17T22:13:00Z,71,Charge 6
2026-02-17T22:14:00Z,21,Charge 6
2026-02-17T22:15:00Z,17,Charge 6
2026-02-17T22:16:00Z,100,Charge 6
2026-02-17T22:17:00Z,15,Charge 6
2026-02-17T22:22:00Z,40,Charge 6
2026-02-17T22:25:00Z,11,Charge 6
2026-02-17T22:26:00Z,11,Charge 6
2026-02-17T22:27:00Z,78,Charge 6
2026-02-17T22:28:00Z,66,Charge 6
2026-02-17T22:29:00Z,118,Charge 6
2026-02-17T22:30:00Z,124,Charge 6
2026-02-17T22:31:00Z,122,Charge 6
2026-02-17T22:32:00Z,125,Charge 6
2026-02-17T22:33:00Z,124,Charge 6
2026-02-17T22:34:00Z,124,Charge 6
2026-02-17T22:35:00Z,113,Charge 6
2026-02-17T22:36:00Z,124,Charge 6
2026-02-17T22:37:00Z,123,Charge 6
2026-02-17T22:38:00Z,122,Charge 6
2026-02-17T22:39:00Z,122,Charge 6
2026-02-17T22:40:00Z,123,Charge 6
2026-02-17T22:41:00Z,124,Charge 6
2026-02-17T22:42:00Z,77,Charge 6
2026-02-17T22:44:00Z,84,Charge 6
2026-02-17T22:45:00Z,123,Charge 6
2026-02-17T22:46:00Z,124,Charge 6
2026-02-17T22:47:00Z,122,Charge 6
2026-02-17T22:48:00Z,112,Charge 6
2026-02-17T22:49:00Z,68,Charge 6
2026-02-17T22:50:00Z,6,Charge 6
2026-02-17T22:59:00Z,7,Charge 6
2026-02-17T23:21:00Z,7,Charge 6
2026-02-17T23:23:00Z,7,Charge 6
2026-02-18T00:54:00Z,4,Charge 6
2026-02-18T00:55:00Z,12,Charge 6
2026-02-18T00:56:00Z,6,Charge 6
2026-02-18T00:57:00Z,45,Charge 6
2026-02-18T01:47:00Z,19,Charge 6
2026-02-18T02:03:00Z,16,Charge 6
2026-02-18T02:05:00Z,34,Charge 6
2026-02-18T02:06:00Z,24,Charge 6
2026-02-18T02:08:00Z,17,Charge 6
2026-02-18T02:09:00Z,7,Charge 6
2026-02-18T02:10:00Z,21,Charge 6
2026-02-18T02:11:00Z,42,Charge 6
2026-02-18T02:12:00Z,11,Charge 6
2026-02-18T02:13:00Z,23,Charge 6
2026-02-18T02:14:00Z,10,Charge 6
2026-02-18T02:17:00Z,48,Charge 6
2026-02-18T02:18:00Z,9,Charge 6
2026-02-18T02:20:00Z,45,Charge 6
2026-02-18T02:21:00Z,107,Charge 6
2026-02-18T02:22:00Z,33,Charge 6
2026-02-18T02:23:00Z,37,Charge 6
2026-02-18T02:24:00Z,12,Charge 6
2026-02-18T02:26:00Z,6,Charge 6
2026-02-18T02:56:00Z,28,Charge 6
2026-02-18T02:58:00Z,95,Charge 6
2026-02-18T02:59:00Z,125,Charge 6
2026-02-18T03:00:00Z,85,Charge 6
2026-02-18T03:01:00Z,12,Charge 6
2026-02-18T03:29:00Z,59,Charge 6
2026-02-18T03:30:00Z,24,Charge 6
2026-02-18T03:31:00Z,42,Charge 6
2026-02-18T03:32:00Z,102,Charge 6
2026-02-18T03:33:00Z,112,Charge 6
2026-02-18T03:34:00Z,42,Charge 6
2026-02-18T03:41:00Z,6,Charge 6
2026-02-18T04:13:00Z,10,Charge 6
2026-02-18T04:21:00Z,18,Charge 6
2026-02-18T04:22:00Z,27,Charge 6
2026-02-18T04:33:00Z,43,Charge 6
2026-02-18T04:34:00Z,11,Charge 6
2026-02-18T04:35:00Z,38,Charge 6
2026-02-18T05:07:00Z,28,Charge 6
2026-02-18T05:08:00Z,12,Charge 6
2026-02-18T05:09:00Z,80,Charge 6
2026-02-18T05:11:00Z,41,Charge 6
2026-02-18T05:12:00Z,13,Charge 6
2026-02-18T05:30:00Z,5,Charge 6
2026-02-18T05:37:00Z,9,Charge 6
2026-02-18T05:38:00Z,16,Charge 6
2026-02-18T05:39:00Z,9,Charge 6
2026-02-18T05:40:00Z,64,Charge 6
2026-02-18T05:41:00Z,75,Charge 6
2026-02-18T05:42:00Z,118,Charge 6
2026-02-18T05:43:00Z,109,Charge 6
2026-02-18T05:44:00Z,41,Charge 6
2026-02-18T05:45:00Z,65,Charge 6
2026-02-18T05:46:00Z,39,Charge 6
2026-02-18T05:47:00Z,40,Charge 6
2026-02-18T05:48:00Z,24,Charge 6
2026-02-18T05:49:00Z,7,Charge 6
2026-02-18T05:50:00Z,15,Charge 6
2026-02-18T05:52:00Z,11,Charge 6
2026-02-18T05:53:00Z,16,Charge 6
2026-02-18T05:55:00Z,7,Charge 6
2026-02-18T05:56:00Z,39,Charge 6
2026-02-18T05:57:00Z,9,Charge 6
2026-02-18T05:58:00Z,11,Charge 6
2026-02-18T05:59:00Z,16,Charge 6
2026-02-18T06:02:00Z,13,Charge 6
2026-02-18T06:03:00Z,8,Charge 6
2026-02-18T06:04:00Z,9,Charge 6
2026-02-18T06:05:00Z,11,Charge 6
2026-02-18T06:07:00Z,49,Charge 6
2026-02-18T06:12:00Z,22,Charge 6
2026-02-18T06:20:00Z,20,Charge 6
2026-02-18T06:21:00Z,28,Charge 6
2026-02-18T06:23:00Z,24,Charge 6
2026-02-18T06:24:00Z,13,Charge 6
2026-02-18T06:29:00Z,5,Charge 6
2026-02-18T06:32:00Z,11,Charge 6
2026-02-18T06:57:00Z,9,Charge 6
2026-02-18T07:10:00Z,11,Charge 6
2026-02-18T07:26:00Z,9,Charge 6
2026-02-18T07:27:00Z,20,Charge 6
2026-02-18T07:28:00Z,58,Charge 6
2026-02-18T07:29:00Z,25,Charge 6
2026-02-18T07:30:00Z,11,Charge 6
2026-02-18T07:31:00Z,60,Charge 6
2026-02-18T07:32:00Z,67,Charge 6
2026-02-18T07:33:00Z,22,Charge 6
2026-02-18T07:34:00Z,15,Charge 6
2026-02-18T07:37:00Z,15,Charge 6
2026-02-18T07:38:00Z,49,Charge 6
2026-02-18T07:39:00Z,19,Charge 6
2026-02-18T07:40:00Z,12,Charge 6
2026-02-18T07:41:00Z,26,Charge 6
2026-02-18T07:42:00Z,7,Charge 6
2026-02-18T07:43:00Z,14,Charge 6
2026-02-18T07:49:00Z,11,Charge 6
2026-02-18T07:54:00Z,6,Charge 6
2026-02-18T07:55:00Z,14,Charge 6
2026-02-18T07:56:00Z,9,Charge 6
2026-02-18T07:59:00Z,10,Charge 6
2026-02-18T08:25:00Z,7,Charge 6
2026-02-18T08:31:00Z,7,Charge 6
2026-02-18T08:33:00Z,30,Charge 6
2026-02-18T08:34:00Z,25,Charge 6
2026-02-18T08:43:00Z,12,Charge 6
2026-02-18T08:47:00Z,11,Charge 6
2026-02-18T08:48:00Z,20,Charge 6
2026-02-18T08:50:00Z,39,Charge 6
2026-02-18T08:51:00Z,25,Charge 6
2026-02-18T09:13:00Z,13,Charge 6
2026-02-18T14:05:00Z,4,Charge 6
2026-02-18T15:45:00Z,25,Charge 6
2026-02-18T15:46:00Z,17,Charge 6
2026-02-18T16:11:00Z,12,Charge 6
2026-02-18T16:12:00Z,23,Charge 6
2026-02-18T16:13:00Z,29,Charge 6
2026-02-18T16:14:00Z,28,Charge 6
2026-02-18T16:15:00Z,19,Charge 6
2026-02-18T16:16:00Z,42,Charge 6
2026-02-18T16:17:00Z,33,Charge 6
2026-02-18T16:18:00Z,36,Charge 6
2026-02-18T16:19:00Z,6,Charge 6
2026-02-18T16:20:00Z,64,Charge 6
2026-02-18T16:21:00Z,19,Charge 6
2026-02-18T17:13:00Z,9,Charge 6
2026-02-18T17:14:00Z,51,Charge 6
2026-02-18T17:15:00Z,10,Charge 6
2026-02-18T17:16:00Z,13,Charge 6
2026-02-18T17:17:00Z,34,Charge 6
2026-02-18T17:18:00Z,51,Charge 6
2026-02-18T17:19:00Z,32,Charge 6
2026-02-18T17:20:00Z,46,Charge 6
2026-02-18T17:21:00Z,82,Charge 6
2026-02-18T17:22:00Z,42,Charge 6
2026-02-18T17:25:00Z,50,Charge 6
2026-02-18T17:26:00Z,65,Charge 6
2026-02-18T17:27:00Z,39,Charge 6
2026-02-18T17:28:00Z,10,Charge 6
2026-02-18T17:38:00Z,54,Charge 6
2026-02-18T17:39:00Z,62,Charge 6
2026-02-18T17:40:00Z,48,Charge 6
2026-02-18T17:41:00Z,33,Charge 6
2026-02-18T17:45:00Z,37,Charge 6
2026-02-18T17:47:00Z,8,Charge 6
2026-02-18T17:53:00Z,4,Charge 6
2026-02-18T17:58:00Z,10,Charge 6
2026-02-18T17:59:00Z,15,Charge 6
2026-02-18T18:00:00Z,8,Charge 6
2026-02-18T18:01:00Z,53,Charge 6
2026-02-18T18:02:00Z,74,Charge 6
2026-02-18T18:03:00Z,26,Charge 6
2026-02-18T18:04:00Z,21,Charge 6
2026-02-18T18:05:00Z,12,Charge 6
2026-02-18T18:06:00Z,89,Charge 6
2026-02-18T18:07:00Z,106,Charge 6
2026-02-18T18:08:00Z,68,Charge 6
2026-02-18T18:15:00Z,19,Charge 6
2026-02-18T18:16:00Z,12,Charge 6
2026-02-18T18:32:00Z,11,Charge 6
2026-02-18T18:33:00Z,19,Charge 6
2026-02-18T18:55:00Z,67,Charge 6
2026-02-18T18:56:00Z,103,Charge 6
2026-02-18T18:57:00Z,95,Charge 6
2026-02-18T19:51:00Z,4,Charge 6
2026-02-18T20:01:00Z,12,Charge 6
2026-02-18T20:02:00Z,40,Charge 6
2026-02-18T20:03:00Z,5,Charge 6
2026-02-18T20:04:00Z,111,Charge 6
2026-02-18T20:05:00Z,53,Charge 6
2026-02-18T20:06:00Z,18,Charge 6
2026-02-18T20:10:00Z,50,Charge 6
2026-02-18T20:11:00Z,48,Charge 6
2026-02-18T20:12:00Z,6,Charge 6
2026-02-18T20:13:00Z,28,Charge 6
2026-02-18T20:14:00Z,13,Charge 6
2026-02-18T20:15:00Z,53,Charge 6
2026-02-18T20:16:00Z,27,Charge 6
2026-02-18T20:20:00Z,59,Charge 6
2026-02-18T20:21:00Z,11,Charge 6
2026-02-18T20:22:00Z,12,Charge 6
2026-02-18T20:24:00Z,29,Charge 6
2026-02-18T20:27:00Z,12,Charge 6
2026-02-18T20:30:00Z,6,Charge 6
2026-02-18T20:31:00Z,11,Charge 6
2026-02-18T20:32:00Z,15,Charge 6
2026-02-18T20:33:00Z,9,Charge 6
2026-02-18T20:34:00Z,49,Charge 6
2026-02-18T20:35:00Z,35,Charge 6
2026-02-18T20:36:00Z,36,Charge 6
2026-02-18T20:37:00Z,7,Charge 6
2026-02-18T20:38:00Z,45,Charge 6
2026-02-18T20:39:00Z,29,Charge 6
2026-02-18T20:40:00Z,47,Charge 6
2026-02-18T20:42:00Z,19,Charge 6
2026-02-18T20:45:00Z,25,Charge 6
2026-02-18T20:46:00Z,22,Charge 6
2026-02-18T20:47:00Z,19,Charge 6
2026-02-18T20:48:00Z,17,Charge 6
2026-02-18T20:49:00Z,10,Charge 6
2026-02-18T20:53:00Z,9,Charge 6
2026-02-18T20:55:00Z,24,Charge 6
2026-02-18T20:56:00Z,5,Charge 6
2026-02-18T21:03:00Z,16,Charge 6
2026-02-18T21:10:00Z,6,Charge 6
2026-02-18T21:11:00Z,7,Charge 6
2026-02-18T21:14:00Z,34,Charge 6
2026-02-18T21:15:00Z,31,Charge 6
2026-02-18T21:16:00Z,10,Charge 6
2026-02-18T21:17:00Z,13,Charge 6
2026-02-18T21:18:00Z,47,Charge 6
2026-02-18T21:27:00Z,6,Charge 6
2026-02-18T21:36:00Z,9,Charge 6
2026-02-18T21:47:00Z,9,Charge 6
2026-02-18T22:00:00Z,9,Charge 6
2026-02-18T22:01:00Z,22,Charge 6
2026-02-18T22:07:00Z,32,Charge 6
2026-02-18T22:08:00Z,30,Charge 6
2026-02-18T22:09:00Z,16,Charge 6
2026-02-18T22:10:00Z,20,Charge 6
2026-02-18T22:11:00Z,19,Charge 6
2026-02-18T22:13:00Z,18,Charge 6
2026-02-18T22:20:00Z,9,Charge 6
2026-02-18T22:21:00Z,46,Charge 6
2026-02-18T22:22:00Z,18,Charge 6
2026-02-18T22:25:00Z,18,Charge 6
2026-02-18T22:54:00Z,10,Charge 6
2026-02-18T22:55:00Z,31,Charge 6
2026-02-18T22:56:00Z,57,Charge 6
2026-02-18T22:57:00Z,52,Charge 6
2026-02-18T22:58:00Z,62,Charge 6
2026-02-18T22:59:00Z,86,Charge 6
2026-02-18T23:00:00Z,94,Charge 6
2026-02-18T23:01:00Z,31,Charge 6
2026-02-18T23:02:00Z,44,Charge 6
2026-02-18T23:03:00Z,11,Charge 6
2026-02-18T23:04:00Z,46,Charge 6
2026-02-18T23:05:00Z,14,Charge 6
2026-02-18T23:49:00Z,7,Charge 6
2026-02-18T23:50:00Z,54,Charge 6
2026-02-18T23:51:00Z,102,Charge 6
2026-02-18T23:52:00Z,12,Charge 6
2026-02-18T23:53:00Z,25,Charge 6
2026-02-18T23:55:00Z,44,Charge 6
2026-02-18T23:56:00Z,94,Charge 6
2026-02-18T23:57:00Z,114,Charge 6
2026-02-18T23:58:00Z,27,Charge 6
2026-02-19T00:53:00Z,6,Charge 6
2026-02-19T01:01:00Z,53,Charge 6
2026-02-19T01:02:00Z,6,Charge 6
2026-02-19T01:03:00Z,34,Charge 6
2026-02-19T01:04:00Z,45,Charge 6
2026-02-19T01:07:00Z,6,Charge 6
2026-02-19T01:53:00Z,92,Charge 6
2026-02-19T01:55:00Z,57,Charge 6
2026-02-19T01:56:00Z,55,Charge 6
2026-02-19T02:09:00Z,11,Charge 6
2026-02-19T02:10:00Z,71,Charge 6
2026-02-19T02:11:00Z,115,Charge 6
2026-02-19T02:12:00Z,117,Charge 6
2026-02-19T02:13:00Z,122,Charge 6
2026-02-19T02:14:00Z,117,Charge 6
2026-02-19T02:15:00Z,43,Charge 6
2026-02-19T02:17:00Z,26,Charge 6
2026-02-19T02:18:00Z,46,Charge 6
2026-02-19T02:19:00Z,20,Charge 6
2026-02-19T02:20:00Z,53,Charge 6
2026-02-19T02:21:00Z,25,Charge 6
2026-02-19T02:22:00Z,25,Charge 6
2026-02-19T02:29:00Z,12,Charge 6
2026-02-19T02:34:00Z,4,Charge 6
2026-02-19T02:35:00Z,48,Charge 6
2026-02-19T02:36:00Z,34,Charge 6
2026-02-19T02:43:00Z,50,Charge 6
2026-02-19T02:45:00Z,4,Charge 6
2026-02-19T02:49:00Z,15,Charge 6
2026-02-19T02:50:00Z,27,Charge 6
2026-02-19T02:51:00Z,20,Charge 6
2026-02-19T02:53:00Z,19,Charge 6
2026-02-19T02:54:00Z,80,Charge 6
2026-02-19T02:55:00Z,83,Charge 6
2026-02-19T02:56:00Z,84,Charge 6
2026-02-19T02:57:00Z,49,Charge 6
2026-02-19T02:58:00Z,54,Charge 6
2026-02-19T02:59:00Z,69,Charge 6
2026-02-19T03:00:00Z,43,Charge 6
2026-02-19T03:01:00Z,53,Charge 6
2026-02-19T03:02:00Z,95,Charge 6
2026-02-19T03:03:00Z,96,Charge 6
2026-02-19T03:04:00Z,15,Charge 6
2026-02-19T03:05:00Z,7,Charge 6
2026-02-19T03:06:00Z,46,Charge 6
2026-02-19T03:07:00Z,25,Charge 6
2026-02-19T03:08:00Z,65,Charge 6
2026-02-19T03:09:00Z,76,Charge 6
2026-02-19T03:10:00Z,72,Charge 6
2026-02-19T03:29:00Z,87,Charge 6
2026-02-19T03:30:00Z,18,Charge 6
2026-02-19T03:57:00Z,84,Charge 6
2026-02-19T03:58:00Z,116,Charge 6
2026-02-19T03:59:00Z,65,Charge 6
2026-02-19T04:05:00Z,8,Charge 6
2026-02-19T04:06:00Z,6,Charge 6
2026-02-19T04:07:00Z,16,Charge 6
2026-02-19T04:08:00Z,8,Charge 6
2026-02-19T04:09:00Z,6,Charge 6
2026-02-19T04:10:00Z,9,Charge 6
2026-02-19T04:11:00Z,4,Charge 6
2026-02-19T04:13:00Z,8,Charge 6
2026-02-19T04:44:00Z,5,Charge 6
2026-02-19T05:00:00Z,28,Charge 6
2026-02-19T05:09:00Z,9,Charge 6
2026-02-19T05:14:00Z,4,Charge 6
2026-02-19T05:20:00Z,8,Charge 6
2026-02-19T05:21:00Z,8,Charge 6
2026-02-19T05:23:00Z,8,Charge 6
2026-02-19T05:37:00Z,9,Charge 6
2026-02-19T05:51:00Z,23,Charge 6
2026-02-19T05:52:00Z,54,Charge 6
2026-02-19T05:53:00Z,95,Charge 6
2026-02-19T05:54:00Z,118,Charge 6
2026-02-19T05:55:00Z,96,Charge 6
2026-02-19T05:56:00Z,21,Charge 6
2026-02-19T05:57:00Z,57,Charge 6
2026-02-19T05:58:00Z,103,Charge 6
2026-02-19T05:59:00Z,38,Charge 6
2026-02-19T06:30:00Z,15,Charge 6
2026-02-19T06:59:00Z,7,Charge 6
2026-02-19T07:01:00Z,15,Charge 6
2026-02-19T07:25:00Z,7,Charge 6
2026-02-19T08:57:00Z,4,Charge 6
2026-02-19T09:10:00Z,13,Charge 6
2026-02-19T09:11:00Z,64,Charge 6
2026-02-19T09:12:00Z,105,Charge 6
2026-02-19T09:13:00Z,101,Charge 6
2026-02-19T10:52:00Z,18,Charge 6
2026-02-19T10:53:00Z,31,Charge 6
2026-02-19T10:54:00Z,72,Charge 6
2026-02-19T10:55:00Z,124,Charge 6
2026-02-19T10:56:00Z,122,Charge 6
2026-02-19T10:57:00Z,126,Charge 6
2026-02-19T10:58:00Z,105,Charge 6
2026-02-19T10:59:00Z,49,Charge 6
2026-02-19T11:00:00Z,70,Charge 6
2026-02-19T11:01:00Z,41,Charge 6
2026-02-19T11:02:00Z,47,Charge 6
2026-02-19T11:03:00Z,15,Charge 6
2026-02-19T11:04:00Z,51,Charge 6
2026-02-19T11:05:00Z,20,Charge 6
2026-02-19T11:06:00Z,33,Charge 6
2026-02-19T11:07:00Z,45,Charge 6
2026-02-19T11:08:00Z,5,Charge 6
2026-02-19T11:09:00Z,14,Charge 6
2026-02-19T11:10:00Z,9,Charge 6
2026-02-19T11:18:00Z,7,Charge 6
2026-02-19T11:19:00Z,23,Charge 6
2026-02-19T14:16:00Z,6,Charge 6
2026-02-19T15:19:00Z,6,Charge 6
2026-02-19T15:26:00Z,8,Charge 6
2026-02-19T15:37:00Z,19,Charge 6
2026-02-19T16:05:00Z,6,Charge 6
2026-02-19T16:30:00Z,9,Charge 6
2026-02-19T18:32:00Z,18,Charge 6
2026-02-19T18:33:00Z,3,Charge 6
2026-02-19T18:34:00Z,7,Charge 6
2026-02-19T18:35:00Z,25,Charge 6
2026-02-19T18:36:00Z,38,Charge 6
2026-02-19T18:37:00Z,12,Charge 6
2026-02-19T18:40:00Z,25,Charge 6
2026-02-19T18:41:00Z,46,Charge 6
2026-02-19T18:42:00Z,38,Charge 6
2026-02-19T18:46:00Z,20,Charge 6
2026-02-19T18:47:00Z,44,Charge 6
2026-02-19T18:48:00Z,38,Charge 6
2026-02-19T18:49:00Z,9,Charge 6
2026-02-19T18:51:00Z,16,Charge 6
2026-02-19T18:52:00Z,47,Charge 6
2026-02-19T18:53:00Z,72,Charge 6
2026-02-19T18:54:00Z,55,Charge 6
2026-02-19T18:55:00Z,31,Charge 6
2026-02-19T18:56:00Z,14,Charge 6
2026-02-19T19:03:00Z,8,Charge 6
2026-02-19T19:05:00Z,20,Charge 6
2026-02-19T19:09:00Z,8,Charge 6
2026-02-19T19:12:00Z,31,Charge 6
2026-02-19T19:20:00Z,5,Charge 6
2026-02-19T19:22:00Z,6,Charge 6
2026-02-19T19:25:00Z,6,Charge 6
2026-02-19T19:27:00Z,12,Charge 6
2026-02-19T19:28:00Z,27,Charge 6
2026-02-19T19:30:00Z,8,Charge 6
2026-02-19T19:49:00Z,14,Charge 6
2026-02-19T19:59:00Z,14,Charge 6
2026-02-19T20:06:00Z,7,Charge 6
2026-02-19T20:07:00Z,12,Charge 6
2026-02-19T20:08:00Z,7,Charge 6
2026-02-19T20:09:00Z,11,Charge 6
2026-02-19T20:10:00Z,10,Charge 6
2026-02-19T20:21:00Z,28,Charge 6
2026-02-19T20:24:00Z,6,Charge 6
2026-02-19T20:26:00Z,8,Charge 6
2026-02-19T20:27:00Z,4,Charge 6
2026-02-19T20:28:00Z,19,Charge 6
2026-02-19T20:29:00Z,46,Charge 6
2026-02-19T20:30:00Z,35,Charge 6
2026-02-19T20:37:00Z,9,Charge 6
2026-02-19T20:39:00Z,9,Charge 6
2026-02-19T20:40:00Z,7,Charge 6
2026-02-19T20:42:00Z,28,Charge 6
2026-02-19T20:43:00Z,22,Charge 6
2026-02-19T20:44:00Z,4,Charge 6
2026-02-19T20:49:00Z,23,Charge 6
2026-02-19T20:50:00Z,3,Charge 6
2026-02-19T20:53:00Z,4,Charge 6
2026-02-19T20:54:00Z,6,Charge 6
2026-02-19T20:55:00Z,31,Charge 6
2026-02-19T20:56:00Z,20,Charge 6
2026-02-19T20:57:00Z,11,Charge 6
2026-02-19T20:58:00Z,11,Charge 6
2026-02-19T20:59:00Z,16,Charge 6
2026-02-19T21:00:00Z,6,Charge 6
2026-02-19T21:01:00Z,14,Charge 6
2026-02-19T21:05:00Z,9,Charge 6
2026-02-19T21:10:00Z,5,Charge 6
2026-02-19T21:13:00Z,12,Charge 6
2026-02-19T21:15:00Z,28,Charge 6
2026-02-19T21:16:00Z,16,Charge 6
2026-02-19T21:17:00Z,31,Charge 6
2026-02-19T21:18:00Z,18,Charge 6
2026-02-19T21:19:00Z,6,Charge 6
2026-02-19T21:25:00Z,6,Charge 6
2026-02-19T21:27:00Z,7,Charge 6
2026-02-19T21:28:00Z,4,Charge 6
2026-02-19T21:41:00Z,4,Charge 6
2026-02-19T21:53:00Z,53,Charge 6
2026-02-19T21:55:00Z,28,Charge 6
2026-02-19T21:56:00Z,18,Charge 6
2026-02-19T21:57:00Z,20,Charge 6
2026-02-19T21:59:00Z,25,Charge 6
2026-02-19T22:04:00Z,5,Charge 6
2026-02-19T22:15:00Z,10,Charge 6
2026-02-19T22:19:00Z,9,Charge 6
2026-02-19T22:20:00Z,10,Charge 6
2026-02-19T22:41:00Z,23,Charge 6
2026-02-19T22:42:00Z,28,Charge 6
2026-02-19T22:43:00Z,50,Charge 6
2026-02-19T22:44:00Z,64,Charge 6
2026-02-19T22:45:00Z,48,Charge 6
2026-02-19T22:46:00Z,10,Charge 6
2026-02-19T22:50:00Z,15,Charge 6
2026-02-19T22:51:00Z,21,Charge 6
2026-02-19T22:54:00Z,8,Charge 6
2026-02-19T22:56:00Z,6,Charge 6
2026-02-19T22:59:00Z,26,Charge 6
2026-02-19T23:02:00Z,21,Charge 6
2026-02-19T23:05:00Z,28,Charge 6
2026-02-19T23:11:00Z,8,Charge 6
2026-02-19T23:22:00Z,4,Charge 6
2026-02-19T23:28:00Z,7,Charge 6
2026-02-19T23:35:00Z,20,Charge 6
2026-02-19T23:36:00Z,17,Charge 6
2026-02-19T23:38:00Z,7,Charge 6
2026-02-19T23:39:00Z,7,Charge 6
2026-02-19T23:40:00Z,10,Charge 6
2026-02-19T23:41:00Z,32,Charge 6
2026-02-19T23:42:00Z,11,Charge 6
2026-02-19T23:43:00Z,49,Charge 6
2026-02-19T23:44:00Z,8,Charge 6
2026-02-19T23:46:00Z,19,Charge 6
2026-02-19T23:47:00Z,34,Charge 6
2026-02-19T23:48:00Z,30,Charge 6
2026-02-19T23:49:00Z,14,Charge 6
2026-02-19T23:50:00Z,37,Charge 6
2026-02-19T23:51:00Z,70,Charge 6
2026-02-19T23:52:00Z,73,Charge 6
2026-02-19T23:53:00Z,15,Charge 6
2026-02-19T23:56:00Z,7,Charge 6
2026-02-19T23:57:00Z,7,Charge 6
2026-02-19T23:58:00Z,25,Charge 6
2026-02-19T23:59:00Z,25,Charge 6
2026-02-20T00:00:00Z,4,Charge 6
2026-02-20T00:01:00Z,51,Charge 6
2026-02-20T00:02:00Z,62,Charge 6
2026-02-20T00:03:00Z,51,Charge 6
2026-02-20T00:04:00Z,66,Charge 6
2026-02-20T00:05:00Z,90,Charge 6
2026-02-20T00:06:00Z,77,Charge 6
2026-02-20T00:07:00Z,49,Charge 6
2026-02-20T00:08:00Z,29,Charge 6
2026-02-20T00:09:00Z,25,Charge 6
2026-02-20T00:10:00Z,10,Charge 6
2026-02-20T00:13:00Z,16,Charge 6
2026-02-20T00:14:00Z,4,Charge 6
2026-02-20T00:20:00Z,7,Charge 6
2026-02-20T00:21:00Z,4,Charge 6
2026-02-20T00:22:00Z,4,Charge 6
2026-02-20T00:32:00Z,18,Charge 6
2026-02-20T00:33:00Z,19,Charge 6
2026-02-20T00:36:00Z,7,Charge 6
2026-02-20T00:49:00Z,23,Charge 6
2026-02-20T01:21:00Z,6,Charge 6
2026-02-20T01:40:00Z,12,Charge 6
2026-02-20T01:59:00Z,12,Charge 6
2026-02-20T02:00:00Z,27,Charge 6
2026-02-20T02:01:00Z,43,Charge 6
2026-02-20T02:02:00Z,68,Charge 6
2026-02-20T02:22:00Z,6,Charge 6
2026-02-20T03:48:00Z,9,Charge 6
2026-02-20T03:50:00Z,13,Charge 6
2026-02-20T03:53:00Z,9,Charge 6
2026-02-20T04:29:00Z,6,Charge 6
2026-02-20T04:43:00Z,4,Charge 6
2026-02-20T04:46:00Z,4,Charge 6
2026-02-20T04:47:00Z,6,Charge 6
2026-02-20T04:49:00Z,14,Charge 6
2026-02-20T04:50:00Z,7,Charge 6
2026-02-20T04:55:00Z,7,Charge 6
2026-02-20T04:57:00Z,8,Charge 6
2026-02-20T04:58:00Z,7,Charge 6
2026-02-20T05:00:00Z,10,Charge 6
2026-02-20T05:01:00Z,20,Charge 6
2026-02-20T05:07:00Z,6,Charge 6
2026-02-20T05:14:00Z,5,Charge 6
2026-02-20T05:58:00Z,25,Charge 6
2026-02-20T05:59:00Z,53,Charge 6
2026-02-20T06:00:00Z,49,Charge 6
2026-02-20T06:01:00Z,42,Charge 6
2026-02-20T06:02:00Z,33,Charge 6
2026-02-20T06:03:00Z,11,Charge 6
2026-02-20T06:04:00Z,22,Charge 6
2026-02-20T06:05:00Z,29,Charge 6
2026-02-20T06:06:00Z,31,Charge 6
2026-02-20T06:08:00Z,12,Charge 6
2026-02-20T06:10:00Z,6,Charge 6
2026-02-20T06:11:00Z,6,Charge 6
2026-02-20T06:19:00Z,7,Charge 6
2026-02-20T06:20:00Z,3,Charge 6
2026-02-20T06:24:00Z,18,Charge 6
2026-02-20T06:25:00Z,3,Charge 6
2026-02-20T06:26:00Z,15,Charge 6
2026-02-20T06:28:00Z,46,Charge 6
2026-02-20T06:29:00Z,43,Charge 6
2026-02-20T06:30:00Z,55,Charge 6
2026-02-20T06:31:00Z,17,Charge 6
2026-02-20T06:32:00Z,26,Charge 6
2026-02-20T06:33:00Z,5,Charge 6
2026-02-20T06:37:00Z,23,Charge 6
2026-02-20T06:38:00Z,2,Charge 6
2026-02-20T06:40:00Z,15,Charge 6
2026-02-20T06:42:00Z,4,Charge 6
2026-02-20T06:49:00Z,7,Charge 6
2026-02-20T06:53:00Z,7,Charge 6
2026-02-20T06:56:00Z,24,Charge 6
2026-02-20T07:00:00Z,10,Charge 6
2026-02-20T07:01:00Z,7,Charge 6
2026-02-20T07:04:00Z,17,Charge 6
2026-02-20T07:05:00Z,11,Charge 6
2026-02-20T07:08:00Z,9,Charge 6
2026-02-20T07:10:00Z,10,Charge 6
2026-02-20T07:12:00Z,17,Charge 6
2026-02-20T07:13:00Z,15,Charge 6
2026-02-20T07:16:00Z,14,Charge 6
2026-02-20T07:17:00Z,5,Charge 6
2026-02-20T07:18:00Z,6,Charge 6
2026-02-20T07:21:00Z,19,Charge 6
2026-02-20T07:23:00Z,28,Charge 6
2026-02-20T07:24:00Z,19,Charge 6
2026-02-20T07:25:00Z,10,Charge 6
2026-02-20T07:27:00Z,14,Charge 6
2026-02-20T07:28:00Z,36,Charge 6
2026-02-20T07:29:00Z,64,Charge 6
2026-02-20T07:30:00Z,25,Charge 6
2026-02-20T07:32:00Z,30,Charge 6
2026-02-20T07:33:00Z,28,Charge 6
2026-02-20T07:34:00Z,29,Charge 6
2026-02-20T07:35:00Z,8,Charge 6
2026-02-20T07:37:00Z,12,Charge 6
2026-02-20T07:39:00Z,7,Charge 6
2026-02-20T07:42:00Z,15,Charge 6
2026-02-20T07:43:00Z,20,Charge 6
2026-02-20T07:44:00Z,9,Charge 6
2026-02-20T07:45:00Z,5,Charge 6
2026-02-20T07:46:00Z,6,Charge 6
2026-02-20T07:47:00Z,19,Charge 6
2026-02-20T07:48:00Z,10,Charge 6
2026-02-20T07:49:00Z,29,Charge 6
2026-02-20T07:50:00Z,18,Charge 6
2026-02-20T07:51:00Z,17,Charge 6
2026-02-20T07:53:00Z,20,Charge 6
2026-02-20T07:55:00Z,8,Charge 6
2026-02-20T07:56:00Z,6,Charge 6
2026-02-20T07:57:00Z,45,Charge 6
2026-02-20T07:58:00Z,18,Charge 6
2026-02-20T07:59:00Z,34,Charge 6
2026-02-20T08:01:00Z,13,Charge 6
2026-02-20T08:04:00Z,25,Charge 6
2026-02-20T08:06:00Z,15,Charge 6
2026-02-20T08:07:00Z,24,Charge 6
2026-02-20T08:08:00Z,27,Charge 6
2026-02-20T08:09:00Z,31,Charge 6
2026-02-20T08:10:00Z,24,Charge 6
2026-02-20T08:11:00Z,25,Charge 6
2026-02-20T08:12:00Z,17,Charge 6
2026-02-20T08:13:00Z,15,Charge 6
2026-02-20T08:17:00Z,8,Charge 6
2026-02-20T08:18:00Z,10,Charge 6
2026-02-20T08:19:00Z,13,Charge 6
2026-02-20T08:20:00Z,41,Charge 6
2026-02-20T08:21:00Z,20,Charge 6
2026-02-20T08:23:00Z,6,Charge 6
2026-02-20T08:33:00Z,7,Charge 6
2026-02-20T08:35:00Z,17,Charge 6
2026-02-20T08:39:00Z,13,Charge 6
2026-02-20T08:41:00Z,4,Charge 6
2026-02-20T08:45:00Z,28,Charge 6
2026-02-20T08:47:00Z,6,Charge 6
2026-02-20T08:48:00Z,8,Charge 6
2026-02-20T08:50:00Z,12,Charge 6
2026-02-20T08:53:00Z,35,Charge 6
2026-02-20T08:54:00Z,13,Charge 6
2026-02-20T08:55:00Z,13,Charge 6
2026-02-20T08:57:00Z,16,Charge 6
2026-02-20T09:00:00Z,23,Charge 6
2026-02-20T09:01:00Z,4,Charge 6
2026-02-20T09:02:00Z,9,Charge 6
2026-02-20T09:03:00Z,33,Charge 6
2026-02-20T09:04:00Z,7,Charge 6
2026-02-20T09:05:00Z,49,Charge 6
2026-02-20T09:06:00Z,14,Charge 6
2026-02-20T09:07:00Z,46,Charge 6
2026-02-20T09:08:00Z,19,Charge 6
2026-02-20T09:11:00Z,10,Charge 6
2026-02-20T09:12:00Z,9,Charge 6
2026-02-20T09:16:00Z,6,Charge 6
2026-02-20T09:29:00Z,27,Charge 6
2026-02-20T09:31:00Z,27,Charge 6
2026-02-20T09:34:00Z,4,Charge 6
2026-02-20T09:35:00Z,12,Charge 6
2026-02-20T09:36:00Z,15,Charge 6
2026-02-20T09:42:00Z,43,Charge 6
2026-02-20T09:43:00Z,43,Charge 6
2026-02-20T09:44:00Z,11,Charge 6
2026-02-20T09:49:00Z,9,Charge 6
2026-02-20T09:51:00Z,14,Charge 6
2026-02-20T09:52:00Z,11,Charge 6
2026-02-20T10:02:00Z,17,Charge 6
2026-02-20T12:39:00Z,9,Charge 6
2026-02-20T12:40:00Z,2,Charge 6
2026-02-20T13:24:00Z,7,Charge 6
2026-02-20T13:25:00Z,6,Charge 6
2026-02-20T14:07:00Z,11,Charge 6
2026-02-20T14:25:00Z,7,Charge 6
2026-02-20T14:26:00Z,2,Charge 6
2026-02-20T14:49:00Z,12,Charge 6
2026-02-20T16:46:00Z,6,Charge 6
2026-02-20T17:19:00Z,7,Charge 6
2026-02-20T17:21:00Z,24,Charge 6
2026-02-20T17:56:00Z,8,Charge 6
2026-02-20T18:37:00Z,9,Charge 6
2026-02-20T19:00:00Z,5,Charge 6
2026-02-20T19:05:00Z,4,Charge 6
2026-02-20T19:42:00Z,4,Charge 6
2026-02-20T19:43:00Z,12,Charge 6
2026-02-20T20:11:00Z,4,Charge 6
2026-02-20T20:12:00Z,18,Charge 6
2026-02-20T20:13:00Z,5,Charge 6
2026-02-20T20:19:00Z,6,Charge 6
2026-02-20T20:39:00Z,8,Charge 6
2026-02-20T20:40:00Z,35,Charge 6
2026-02-20T20:41:00Z,41,Charge 6
2026-02-20T20:42:00Z,30,Charge 6
2026-02-20T20:43:00Z,15,Charge 6
2026-02-20T20:45:00Z,43,Charge 6
2026-02-20T20:46:00Z,1,Charge 6
2026-02-20T20:47:00Z,25,Charge 6
2026-02-20T20:48:00Z,58,Charge 6
2026-02-20T20:49:00Z,34,Charge 6
2026-02-20T20:50:00Z,67,Charge 6
2026-02-20T20:51:00Z,64,Charge 6
2026-02-20T20:52:00Z,40,Charge 6
2026-02-20T20:53:00Z,11,Charge 6
2026-02-20T20:54:00Z,14,Charge 6
2026-02-20T20:55:00Z,28,Charge 6
2026-02-20T20:58:00Z,24,Charge 6
2026-02-20T20:59:00Z,15,Charge 6
2026-02-20T21:00:00Z,14,Charge 6
2026-02-20T21:02:00Z,10,Charge 6
2026-02-20T21:03:00Z,18,Charge 6
2026-02-20T21:05:00Z,14,Charge 6
2026-02-20T21:06:00Z,7,Charge 6
2026-02-20T21:07:00Z,5,Charge 6
2026-02-20T21:08:00Z,8,Charge 6
2026-02-20T21:10:00Z,6,Charge 6
2026-02-20T21:11:00Z,12,Charge 6
2026-02-20T21:12:00Z,9,Charge 6
2026-02-20T21:13:00Z,30,Charge 6
2026-02-20T21:15:00Z,37,Charge 6
2026-02-20T21:16:00Z,17,Charge 6
2026-02-20T21:17:00Z,28,Charge 6
2026-02-20T21:18:00Z,25,Charge 6
2026-02-20T21:19:00Z,35,Charge 6
2026-02-20T21:20:00Z,8,Charge 6
2026-02-20T21:23:00Z,25,Charge 6
2026-02-20T21:24:00Z,23,Charge 6
2026-02-20T21:25:00Z,69,Charge 6
2026-02-20T21:26:00Z,41,Charge 6
2026-02-20T21:27:00Z,36,Charge 6
2026-02-20T21:31:00Z,26,Charge 6
2026-02-20T21:32:00Z,4,Charge 6
2026-02-20T21:33:00Z,61,Charge 6
2026-02-20T21:34:00Z,36,Charge 6
2026-02-20T21:35:00Z,58,Charge 6
2026-02-20T21:36:00Z,72,Charge 6
2026-02-20T21:37:00Z,62,Charge 6
2026-02-20T21:38:00Z,17,Charge 6
2026-02-20T21:46:00Z,8,Charge 6
2026-02-20T21:49:00Z,4,Charge 6
2026-02-20T21:52:00Z,26,Charge 6
2026-02-20T21:53:00Z,42,Charge 6
2026-02-20T21:54:00Z,35,Charge 6
2026-02-20T21:56:00Z,63,Charge 6
2026-02-20T21:57:00Z,36,Charge 6
2026-02-20T21:58:00Z,24,Charge 6
2026-02-20T21:59:00Z,10,Charge 6
2026-02-20T22:00:00Z,21,Charge 6
2026-02-20T22:01:00Z,1,Charge 6
2026-02-20T22:09:00Z,12,Charge 6
2026-02-20T22:12:00Z,6,Charge 6
2026-02-20T22:14:00Z,8,Charge 6
2026-02-20T22:16:00Z,12,Charge 6
2026-02-20T22:18:00Z,16,Charge 6
2026-02-20T22:19:00Z,108,Charge 6
2026-02-20T22:20:00Z,75,Charge 6
2026-02-20T22:21:00Z,81,Charge 6
2026-02-20T22:22:00Z,6,Charge 6
2026-02-20T22:23:00Z,26,Charge 6
2026-02-20T22:24:00Z,53,Charge 6
2026-02-20T22:25:00Z,54,Charge 6
2026-02-20T22:26:00Z,49,Charge 6
2026-02-20T22:27:00Z,92,Charge 6
2026-02-20T22:28:00Z,30,Charge 6
2026-02-20T22:29:00Z,87,Charge 6
2026-02-20T22:30:00Z,12,Charge 6
2026-02-20T22:48:00Z,8,Charge 6
2026-02-20T22:49:00Z,103,Charge 6
2026-02-20T22:50:00Z,40,Charge 6
2026-02-20T23:28:00Z,23,Charge 6
2026-02-20T23:29:00Z,5,Charge 6
2026-02-20T23:30:00Z,91,Charge 6
2026-02-20T23:31:00Z,49,Charge 6
2026-02-20T23:46:00Z,11,Charge 6
2026-02-21T00:13:00Z,79,Charge 6
2026-02-21T00:14:00Z,15,Charge 6
2026-02-21T00:16:00Z,88,Charge 6
2026-02-21T00:45:00Z,13,Charge 6
2026-02-21T00:46:00Z,58,Charge 6
2026-02-21T00:47:00Z,89,Charge 6
2026-02-21T00:48:00Z,32,Charge 6
2026-02-21T01:03:00Z,23,Charge 6
2026-02-21T01:04:00Z,57,Charge 6
2026-02-21T01:05:00Z,20,Charge 6
2026-02-21T01:06:00Z,26,Charge 6
2026-02-21T01:07:00Z,112,Charge 6
2026-02-21T01:08:00Z,94,Charge 6
2026-02-21T01:16:00Z,54,Charge 6
2026-02-21T01:17:00Z,86,Charge 6
2026-02-21T01:18:00Z,82,Charge 6
2026-02-21T01:19:00Z,96,Charge 6
2026-02-21T01:20:00Z,116,Charge 6
2026-02-21T01:21:00Z,91,Charge 6
2026-02-21T01:22:00Z,63,Charge 6
2026-02-21T01:23:00Z,29,Charge 6
2026-02-21T01:24:00Z,29,Charge 6
2026-02-21T01:25:00Z,6,Charge 6
2026-02-21T01:26:00Z,19,Charge 6
2026-02-21T01:27:00Z,7,Charge 6
2026-02-21T01:31:00Z,4,Charge 6
2026-02-21T01:32:00Z,11,Charge 6
2026-02-21T01:33:00Z,15,Charge 6
2026-02-21T01:34:00Z,26,Charge 6
2026-02-21T01:37:00Z,8,Charge 6
2026-02-21T01:38:00Z,40,Charge 6
2026-02-21T01:39:00Z,7,Charge 6
2026-02-21T01:40:00Z,24,Charge 6
2026-02-21T01:41:00Z,10,Charge 6
2026-02-21T01:42:00Z,22,Charge 6
2026-02-21T01:43:00Z,5,Charge 6
2026-02-21T01:44:00Z,7,Charge 6
2026-02-21T01:45:00Z,8,Charge 6
2026-02-21T01:46:00Z,5,Charge 6
2026-02-21T01:51:00Z,15,Charge 6
2026-02-21T01:52:00Z,29,Charge 6
2026-02-21T01:53:00Z,17,Charge 6
2026-02-21T01:54:00Z,9,Charge 6
2026-02-21T01:55:00Z,19,Charge 6
2026-02-21T01:56:00Z,7,Charge 6
2026-02-21T01:57:00Z,26,Charge 6
2026-02-21T01:59:00Z,29,Charge 6
2026-02-21T02:00:00Z,8,Charge 6
2026-02-21T02:01:00Z,20,Charge 6
2026-02-21T02:03:00Z,8,Charge 6
2026-02-21T02:04:00Z,38,Charge 6
2026-02-21T02:05:00Z,9,Charge 6
2026-02-21T02:07:00Z,45,Charge 6
2026-02-21T02:08:00Z,20,Charge 6
2026-02-21T02:09:00Z,30,Charge 6
2026-02-21T02:10:00Z,59,Charge 6
2026-02-21T02:11:00Z,40,Charge 6
2026-02-21T02:12:00Z,19,Charge 6
2026-02-21T02:13:00Z,9,Charge 6
2026-02-21T02:14:00Z,30,Charge 6
2026-02-21T02:15:00Z,48,Charge 6
2026-02-21T02:16:00Z,19,Charge 6
2026-02-21T02:17:00Z,33,Charge 6
2026-02-21T02:18:00Z,40,Charge 6
2026-02-21T02:20:00Z,7,Charge 6
2026-02-21T02:21:00Z,18,Charge 6
2026-02-21T02:22:00Z,8,Charge 6
2026-02-21T02:24:00Z,8,Charge 6
2026-02-21T02:26:00Z,28,Charge 6
2026-02-21T02:27:00Z,32,Charge 6
2026-02-21T02:28:00Z,68,Charge 6
2026-02-21T02:29:00Z,27,Charge 6
2026-02-21T02:30:00Z,89,Charge 6
2026-02-21T02:31:00Z,102,Charge 6
2026-02-21T02:32:00Z,110,Charge 6
2026-02-21T02:33:00Z,109,Charge 6
2026-02-21T02:34:00Z,104,Charge 6
2026-02-21T02:35:00Z,37,Charge 6
2026-02-21T02:36:00Z,14,Charge 6
2026-02-21T02:37:00Z,44,Charge 6
2026-02-21T02:41:00Z,7,Charge 6
2026-02-21T02:43:00Z,9,Charge 6
2026-02-21T02:44:00Z,15,Charge 6
2026-02-21T02:45:00Z,6,Charge 6
2026-02-21T02:48:00Z,6,Charge 6
2026-02-21T02:49:00Z,7,Charge 6
2026-02-21T02:50:00Z,39,Charge 6
2026-02-21T02:51:00Z,15,Charge 6
2026-02-21T02:52:00Z,22,Charge 6
2026-02-21T02:53:00Z,6,Charge 6
2026-02-21T02:54:00Z,38,Charge 6
2026-02-21T02:55:00Z,6,Charge 6
2026-02-21T02:58:00Z,14,Charge 6
2026-02-21T02:59:00Z,6,Charge 6
2026-02-21T03:00:00Z,27,Charge 6
2026-02-21T03:01:00Z,15,Charge 6
2026-02-21T03:02:00Z,23,Charge 6
2026-02-21T03:03:00Z,15,Charge 6
2026-02-21T03:06:00Z,14,Charge 6
2026-02-21T03:20:00Z,7,Charge 6
2026-02-21T03:22:00Z,4,Charge 6
2026-02-21T03:25:00Z,9,Charge 6
2026-02-21T03:27:00Z,10,Charge 6
2026-02-21T03:28:00Z,20,Charge 6
2026-02-21T03:32:00Z,32,Charge 6
2026-02-21T03:33:00Z,5,Charge 6
2026-02-21T03:35:00Z,5,Charge 6
2026-02-21T03:38:00Z,6,Charge 6
2026-02-21T03:45:00Z,14,Charge 6
2026-02-21T03:46:00Z,27,Charge 6
2026-02-21T03:47:00Z,33,Charge 6
2026-02-21T03:48:00Z,65,Charge 6
2026-02-21T03:49:00Z,89,Charge 6
2026-02-21T03:50:00Z,120,Charge 6
2026-02-21T03:51:00Z,122,Charge 6
2026-02-21T03:52:00Z,121,Charge 6
2026-02-21T03:53:00Z,114,Charge 6
2026-02-21T03:54:00Z,116,Charge 6
2026-02-21T03:55:00Z,108,Charge 6
2026-02-21T03:56:00Z,17,Charge 6
2026-02-21T03:57:00Z,4,Charge 6
2026-02-21T03:58:00Z,6,Charge 6
2026-02-21T04:07:00Z,7,Charge 6
2026-02-21T04:09:00Z,83,Charge 6
2026-02-21T04:10:00Z,102,Charge 6
2026-02-21T04:11:00Z,114,Charge 6
2026-02-21T04:12:00Z,116,Charge 6
2026-02-21T04:13:00Z,100,Charge 6
2026-02-21T04:14:00Z,46,Charge 6
2026-02-21T04:15:00Z,6,Charge 6
2026-02-21T04:17:00Z,65,Charge 6
2026-02-21T04:18:00Z,86,Charge 6
2026-02-21T04:19:00Z,110,Charge 6
2026-02-21T04:20:00Z,109,Charge 6
2026-02-21T04:21:00Z,109,Charge 6
2026-02-21T04:22:00Z,114,Charge 6
2026-02-21T04:23:00Z,116,Charge 6
2026-02-21T04:24:00Z,109,Charge 6
2026-02-21T04:25:00Z,46,Charge 6
2026-02-21T04:26:00Z,16,Charge 6
2026-02-21T04:30:00Z,8,Charge 6
2026-02-21T04:40:00Z,33,Charge 6
2026-02-21T04:41:00Z,72,Charge 6
2026-02-21T04:44:00Z,16,Charge 6
2026-02-21T04:45:00Z,39,Charge 6
2026-02-21T04:46:00Z,47,Charge 6
2026-02-21T04:47:00Z,112,Charge 6
2026-02-21T04:48:00Z,124,Charge 6
2026-02-21T04:49:00Z,89,Charge 6
2026-02-21T04:50:00Z,13,Charge 6
2026-02-21T04:52:00Z,18,Charge 6
2026-02-21T04:54:00Z,18,Charge 6
2026-02-21T04:55:00Z,7,Charge 6
2026-02-21T05:08:00Z,61,Charge 6
2026-02-21T05:09:00Z,65,Charge 6
2026-02-21T05:10:00Z,128,Charge 6
2026-02-21T05:11:00Z,169,Charge 6
2026-02-21T05:12:00Z,127,Charge 6
2026-02-21T05:13:00Z,121,Charge 6
2026-02-21T05:14:00Z,121,Charge 6
2026-02-21T05:15:00Z,132,Charge 6
2026-02-21T05:16:00Z,124,Charge 6
2026-02-21T05:17:00Z,121,Charge 6
2026-02-21T05:18:00Z,87,Charge 6
2026-02-21T05:21:00Z,7,Charge 6
2026-02-21T05:22:00Z,4,Charge 6
2026-02-21T05:25:00Z,5,Charge 6
2026-02-21T05:26:00Z,5,Charge 6
2026-02-21T05:28:00Z,23,Charge 6
2026-02-21T05:29:00Z,6,Charge 6
2026-02-21T05:31:00Z,10,Charge 6
2026-02-21T05:32:00Z,6,Charge 6
2026-02-21T05:36:00Z,29,Charge 6
2026-02-21T05:40:00Z,24,Charge 6
2026-02-21T05:41:00Z,18,Charge 6
2026-02-21T05:44:00Z,8,Charge 6
2026-02-21T05:45:00Z,8,Charge 6
2026-02-21T05:46:00Z,5,Charge 6
2026-02-21T05:48:00Z,4,Charge 6
2026-02-21T05:50:00Z,11,Charge 6
2026-02-21T05:51:00Z,23,Charge 6
2026-02-21T05:59:00Z,5,Charge 6
2026-02-21T06:01:00Z,36,Charge 6
2026-02-21T06:03:00Z,49,Charge 6
2026-02-21T06:06:00Z,12,Charge 6
2026-02-21T06:07:00Z,4,Charge 6
2026-02-21T06:08:00Z,61,Charge 6
2026-02-21T06:09:00Z,39,Charge 6
2026-02-21T06:10:00Z,48,Charge 6
2026-02-21T06:11:00Z,71,Charge 6
2026-02-21T06:12:00Z,27,Charge 6
2026-02-21T06:13:00Z,13,Charge 6
2026-02-21T06:15:00Z,6,Charge 6
2026-02-21T06:16:00Z,21,Charge 6
2026-02-21T06:17:00Z,24,Charge 6
2026-02-21T06:19:00Z,10,Charge 6
2026-02-21T06:20:00Z,8,Charge 6
2026-02-21T06:21:00Z,26,Charge 6
2026-02-21T06:22:00Z,34,Charge 6
2026-02-21T06:23:00Z,42,Charge 6
2026-02-21T06:24:00Z,107,Charge 6
2026-02-21T06:25:00Z,115,Charge 6
2026-02-21T06:26:00Z,87,Charge 6
2026-02-21T06:27:00Z,123,Charge 6
2026-02-21T06:28:00Z,119,Charge 6
2026-02-21T06:29:00Z,124,Charge 6
2026-02-21T06:30:00Z,125,Charge 6
2026-02-21T06:31:00Z,105,Charge 6
2026-02-21T06:32:00Z,120,Charge 6
2026-02-21T06:33:00Z,117,Charge 6
2026-02-21T06:34:00Z,115,Charge 6
2026-02-21T06:35:00Z,112,Charge 6
2026-02-21T06:36:00Z,91,Charge 6
2026-02-21T06:37:00Z,48,Charge 6
2026-02-21T06:38:00Z,77,Charge 6
2026-02-21T06:39:00Z,74,Charge 6
2026-02-21T06:40:00Z,46,Charge 6
2026-02-21T06:41:00Z,9,Charge 6
2026-02-21T06:42:00Z,66,Charge 6
2026-02-21T06:43:00Z,49,Charge 6
2026-02-21T06:44:00Z,36,Charge 6
2026-02-21T06:45:00Z,69,Charge 6
2026-02-21T06:46:00Z,92,Charge 6
2026-02-21T06:47:00Z,98,Charge 6
2026-02-21T06:48:00Z,90,Charge 6
2026-02-21T06:49:00Z,56,Charge 6
2026-02-21T06:50:00Z,32,Charge 6
2026-02-21T06:51:00Z,48,Charge 6
2026-02-21T06:52:00Z,59,Charge 6
2026-02-21T06:53:00Z,62,Charge 6
2026-02-21T06:54:00Z,54,Charge 6
2026-02-21T06:55:00Z,20,Charge 6
2026-02-21T06:57:00Z,29,Charge 6
2026-02-21T06:58:00Z,51,Charge 6
2026-02-21T06:59:00Z,58,Charge 6
2026-02-21T07:00:00Z,91,Charge 6
2026-02-21T07:01:00Z,16,Charge 6
2026-02-21T07:02:00Z,59,Charge 6
2026-02-21T07:03:00Z,29,Charge 6
2026-02-21T07:04:00Z,17,Charge 6
2026-02-21T07:05:00Z,12,Charge 6
2026-02-21T07:06:00Z,30,Charge 6
2026-02-21T07:07:00Z,26,Charge 6
2026-02-21T07:08:00Z,42,Charge 6
2026-02-21T07:09:00Z,33,Charge 6
2026-02-21T07:10:00Z,15,Charge 6
2026-02-21T07:11:00Z,17,Charge 6
2026-02-21T07:13:00Z,11,Charge 6
2026-02-21T07:15:00Z,12,Charge 6
2026-02-21T07:17:00Z,4,Charge 6
2026-02-21T07:18:00Z,15,Charge 6
2026-02-21T07:19:00Z,36,Charge 6
2026-02-21T07:20:00Z,32,Charge 6
2026-02-21T07:21:00Z,20,Charge 6
2026-02-21T07:22:00Z,21,Charge 6
2026-02-21T07:23:00Z,43,Charge 6
2026-02-21T07:24:00Z,8,Charge 6
2026-02-21T07:25:00Z,64,Charge 6
2026-02-21T07:26:00Z,69,Charge 6
2026-02-21T07:27:00Z,32,Charge 6
2026-02-21T07:28:00Z,54,Charge 6
2026-02-21T07:29:00Z,20,Charge 6
2026-02-21T07:30:00Z,23,Charge 6
2026-02-21T07:31:00Z,26,Charge 6
2026-02-21T07:32:00Z,24,Charge 6
2026-02-21T07:33:00Z,43,Charge 6
2026-02-21T07:34:00Z,81,Charge 6
2026-02-21T07:35:00Z,68,Charge 6
2026-02-21T07:36:00Z,59,Charge 6
2026-02-21T07:37:00Z,69,Charge 6
2026-02-21T07:38:00Z,66,Charge 6
2026-02-21T07:39:00Z,39,Charge 6
2026-02-21T07:40:00Z,84,Charge 6
2026-02-21T07:41:00Z,45,Charge 6
2026-02-21T07:42:00Z,45,Charge 6
2026-02-21T07:43:00Z,34,Charge 6
2026-02-21T07:44:00Z,13,Charge 6
2026-02-21T07:45:00Z,19,Charge 6
2026-02-21T07:46:00Z,14,Charge 6
2026-02-21T07:49:00Z,30,Charge 6
2026-02-21T07:50:00Z,20,Charge 6
2026-02-21T07:51:00Z,26,Charge 6
2026-02-21T07:52:00Z,36,Charge 6
2026-02-21T07:54:00Z,26,Charge 6
2026-02-21T07:55:00Z,5,Charge 6
2026-02-21T07:56:00Z,20,Charge 6
2026-02-21T07:57:00Z,30,Charge 6
2026-02-21T07:58:00Z,12,Charge 6
2026-02-21T07:59:00Z,66,Charge 6
2026-02-21T08:00:00Z,54,Charge 6
2026-02-21T08:01:00Z,24,Charge 6
2026-02-21T08:02:00Z,35,Charge 6
2026-02-21T08:05:00Z,16,Charge 6
2026-02-21T08:06:00Z,3,Charge 6
2026-02-21T08:07:00Z,35,Charge 6
2026-02-21T08:08:00Z,59,Charge 6
2026-02-21T08:09:00Z,69,Charge 6
2026-02-21T08:10:00Z,126,Charge 6
2026-02-21T08:11:00Z,128,Charge 6
2026-02-21T08:12:00Z,72,Charge 6
2026-02-21T08:13:00Z,56,Charge 6
2026-02-21T08:14:00Z,38,Charge 6
2026-02-21T08:15:00Z,19,Charge 6
2026-02-21T08:16:00Z,59,Charge 6
2026-02-21T08:17:00Z,67,Charge 6
2026-02-21T08:18:00Z,130,Charge 6
2026-02-21T08:19:00Z,69,Charge 6
2026-02-21T08:20:00Z,117,Charge 6
2026-02-21T08:21:00Z,117,Charge 6
2026-02-21T08:22:00Z,43,Charge 6
2026-02-21T08:23:00Z,120,Charge 6
2026-02-21T08:24:00Z,118,Charge 6
2026-02-21T08:25:00Z,116,Charge 6
2026-02-21T08:26:00Z,118,Charge 6
2026-02-21T08:27:00Z,107,Charge 6
2026-02-21T08:28:00Z,76,Charge 6
2026-02-21T08:29:00Z,32,Charge 6
2026-02-21T08:31:00Z,12,Charge 6
2026-02-21T09:04:00Z,38,Charge 6
2026-02-21T09:05:00Z,120,Charge 6
2026-02-21T09:06:00Z,130,Charge 6
2026-02-21T09:07:00Z,131,Charge 6
2026-02-21T09:08:00Z,131,Charge 6
2026-02-21T09:09:00Z,130,Charge 6
2026-02-21T09:10:00Z,91,Charge 6
2026-02-21T09:11:00Z,6,Charge 6
2026-02-21T09:16:00Z,28,Charge 6
2026-02-21T14:13:00Z,26,Charge 6
2026-02-21T14:14:00Z,16,Charge 6
2026-02-21T14:15:00Z,21,Charge 6
2026-02-21T14:16:00Z,27,Charge 6
2026-02-21T14:17:00Z,9,Charge 6
2026-02-21T16:26:00Z,5,Charge 6
2026-02-21T16:27:00Z,54,Charge 6
2026-02-21T16:28:00Z,129,Charge 6
2026-02-21T16:29:00Z,168,Charge 6
2026-02-21T16:30:00Z,144,Charge 6
2026-02-21T16:31:00Z,123,Charge 6
2026-02-21T16:32:00Z,126,Charge 6
2026-02-21T16:33:00Z,124,Charge 6
2026-02-21T16:34:00Z,123,Charge 6
2026-02-21T16:35:00Z,92,Charge 6
2026-02-21T16:36:00Z,32,Charge 6
2026-02-21T16:38:00Z,5,Charge 6
2026-02-21T16:39:00Z,36,Charge 6
2026-02-21T16:40:00Z,10,Charge 6
2026-02-21T16:42:00Z,7,Charge 6
2026-02-21T17:10:00Z,4,Charge 6
2026-02-21T17:14:00Z,24,Charge 6
2026-02-21T17:18:00Z,4,Charge 6
2026-02-21T17:31:00Z,14,Charge 6
2026-02-21T17:32:00Z,12,Charge 6
2026-02-21T17:34:00Z,24,Charge 6
2026-02-21T17:36:00Z,6,Charge 6
2026-02-21T17:37:00Z,23,Charge 6
2026-02-21T17:40:00Z,29,Charge 6
2026-02-21T17:41:00Z,88,Charge 6
2026-02-21T17:42:00Z,119,Charge 6
2026-02-21T17:43:00Z,113,Charge 6
2026-02-21T17:44:00Z,48,Charge 6
2026-02-21T17:45:00Z,12,Charge 6
2026-02-21T17:47:00Z,9,Charge 6
2026-02-21T17:48:00Z,6,Charge 6
2026-02-21T17:49:00Z,19,Charge 6
2026-02-21T18:19:00Z,9,Charge 6
2026-02-21T18:20:00Z,3,Charge 6
2026-02-21T18:41:00Z,6,Charge 6
2026-02-21T18:42:00Z,25,Charge 6
2026-02-21T18:54:00Z,22,Charge 6
2026-02-21T19:15:00Z,24,Charge 6
2026-02-21T19:16:00Z,13,Charge 6
2026-02-21T19:17:00Z,31,Charge 6
2026-02-21T19:18:00Z,2,Charge 6
2026-02-21T19:19:00Z,11,Charge 6
2026-02-21T19:20:00Z,27,Charge 6
2026-02-21T19:28:00Z,5,Charge 6
2026-02-21T19:29:00Z,74,Charge 6
2026-02-21T19:30:00Z,61,Charge 6
2026-02-21T19:31:00Z,20,Charge 6
2026-02-21T19:33:00Z,24,Charge 6
2026-02-21T19:34:00Z,19,Charge 6
2026-02-21T19:35:00Z,66,Charge 6
2026-02-21T19:45:00Z,9,Charge 6
2026-02-21T19:46:00Z,17,Charge 6
2026-02-21T19:47:00Z,24,Charge 6
2026-02-21T19:49:00Z,7,Charge 6
2026-02-21T20:07:00Z,11,Charge 6
2026-02-21T20:08:00Z,22,Charge 6
2026-02-21T20:15:00Z,7,Charge 6
2026-02-21T20:16:00Z,70,Charge 6
2026-02-21T20:17:00Z,5,Charge 6
2026-02-21T20:23:00Z,7,Charge 6
2026-02-21T20:24:00Z,39,Charge 6
2026-02-21T20:25:00Z,35,Charge 6
2026-02-21T20:27:00Z,41,Charge 6
2026-02-21T20:28:00Z,4,Charge 6
2026-02-21T20:31:00Z,51,Charge 6
