recorded_time,temperature,sensor_type
2025-08-19T00:00,0.2817047817047822,UNKNOWN
2025-08-19T00:01,0.18170478170478077,UNKNOWN
2025-08-19T00:02,0.18170478170478077,UNKNOWN
2025-08-19T00:03,0.18170478170478077,UNKNOWN
2025-08-19T00:04,0.08170478170477935,UNKNOWN
2025-08-19T00:05,0.08170478170477935,UNKNOWN
2025-08-19T00:06,0.08170478170477935,UNKNOWN
2025-08-19T00:07,0.08170478170477935,UNKNOWN
2025-08-19T00:08,0.08170478170477935,UNKNOWN
2025-08-19T00:09,-0.01829521829521852,UNKNOWN
2025-08-19T00:10,-0.01829521829521852,UNKNOWN
2025-08-19T00:11,-0.11829521829521994,UNKNOWN
2025-08-19T00:12,-0.11829521829521994,UNKNOWN
2025-08-19T00:13,-0.11829521829521994,UNKNOWN
2025-08-19T00:14,-0.2182952182952178,UNKNOWN
2025-08-19T00:15,-0.2182952182952178,UNKNOWN
2025-08-19T00:16,-0.11829521829521994,UNKNOWN
2025-08-19T00:17,-0.2182952182952178,UNKNOWN
2025-08-19T00:18,-0.11829521829521994,UNKNOWN
2025-08-19T00:19,-0.2182952182952178,UNKNOWN
2025-08-19T00:20,-0.2182952182952178,UNKNOWN
2025-08-19T00:21,-0.2182952182952178,UNKNOWN
2025-08-19T00:22,-0.11829521829521994,UNKNOWN
2025-08-19T00:23,-0.11829521829521994,UNKNOWN
2025-08-19T00:24,-0.11829521829521994,UNKNOWN
2025-08-19T00:25,-0.11829521829521994,UNKNOWN
2025-08-19T00:26,-0.11829521829521994,UNKNOWN
2025-08-19T00:27,-0.11829521829521994,UNKNOWN
2025-08-19T00:28,-0.11829521829521994,UNKNOWN
2025-08-19T00:29,-0.11829521829521994,UNKNOWN
2025-08-19T00:30,-0.01829521829521852,UNKNOWN
2025-08-19T00:31,-0.01829521829521852,UNKNOWN
2025-08-19T00:32,-0.01829521829521852,UNKNOWN
2025-08-19T00:33,-0.01829521829521852,UNKNOWN
2025-08-19T00:34,-0.11829521829521994,UNKNOWN
2025-08-19T00:35,-0.2182952182952178,UNKNOWN
2025-08-19T00:36,-0.2182952182952178,UNKNOWN
2025-08-19T00:37,-0.31829521829521923,UNKNOWN
2025-08-19T00:38,-0.2182952182952178,UNKNOWN
2025-08-19T00:39,-0.31829521829521923,UNKNOWN
2025-08-19T00:40,-0.41829521829522065,UNKNOWN
2025-08-19T00:41,-0.41829521829522065,UNKNOWN
2025-08-19T00:42,-0.41829521829522065,UNKNOWN
2025-08-19T00:43,-0.41829521829522065,UNKNOWN
2025-08-19T00:44,-0.41829521829522065,UNKNOWN
2025-08-19T00:45,-0.41829521829522065,UNKNOWN
2025-08-19T00:46,-0.31829521829521923,UNKNOWN
2025-08-19T00:47,-0.41829521829522065,UNKNOWN
2025-08-19T00:48,-0.41829521829522065,UNKNOWN
2025-08-19T00:49,-0.41829521829522065,UNKNOWN
2025-08-19T00:50,-0.5182952182952185,UNKNOWN
2025-08-19T00:51,-0.6182952182952199,UNKNOWN
2025-08-19T00:52,-0.7182952182952178,UNKNOWN
2025-08-19T00:53,-0.7182952182952178,UNKNOWN
2025-08-19T00:54,-0.9182952182952206,UNKNOWN
2025-08-19T00:55,-0.9182952182952206,UNKNOWN
2025-08-19T00:56,-1.0182952182952185,UNKNOWN
2025-08-19T00:57,-1.0182952182952185,UNKNOWN
2025-08-19T00:58,-1.0182952182952185,UNKNOWN
2025-08-19T00:59,-0.9182952182952206,UNKNOWN
2025-08-19T01:00,-0.9182952182952206,UNKNOWN
2025-08-19T01:01,-0.8182952182952192,UNKNOWN
2025-08-19T01:02,-0.8182952182952192,UNKNOWN
2025-08-19T01:03,-0.8182952182952192,UNKNOWN
2025-08-19T01:04,-0.8182952182952192,UNKNOWN
2025-08-19T01:05,-0.7182952182952178,UNKNOWN
2025-08-19T01:06,-0.7182952182952178,UNKNOWN
2025-08-19T01:07,-0.7182952182952178,UNKNOWN
2025-08-19T01:08,-0.7182952182952178,UNKNOWN
2025-08-19T01:09,-0.6182952182952199,UNKNOWN
2025-08-19T01:10,-0.7182952182952178,UNKNOWN
2025-08-19T01:11,-0.6182952182952199,UNKNOWN
2025-08-19T01:12,-0.6182952182952199,UNKNOWN
2025-08-19T01:13,-0.5182952182952185,UNKNOWN
2025-08-19T01:14,-0.41829521829522065,UNKNOWN
2025-08-19T01:15,-0.31829521829521923,UNKNOWN
2025-08-19T01:16,-0.31829521829521923,UNKNOWN
2025-08-19T01:17,-0.31829521829521923,UNKNOWN
2025-08-19T01:18,-0.31829521829521923,UNKNOWN
2025-08-19T01:19,-0.31829521829521923,UNKNOWN
2025-08-19T01:20,-0.31829521829521923,UNKNOWN
2025-08-19T01:21,-0.31829521829521923,UNKNOWN
2025-08-19T01:22,-0.2182952182952178,UNKNOWN
2025-08-19T01:23,-0.2182952182952178,UNKNOWN
2025-08-19T01:24,-0.2182952182952178,UNKNOWN
2025-08-19T01:25,-0.11829521829521994,UNKNOWN
2025-08-19T01:26,-0.11829521829521994,UNKNOWN
2025-08-19T01:27,-0.11829521829521994,UNKNOWN
2025-08-19T01:28,-0.11829521829521994,UNKNOWN
2025-08-19T01:29,-0.11829521829521994,UNKNOWN
2025-08-19T01:30,-0.11829521829521994,UNKNOWN
2025-08-19T01:31,-0.11829521829521994,UNKNOWN
2025-08-19T01:32,-0.11829521829521994,UNKNOWN
2025-08-19T01:33,-0.11829521829521994,UNKNOWN
2025-08-19T01:34,-0.11829521829521994,UNKNOWN
2025-08-19T01:35,-0.11829521829521994,UNKNOWN
2025-08-19T01:36,-0.2182952182952178,UNKNOWN
2025-08-19T01:37,-0.31829521829521923,UNKNOWN
2025-08-19T01:38,-0.31829521829521923,UNKNOWN
2025-08-19T01:39,-0.2182952182952178,UNKNOWN
2025-08-19T01:40,-0.31829521829521923,UNKNOWN
2025-08-19T01:41,-0.2182952182952178,UNKNOWN
2025-08-19T01:42,-0.31829521829521923,UNKNOWN
2025-08-19T01:43,-0.31829521829521923,UNKNOWN
2025-08-19T01:44,-0.31829521829521923,UNKNOWN
2025-08-19T01:45,-0.31829521829521923,UNKNOWN
2025-08-19T01:46,-0.41829521829522065,UNKNOWN
2025-08-19T01:47,-0.31829521829521923,UNKNOWN
2025-08-19T01:48,-0.41829521829522065,UNKNOWN
2025-08-19T01:49,-0.41829521829522065,UNKNOWN
2025-08-19T01:50,-0.41829521829522065,UNKNOWN
2025-08-19T01:51,-0.5182952182952185,UNKNOWN
2025-08-19T01:52,-0.7182952182952178,UNKNOWN
2025-08-19T01:53,-0.7182952182952178,UNKNOWN
2025-08-19T01:54,-0.6182952182952199,UNKNOWN
2025-08-19T01:55,-0.7182952182952178,UNKNOWN
2025-08-19T01:56,-0.7182952182952178,UNKNOWN
2025-08-19T01:57,-0.6182952182952199,UNKNOWN
2025-08-19T01:58,-0.5182952182952185,UNKNOWN
2025-08-19T01:59,-0.5182952182952185,UNKNOWN
2025-08-19T02:00,-0.5182952182952185,UNKNOWN
2025-08-19T02:01,-0.5182952182952185,UNKNOWN
2025-08-19T02:02,-0.41829521829522065,UNKNOWN
2025-08-19T02:03,-0.41829521829522065,UNKNOWN
2025-08-19T02:04,-0.31829521829521923,UNKNOWN
2025-08-19T02:05,-0.2182952182952178,UNKNOWN
2025-08-19T02:06,-0.11829521829521994,UNKNOWN
2025-08-19T02:07,-0.11829521829521994,UNKNOWN
2025-08-19T02:08,-0.11829521829521994,UNKNOWN
2025-08-19T02:09,-0.11829521829521994,UNKNOWN
2025-08-19T02:10,-0.2182952182952178,UNKNOWN
2025-08-19T02:11,-0.11829521829521994,UNKNOWN
2025-08-19T02:12,-0.01829521829521852,UNKNOWN
2025-08-19T02:13,-0.11829521829521994,UNKNOWN
2025-08-19T02:14,-0.11829521829521994,UNKNOWN
2025-08-19T02:15,-0.11829521829521994,UNKNOWN
2025-08-19T02:16,-0.11829521829521994,UNKNOWN
2025-08-19T02:17,-0.2182952182952178,UNKNOWN
2025-08-19T02:18,-0.2182952182952178,UNKNOWN
2025-08-19T02:19,-0.31829521829521923,UNKNOWN
2025-08-19T02:20,-0.31829521829521923,UNKNOWN
2025-08-19T02:21,-0.31829521829521923,UNKNOWN
2025-08-19T02:22,-0.31829521829521923,UNKNOWN
2025-08-19T02:23,-0.41829521829522065,UNKNOWN
2025-08-19T02:24,-0.41829521829522065,UNKNOWN
2025-08-19T02:25,-0.5182952182952185,UNKNOWN
2025-08-19T02:26,-0.5182952182952185,UNKNOWN
2025-08-19T02:27,-0.6182952182952199,UNKNOWN
2025-08-19T02:28,-0.6182952182952199,UNKNOWN
2025-08-19T02:29,-0.6182952182952199,UNKNOWN
2025-08-19T02:30,-0.6182952182952199,UNKNOWN
2025-08-19T02:31,-0.6182952182952199,UNKNOWN
2025-08-19T02:32,-0.7182952182952178,UNKNOWN
2025-08-19T02:33,-0.7182952182952178,UNKNOWN
2025-08-19T02:34,-0.7182952182952178,UNKNOWN
2025-08-19T02:35,-0.7182952182952178,UNKNOWN
2025-08-19T02:36,-0.7182952182952178,UNKNOWN
2025-08-19T02:37,-0.6182952182952199,UNKNOWN
2025-08-19T02:38,-0.6182952182952199,UNKNOWN
2025-08-19T02:39,-0.6182952182952199,UNKNOWN
2025-08-19T02:40,-0.6182952182952199,UNKNOWN
2025-08-19T02:41,-0.6182952182952199,UNKNOWN
2025-08-19T02:42,-0.6182952182952199,UNKNOWN
2025-08-19T02:43,-0.5182952182952185,UNKNOWN
2025-08-19T02:44,-0.6182952182952199,UNKNOWN
2025-08-19T02:45,-0.5182952182952185,UNKNOWN
2025-08-19T02:46,-0.5182952182952185,UNKNOWN
2025-08-19T02:47,-0.5182952182952185,UNKNOWN
2025-08-19T02:48,-0.6182952182952199,UNKNOWN
2025-08-19T02:49,-0.6182952182952199,UNKNOWN
2025-08-19T02:50,-0.6182952182952199,UNKNOWN
2025-08-19T02:51,-0.7182952182952178,UNKNOWN
2025-08-19T02:52,-0.6182952182952199,UNKNOWN
2025-08-19T02:53,-0.7182952182952178,UNKNOWN
2025-08-19T02:54,-0.7182952182952178,UNKNOWN
2025-08-19T02:55,-0.7182952182952178,UNKNOWN
2025-08-19T02:56,-0.7182952182952178,UNKNOWN
2025-08-19T02:57,-0.7182952182952178,UNKNOWN
2025-08-19T02:58,-0.6182952182952199,UNKNOWN
2025-08-19T02:59,-0.5182952182952185,UNKNOWN
2025-08-19T03:00,-0.5182952182952185,UNKNOWN
2025-08-19T03:01,-0.41829521829522065,UNKNOWN
2025-08-19T03:02,-0.31829521829521923,UNKNOWN
2025-08-19T03:03,-0.31829521829521923,UNKNOWN
2025-08-19T03:04,-0.41829521829522065,UNKNOWN
2025-08-19T03:05,-0.5182952182952185,UNKNOWN
2025-08-19T03:06,-0.6182952182952199,UNKNOWN
2025-08-19T03:07,-0.7182952182952178,UNKNOWN
2025-08-19T03:08,-0.7182952182952178,UNKNOWN
2025-08-19T03:09,-0.8182952182952192,UNKNOWN
2025-08-19T03:10,-0.8182952182952192,UNKNOWN
2025-08-19T03:11,-0.9182952182952206,UNKNOWN
2025-08-19T03:12,-0.9182952182952206,UNKNOWN
2025-08-19T03:13,-1.0182952182952185,UNKNOWN
2025-08-19T03:14,-1.0182952182952185,UNKNOWN
2025-08-19T03:15,-1.0182952182952185,UNKNOWN
2025-08-19T03:16,-1.0182952182952185,UNKNOWN
2025-08-19T03:17,-1.0182952182952185,UNKNOWN
2025-08-19T03:18,-1.11829521829522,UNKNOWN
2025-08-19T03:19,-1.0182952182952185,UNKNOWN
2025-08-19T03:20,-1.11829521829522,UNKNOWN
2025-08-19T03:21,-1.0182952182952185,UNKNOWN
2025-08-19T03:22,-1.0182952182952185,UNKNOWN
2025-08-19T03:23,-0.9182952182952206,UNKNOWN
2025-08-19T03:24,-0.8182952182952192,UNKNOWN
2025-08-19T03:25,-0.7182952182952178,UNKNOWN
2025-08-19T03:26,-0.7182952182952178,UNKNOWN
2025-08-19T03:27,-0.6182952182952199,UNKNOWN
2025-08-19T03:28,-0.6182952182952199,UNKNOWN
2025-08-19T03:29,-0.7182952182952178,UNKNOWN
2025-08-19T03:30,-0.7182952182952178,UNKNOWN
2025-08-19T03:31,-0.6182952182952199,UNKNOWN
2025-08-19T03:32,-0.6182952182952199,UNKNOWN
2025-08-19T03:33,-0.5182952182952185,UNKNOWN
2025-08-19T03:34,-0.41829521829522065,UNKNOWN
2025-08-19T03:35,-0.41829521829522065,UNKNOWN
2025-08-19T03:36,-0.31829521829521923,UNKNOWN
2025-08-19T03:37,-0.41829521829522065,UNKNOWN
2025-08-19T03:38,-0.41829521829522065,UNKNOWN
2025-08-19T03:39,-0.5182952182952185,UNKNOWN
2025-08-19T03:40,-0.5182952182952185,UNKNOWN
2025-08-19T03:41,-0.5182952182952185,UNKNOWN
2025-08-19T03:42,-0.5182952182952185,UNKNOWN
2025-08-19T03:43,-0.41829521829522065,UNKNOWN
2025-08-19T03:44,-0.41829521829522065,UNKNOWN
2025-08-19T03:45,-0.5182952182952185,UNKNOWN
2025-08-19T03:46,-0.41829521829522065,UNKNOWN
2025-08-19T03:47,-0.41829521829522065,UNKNOWN
2025-08-19T03:48,-0.41829521829522065,UNKNOWN
2025-08-19T03:49,-0.41829521829522065,UNKNOWN
2025-08-19T03:50,-0.41829521829522065,UNKNOWN
2025-08-19T03:51,-0.41829521829522065,UNKNOWN
2025-08-19T03:52,-0.41829521829522065,UNKNOWN
2025-08-19T03:53,-0.31829521829521923,UNKNOWN
2025-08-19T03:54,-0.41829521829522065,UNKNOWN
2025-08-19T03:55,-0.41829521829522065,UNKNOWN
2025-08-19T03:56,-0.5182952182952185,UNKNOWN
2025-08-19T03:57,-0.5182952182952185,UNKNOWN
2025-08-19T03:58,-0.5182952182952185,UNKNOWN
2025-08-19T03:59,-0.5182952182952185,UNKNOWN
2025-08-19T04:00,-0.41829521829522065,UNKNOWN
2025-08-19T04:01,-0.41829521829522065,UNKNOWN
2025-08-19T04:02,-0.41829521829522065,UNKNOWN
2025-08-19T04:03,-0.41829521829522065,UNKNOWN
2025-08-19T04:04,-0.41829521829522065,UNKNOWN
2025-08-19T04:05,-0.41829521829522065,UNKNOWN
2025-08-19T04:06,-0.41829521829522065,UNKNOWN
2025-08-19T04:07,-0.5182952182952185,UNKNOWN
2025-08-19T04:08,-0.5182952182952185,UNKNOWN
2025-08-19T04:09,-0.5182952182952185,UNKNOWN
2025-08-19T04:10,-0.5182952182952185,UNKNOWN
2025-08-19T04:11,-0.41829521829522065,UNKNOWN
2025-08-19T04:12,-0.41829521829522065,UNKNOWN
2025-08-19T04:13,-0.31829521829521923,UNKNOWN
2025-08-19T04:14,-0.31829521829521923,UNKNOWN
2025-08-19T04:15,-0.41829521829522065,UNKNOWN
2025-08-19T04:16,-0.41829521829522065,UNKNOWN
2025-08-19T04:17,-0.5182952182952185,UNKNOWN
2025-08-19T04:18,-0.41829521829522065,UNKNOWN
2025-08-19T04:19,-0.5182952182952185,UNKNOWN
2025-08-19T04:20,-0.6182952182952199,UNKNOWN
2025-08-19T04:21,-0.6182952182952199,UNKNOWN
2025-08-19T04:22,-0.6182952182952199,UNKNOWN
2025-08-19T04:23,-0.6182952182952199,UNKNOWN
2025-08-19T04:24,-0.5182952182952185,UNKNOWN
2025-08-19T04:25,-0.5182952182952185,UNKNOWN
2025-08-19T04:26,-0.5182952182952185,UNKNOWN
2025-08-19T04:27,-0.5182952182952185,UNKNOWN
2025-08-19T04:28,-0.5182952182952185,UNKNOWN
2025-08-19T04:29,-0.41829521829522065,UNKNOWN
2025-08-19T04:30,-0.41829521829522065,UNKNOWN
2025-08-19T04:31,-0.41829521829522065,UNKNOWN
2025-08-19T04:32,-0.41829521829522065,UNKNOWN
2025-08-19T04:33,-0.41829521829522065,UNKNOWN
2025-08-19T04:34,-0.41829521829522065,UNKNOWN
2025-08-19T04:35,-0.41829521829522065,UNKNOWN
2025-08-19T04:36,-0.31829521829521923,UNKNOWN
2025-08-19T04:37,-0.31829521829521923,UNKNOWN
2025-08-19T04:38,-0.31829521829521923,UNKNOWN
2025-08-19T04:39,-0.31829521829521923,UNKNOWN
2025-08-19T04:40,-0.41829521829522065,UNKNOWN
2025-08-19T04:41,-0.41829521829522065,UNKNOWN
2025-08-19T04:42,-0.41829521829522065,UNKNOWN
2025-08-19T04:43,-0.41829521829522065,UNKNOWN
2025-08-19T04:44,-0.41829521829522065,UNKNOWN
2025-08-19T04:45,-0.5182952182952185,UNKNOWN
2025-08-19T04:46,0.18170478170478077,UNKNOWN
2025-08-19T04:47,0.7817047817047822,UNKNOWN
2025-08-19T04:48,1.1817047817047808,UNKNOWN
2025-08-19T04:49,1.481704781704778,UNKNOWN
2025-08-19T04:50,1.6817047817047808,UNKNOWN
2025-08-19T04:51,1.5817047817047794,UNKNOWN
2025-08-19T04:52,1.1817047817047808,UNKNOWN
2025-08-19T04:53,0.8817047817047836,UNKNOWN
2025-08-19T04:54,0.4817047817047815,UNKNOWN
2025-08-19T04:55,0.2817047817047822,UNKNOWN
2025-08-19T04:56,0.08170478170477935,UNKNOWN
2025-08-19T04:57,-0.11829521829521994,UNKNOWN
2025-08-19T04:58,-0.2182952182952178,UNKNOWN
2025-08-19T04:59,-0.41829521829522065,UNKNOWN
2025-08-19T05:00,-0.5182952182952185,UNKNOWN
2025-08-19T05:01,-0.6182952182952199,UNKNOWN
2025-08-19T05:02,-0.7182952182952178,UNKNOWN
2025-08-19T05:03,-0.7182952182952178,UNKNOWN
2025-08-19T05:04,-0.7182952182952178,UNKNOWN
2025-08-19T05:05,-0.8182952182952192,UNKNOWN
2025-08-19T05:06,-0.9182952182952206,UNKNOWN
2025-08-19T05:07,-0.9182952182952206,UNKNOWN
2025-08-19T05:08,-0.8182952182952192,UNKNOWN
2025-08-19T05:09,-0.8182952182952192,UNKNOWN
2025-08-19T05:10,-0.7182952182952178,UNKNOWN
2025-08-19T05:11,-0.6182952182952199,UNKNOWN
2025-08-19T05:12,-0.6182952182952199,UNKNOWN
2025-08-19T05:13,-0.41829521829522065,UNKNOWN
2025-08-19T05:14,-0.41829521829522065,UNKNOWN
2025-08-19T05:15,-0.41829521829522065,UNKNOWN
2025-08-19T05:16,-0.5182952182952185,UNKNOWN
2025-08-19T05:17,-0.5182952182952185,UNKNOWN
2025-08-19T05:18,-0.5182952182952185,UNKNOWN
2025-08-19T05:19,-0.7182952182952178,UNKNOWN
2025-08-19T05:20,-0.6182952182952199,UNKNOWN
2025-08-19T05:21,-0.7182952182952178,UNKNOWN
2025-08-19T05:22,-0.7182952182952178,UNKNOWN
2025-08-19T05:23,-0.6182952182952199,UNKNOWN
2025-08-19T05:24,-0.7182952182952178,UNKNOWN
2025-08-19T05:25,-0.7182952182952178,UNKNOWN
2025-08-19T05:26,-0.6182952182952199,UNKNOWN
2025-08-19T05:27,-0.7182952182952178,UNKNOWN
2025-08-19T05:28,-0.6182952182952199,UNKNOWN
2025-08-19T05:29,-0.6182952182952199,UNKNOWN
2025-08-19T05:30,-0.5182952182952185,UNKNOWN
2025-08-19T05:31,-0.41829521829522065,UNKNOWN
2025-08-19T05:32,-0.41829521829522065,UNKNOWN
2025-08-19T05:33,-0.41829521829522065,UNKNOWN
2025-08-19T05:34,-0.31829521829521923,UNKNOWN
2025-08-19T05:35,-0.31829521829521923,UNKNOWN
2025-08-19T05:36,-0.2182952182952178,UNKNOWN
2025-08-19T05:37,-0.2182952182952178,UNKNOWN
2025-08-19T05:38,-0.2182952182952178,UNKNOWN
2025-08-19T05:39,-0.2182952182952178,UNKNOWN
2025-08-19T05:40,-0.11829521829521994,UNKNOWN
2025-08-19T05:41,-0.11829521829521994,UNKNOWN
2025-08-19T05:42,-0.11829521829521994,UNKNOWN
2025-08-19T05:43,-0.11829521829521994,UNKNOWN
2025-08-19T05:44,-0.11829521829521994,UNKNOWN
2025-08-19T05:45,-0.11829521829521994,UNKNOWN
2025-08-19T05:46,-0.11829521829521994,UNKNOWN
2025-08-19T05:47,-0.11829521829521994,UNKNOWN
2025-08-19T05:48,-0.2182952182952178,UNKNOWN
2025-08-19T05:49,-0.2182952182952178,UNKNOWN
2025-08-19T05:50,-0.2182952182952178,UNKNOWN
2025-08-19T05:51,-0.31829521829521923,UNKNOWN
2025-08-19T05:52,-0.31829521829521923,UNKNOWN
2025-08-19T05:53,-0.41829521829522065,UNKNOWN
2025-08-19T05:54,-0.41829521829522065,UNKNOWN
2025-08-19T05:55,-0.41829521829522065,UNKNOWN
2025-08-19T05:56,-0.5182952182952185,UNKNOWN
2025-08-19T05:57,-0.41829521829522065,UNKNOWN
2025-08-19T05:58,-0.41829521829522065,UNKNOWN
2025-08-19T05:59,-0.31829521829521923,UNKNOWN
2025-08-19T06:00,-0.31829521829521923,UNKNOWN
2025-08-19T06:01,-0.5182952182952185,UNKNOWN
2025-08-19T06:02,-0.8182952182952192,UNKNOWN
2025-08-19T06:03,-0.9182952182952206,UNKNOWN
2025-08-19T06:04,-1.0182952182952185,UNKNOWN
2025-08-19T06:05,-1.0182952182952185,UNKNOWN
2025-08-19T06:06,-1.0182952182952185,UNKNOWN
2025-08-19T06:07,-1.0182952182952185,UNKNOWN
2025-08-19T06:08,-0.9182952182952206,UNKNOWN
2025-08-19T06:09,-0.9182952182952206,UNKNOWN
2025-08-19T06:10,-0.9182952182952206,UNKNOWN
2025-08-19T06:11,-0.8182952182952192,UNKNOWN
2025-08-19T06:12,-0.8182952182952192,UNKNOWN
2025-08-19T06:13,-0.8182952182952192,UNKNOWN
2025-08-19T06:14,-0.7182952182952178,UNKNOWN
2025-08-19T06:15,-0.6182952182952199,UNKNOWN
2025-08-19T06:16,-0.9182952182952206,UNKNOWN
2025-08-19T06:17,-0.9182952182952206,UNKNOWN
2025-08-19T06:18,-0.9182952182952206,UNKNOWN
2025-08-19T06:19,-0.8182952182952192,UNKNOWN
2025-08-19T06:20,-0.7182952182952178,UNKNOWN
2025-08-19T06:21,-0.6182952182952199,UNKNOWN
2025-08-19T06:22,-0.6182952182952199,UNKNOWN
2025-08-19T06:23,-0.6182952182952199,UNKNOWN
2025-08-19T06:24,-0.5182952182952185,UNKNOWN
2025-08-19T06:25,-0.5182952182952185,UNKNOWN
2025-08-19T06:26,-0.5182952182952185,UNKNOWN
2025-08-19T06:27,-0.31829521829521923,UNKNOWN
2025-08-19T06:28,-0.11829521829521994,UNKNOWN
2025-08-19T06:29,0.18170478170478077,UNKNOWN
2025-08-19T06:30,0.18170478170478077,UNKNOWN
2025-08-19T06:31,0.2817047817047822,UNKNOWN
2025-08-19T06:32,0.18170478170478077,UNKNOWN
2025-08-19T06:33,-0.11829521829521994,UNKNOWN
2025-08-19T06:34,-0.2182952182952178,UNKNOWN
2025-08-19T06:35,-0.41829521829522065,UNKNOWN
2025-08-19T06:36,-0.5182952182952185,UNKNOWN
2025-08-19T06:37,-0.41829521829522065,UNKNOWN
2025-08-19T06:38,-0.41829521829522065,UNKNOWN
2025-08-19T06:39,-0.41829521829522065,UNKNOWN
2025-08-19T06:40,-0.31829521829521923,UNKNOWN
2025-08-19T06:41,-0.31829521829521923,UNKNOWN
2025-08-19T06:42,-0.31829521829521923,UNKNOWN
2025-08-19T06:43,-0.31829521829521923,UNKNOWN
2025-08-19T06:44,-0.2182952182952178,UNKNOWN
2025-08-19T06:45,-0.31829521829521923,UNKNOWN
2025-08-19T06:46,-0.41829521829522065,UNKNOWN
2025-08-19T06:47,-0.5182952182952185,UNKNOWN
2025-08-19T06:48,-0.6182952182952199,UNKNOWN
2025-08-19T06:49,-0.6182952182952199,UNKNOWN
2025-08-19T06:50,-0.5182952182952185,UNKNOWN
2025-08-19T06:51,-0.6182952182952199,UNKNOWN
2025-08-19T06:52,-0.41829521829522065,UNKNOWN
2025-08-19T06:53,-0.2182952182952178,UNKNOWN
2025-08-19T06:54,-0.11829521829521994,UNKNOWN
2025-08-19T06:55,-0.2182952182952178,UNKNOWN
2025-08-19T06:56,-0.2182952182952178,UNKNOWN
2025-08-19T06:57,-0.2182952182952178,UNKNOWN
2025-08-19T06:58,-0.2182952182952178,UNKNOWN
2025-08-19T06:59,-0.2182952182952178,UNKNOWN
2025-08-19T07:00,-0.2182952182952178,UNKNOWN
2025-08-19T07:01,-0.11829521829521994,UNKNOWN
2025-08-19T07:02,-0.11829521829521994,UNKNOWN
2025-08-19T07:03,-0.2182952182952178,UNKNOWN
2025-08-19T07:04,-0.31829521829521923,UNKNOWN
2025-08-19T07:05,-0.41829521829522065,UNKNOWN
2025-08-19T07:06,-0.41829521829522065,UNKNOWN
2025-08-19T07:07,-0.6182952182952199,UNKNOWN
2025-08-19T07:08,-0.6182952182952199,UNKNOWN
2025-08-19T07:09,-0.5182952182952185,UNKNOWN
2025-08-19T07:10,-0.41829521829522065,UNKNOWN
2025-08-19T07:11,-0.5182952182952185,UNKNOWN
2025-08-19T07:12,-0.41829521829522065,UNKNOWN
2025-08-19T07:13,-0.41829521829522065,UNKNOWN
2025-08-19T07:14,-0.5182952182952185,UNKNOWN
2025-08-19T07:15,-0.5182952182952185,UNKNOWN
2025-08-19T07:16,-0.5182952182952185,UNKNOWN
2025-08-19T07:17,-0.31829521829521923,UNKNOWN
2025-08-19T07:18,-0.31829521829521923,UNKNOWN
2025-08-19T07:19,-0.2182952182952178,UNKNOWN
2025-08-19T07:20,-0.2182952182952178,UNKNOWN
2025-08-19T07:21,-0.31829521829521923,UNKNOWN
2025-08-19T07:22,-0.31829521829521923,UNKNOWN
2025-08-19T07:23,-0.41829521829522065,UNKNOWN
2025-08-19T07:24,-0.5182952182952185,UNKNOWN
2025-08-19T07:25,-0.6182952182952199,UNKNOWN
2025-08-19T07:26,-0.6182952182952199,UNKNOWN
2025-08-19T07:27,-0.6182952182952199,UNKNOWN
2025-08-19T07:28,-0.6182952182952199,UNKNOWN
2025-08-19T07:29,-0.7182952182952178,UNKNOWN
2025-08-19T07:30,-0.7182952182952178,UNKNOWN
2025-08-19T07:31,-0.7182952182952178,UNKNOWN
2025-08-19T07:32,-0.7182952182952178,UNKNOWN
2025-08-19T07:33,-0.6182952182952199,UNKNOWN
2025-08-19T07:34,-0.7182952182952178,UNKNOWN
2025-08-19T07:35,-0.7182952182952178,UNKNOWN
2025-08-19T07:36,-0.7182952182952178,UNKNOWN
2025-08-19T07:37,-0.7182952182952178,UNKNOWN
2025-08-19T07:38,-0.6182952182952199,UNKNOWN
2025-08-19T07:39,-0.6182952182952199,UNKNOWN
2025-08-19T07:40,-0.6182952182952199,UNKNOWN
2025-08-19T07:41,-0.6182952182952199,UNKNOWN
2025-08-19T07:42,-0.01829521829521852,UNKNOWN
2025-08-19T07:43,0.4817047817047815,UNKNOWN
2025-08-19T07:44,0.5817047817047794,UNKNOWN
2025-08-19T07:45,0.4817047817047815,UNKNOWN
2025-08-19T07:46,0.2817047817047822,UNKNOWN
2025-08-19T07:47,0.18170478170478077,UNKNOWN
2025-08-19T07:48,0.08170478170477935,UNKNOWN
2025-08-19T07:49,0.08170478170477935,UNKNOWN
2025-08-19T07:50,-0.01829521829521852,UNKNOWN
2025-08-19T07:51,-0.11829521829521994,UNKNOWN
2025-08-19T07:52,-0.11829521829521994,UNKNOWN
2025-08-19T07:53,-0.2182952182952178,UNKNOWN
2025-08-19T07:54,-0.2182952182952178,UNKNOWN
2025-08-19T07:55,-0.01829521829521852,UNKNOWN
2025-08-19T07:56,0.08170478170477935,UNKNOWN
2025-08-19T07:57,0.08170478170477935,UNKNOWN
2025-08-19T07:58,-0.01829521829521852,UNKNOWN
2025-08-19T07:59,-0.11829521829521994,UNKNOWN
2025-08-19T08:00,-0.11829521829521994,UNKNOWN
2025-08-19T08:01,0.08170478170477935,UNKNOWN
2025-08-19T08:02,0.08170478170477935,UNKNOWN
2025-08-19T08:03,0.2817047817047822,UNKNOWN
2025-08-19T08:04,0.38170478170478006,UNKNOWN
2025-08-19T08:05,0.4817047817047815,UNKNOWN
2025-08-19T08:06,0.5817047817047794,UNKNOWN
2025-08-19T08:07,0.5817047817047794,UNKNOWN
2025-08-19T08:08,0.5817047817047794,UNKNOWN
2025-08-19T08:09,0.6817047817047808,UNKNOWN
2025-08-19T08:10,0.7817047817047822,UNKNOWN
2025-08-19T08:11,0.4817047817047815,UNKNOWN
2025-08-19T08:12,0.38170478170478006,UNKNOWN
2025-08-19T08:13,0.38170478170478006,UNKNOWN
2025-08-19T08:14,0.2817047817047822,UNKNOWN
2025-08-19T08:15,0.2817047817047822,UNKNOWN
2025-08-19T08:16,0.4817047817047815,UNKNOWN
2025-08-19T08:17,0.4817047817047815,UNKNOWN
2025-08-19T08:18,0.6817047817047808,UNKNOWN
2025-08-19T08:19,0.7817047817047822,UNKNOWN
2025-08-19T08:20,0.8817047817047836,UNKNOWN
2025-08-19T08:21,0.8817047817047836,UNKNOWN
2025-08-19T08:22,0.9817047817047779,UNKNOWN
2025-08-19T08:23,1.2817047817047822,UNKNOWN
2025-08-19T08:24,1.5817047817047794,UNKNOWN
2025-08-19T08:25,1.8817047817047836,UNKNOWN
2025-08-19T08:26,2.281704781704782,UNKNOWN
2025-08-19T08:27,2.3817047817047836,UNKNOWN
2025-08-19T08:28,1.981704781704778,UNKNOWN
2025-08-19T08:29,1.481704781704778,UNKNOWN
2025-08-19T08:30,1.0817047817047794,UNKNOWN
2025-08-19T08:31,0.9817047817047779,UNKNOWN
2025-08-19T08:32,0.8817047817047836,UNKNOWN
2025-08-19T08:33,0.7817047817047822,UNKNOWN
2025-08-19T08:34,0.7817047817047822,UNKNOWN
2025-08-19T08:35,0.6817047817047808,UNKNOWN
2025-08-19T08:36,0.6817047817047808,UNKNOWN
2025-08-19T08:37,0.6817047817047808,UNKNOWN
2025-08-19T08:38,0.6817047817047808,UNKNOWN
2025-08-19T08:39,0.6817047817047808,UNKNOWN
2025-08-19T08:40,0.6817047817047808,UNKNOWN
2025-08-19T08:41,0.6817047817047808,UNKNOWN
2025-08-19T08:42,0.6817047817047808,UNKNOWN
2025-08-19T08:43,0.7817047817047822,UNKNOWN
2025-08-19T08:44,0.8817047817047836,UNKNOWN
2025-08-19T08:45,0.9817047817047779,UNKNOWN
2025-08-19T08:46,1.0817047817047794,UNKNOWN
2025-08-19T08:47,1.0817047817047794,UNKNOWN
2025-08-19T08:48,1.0817047817047794,UNKNOWN
2025-08-19T08:49,1.0817047817047794,UNKNOWN
2025-08-19T08:50,1.0817047817047794,UNKNOWN
2025-08-19T08:51,0.9817047817047779,UNKNOWN
2025-08-19T08:52,0.7817047817047822,UNKNOWN
2025-08-19T08:53,0.5817047817047794,UNKNOWN
2025-08-19T08:54,0.4817047817047815,UNKNOWN
2025-08-19T08:55,0.2817047817047822,UNKNOWN
2025-08-19T08:56,0.08170478170477935,UNKNOWN
2025-08-19T08:57,-0.01829521829521852,UNKNOWN
2025-08-19T08:58,-0.11829521829521994,UNKNOWN
2025-08-19T08:59,-0.2182952182952178,UNKNOWN
2025-08-19T09:00,-0.31829521829521923,UNKNOWN
2025-08-19T09:01,-0.41829521829522065,UNKNOWN
2025-08-19T09:02,-0.5182952182952185,UNKNOWN
2025-08-19T09:03,-0.6182952182952199,UNKNOWN
2025-08-19T09:04,-0.6182952182952199,UNKNOWN
2025-08-19T09:05,-0.6182952182952199,UNKNOWN
2025-08-19T09:06,-0.7182952182952178,UNKNOWN
2025-08-19T09:07,-0.8182952182952192,UNKNOWN
2025-08-19T09:08,-0.9182952182952206,UNKNOWN
2025-08-19T09:09,-0.9182952182952206,UNKNOWN
2025-08-19T09:10,-1.11829521829522,UNKNOWN
2025-08-19T09:11,-1.11829521829522,UNKNOWN
2025-08-19T09:12,-1.3182952182952192,UNKNOWN
2025-08-19T09:13,-1.3182952182952192,UNKNOWN
2025-08-19T09:14,-1.3182952182952192,UNKNOWN
2025-08-19T09:15,-1.2182952182952178,UNKNOWN
2025-08-19T09:16,-1.11829521829522,UNKNOWN
2025-08-19T09:17,-1.0182952182952185,UNKNOWN
2025-08-19T09:18,-0.8182952182952192,UNKNOWN
2025-08-19T09:19,-0.7182952182952178,UNKNOWN
2025-08-19T09:20,-0.6182952182952199,UNKNOWN
2025-08-19T09:21,-0.7182952182952178,UNKNOWN
2025-08-19T09:22,-0.6182952182952199,UNKNOWN
2025-08-19T09:23,-0.6182952182952199,UNKNOWN
2025-08-19T09:24,-0.5182952182952185,UNKNOWN
2025-08-19T09:25,-0.31829521829521923,UNKNOWN
2025-08-19T09:26,-0.11829521829521994,UNKNOWN
2025-08-19T09:27,-0.11829521829521994,UNKNOWN
2025-08-19T09:28,-0.11829521829521994,UNKNOWN
2025-08-19T09:29,-0.2182952182952178,UNKNOWN
2025-08-19T09:30,-0.2182952182952178,UNKNOWN
2025-08-19T09:31,-0.2182952182952178,UNKNOWN
2025-08-19T09:32,-0.11829521829521994,UNKNOWN
2025-08-19T09:33,-0.01829521829521852,UNKNOWN
2025-08-19T09:34,0.08170478170477935,UNKNOWN
2025-08-19T09:35,0.08170478170477935,UNKNOWN
2025-08-19T09:36,0.18170478170478077,UNKNOWN
2025-08-19T09:37,0.2817047817047822,UNKNOWN
2025-08-19T09:38,0.5817047817047794,UNKNOWN
2025-08-19T09:39,0.9817047817047779,UNKNOWN
2025-08-19T09:40,1.2817047817047822,UNKNOWN
2025-08-19T09:41,1.2817047817047822,UNKNOWN
2025-08-19T09:42,1.3817047817047836,UNKNOWN
2025-08-19T09:48,-3.11829521829522,UNKNOWN
2025-08-19T10:37,-1.7182952182952178,UNKNOWN
2025-08-19T10:38,-0.6182952182952199,UNKNOWN
2025-08-19T10:39,-0.11829521829521994,UNKNOWN
2025-08-19T10:40,0.08170478170477935,UNKNOWN
2025-08-19T10:41,0.38170478170478006,UNKNOWN
2025-08-19T10:42,0.08170478170477935,UNKNOWN
2025-08-19T10:43,-0.41829521829522065,UNKNOWN
2025-08-19T10:44,-0.7182952182952178,UNKNOWN
2025-08-19T10:45,-0.7182952182952178,UNKNOWN
2025-08-19T10:46,-0.5182952182952185,UNKNOWN
2025-08-19T10:47,-0.8182952182952192,UNKNOWN
2025-08-19T10:48,-1.11829521829522,UNKNOWN
2025-08-19T10:49,-1.3182952182952192,UNKNOWN
2025-08-19T10:50,-1.2182952182952178,UNKNOWN
2025-08-19T10:51,-1.2182952182952178,UNKNOWN
2025-08-19T10:52,-1.0182952182952185,UNKNOWN
2025-08-19T10:53,-0.8182952182952192,UNKNOWN
2025-08-19T10:54,-0.6182952182952199,UNKNOWN
2025-08-19T10:55,-0.41829521829522065,UNKNOWN
2025-08-19T10:56,-0.41829521829522065,UNKNOWN
2025-08-19T10:57,-0.2182952182952178,UNKNOWN
2025-08-19T10:58,-0.01829521829521852,UNKNOWN
2025-08-19T10:59,-0.01829521829521852,UNKNOWN
2025-08-19T11:00,-0.01829521829521852,UNKNOWN
2025-08-19T11:01,-0.01829521829521852,UNKNOWN
2025-08-19T11:02,-0.11829521829521994,UNKNOWN
2025-08-19T11:03,0.08170478170477935,UNKNOWN
2025-08-19T11:04,-0.01829521829521852,UNKNOWN
2025-08-19T11:05,-0.01829521829521852,UNKNOWN
2025-08-19T11:06,0.08170478170477935,UNKNOWN
2025-08-19T11:07,-0.11829521829521994,UNKNOWN
2025-08-19T11:08,-0.31829521829521923,UNKNOWN
2025-08-19T11:09,-0.2182952182952178,UNKNOWN
2025-08-19T11:10,-0.11829521829521994,UNKNOWN
2025-08-19T11:11,-0.01829521829521852,UNKNOWN
2025-08-19T11:12,0.2817047817047822,UNKNOWN
2025-08-19T11:13,0.5817047817047794,UNKNOWN
2025-08-19T11:14,0.8817047817047836,UNKNOWN
2025-08-19T11:15,1.0817047817047794,UNKNOWN
2025-08-19T11:16,1.0817047817047794,UNKNOWN
2025-08-19T11:17,1.0817047817047794,UNKNOWN
2025-08-19T11:18,1.0817047817047794,UNKNOWN
2025-08-19T11:19,1.1817047817047808,UNKNOWN
2025-08-19T11:20,1.1817047817047808,UNKNOWN
2025-08-19T11:21,1.0817047817047794,UNKNOWN
2025-08-19T11:22,1.0817047817047794,UNKNOWN
2025-08-19T11:23,1.0817047817047794,UNKNOWN
2025-08-19T11:24,1.1817047817047808,UNKNOWN
2025-08-19T11:25,1.0817047817047794,UNKNOWN
2025-08-19T11:26,0.9817047817047779,UNKNOWN
2025-08-19T11:27,0.8817047817047836,UNKNOWN
2025-08-19T11:28,1.1817047817047808,UNKNOWN
2025-08-19T11:29,1.5817047817047794,UNKNOWN
2025-08-19T11:30,1.8817047817047836,UNKNOWN
2025-08-19T11:31,1.8817047817047836,UNKNOWN
2025-08-19T11:32,1.8817047817047836,UNKNOWN
2025-08-19T11:33,1.5817047817047794,UNKNOWN
2025-08-19T11:34,1.6817047817047808,UNKNOWN
2025-08-19T11:35,1.7817047817047822,UNKNOWN
2025-08-19T11:36,1.8817047817047836,UNKNOWN
2025-08-19T11:37,1.6817047817047808,UNKNOWN
2025-08-19T11:38,1.5817047817047794,UNKNOWN
2025-08-19T11:39,1.3817047817047836,UNKNOWN
2025-08-19T11:40,1.2817047817047822,UNKNOWN
2025-08-19T11:41,1.2817047817047822,UNKNOWN
2025-08-19T11:42,1.3817047817047836,UNKNOWN
2025-08-19T11:43,1.3817047817047836,UNKNOWN
2025-08-19T11:44,1.3817047817047836,UNKNOWN
2025-08-19T11:45,1.3817047817047836,UNKNOWN
2025-08-19T11:46,1.3817047817047836,UNKNOWN
2025-08-19T11:47,1.2817047817047822,UNKNOWN
2025-08-19T11:48,1.1817047817047808,UNKNOWN
2025-08-19T11:49,1.1817047817047808,UNKNOWN
2025-08-19T11:50,1.2817047817047822,UNKNOWN
2025-08-19T11:51,1.1817047817047808,UNKNOWN
2025-08-19T11:52,1.0817047817047794,UNKNOWN
2025-08-19T11:53,0.7817047817047822,UNKNOWN
2025-08-19T11:54,0.38170478170478006,UNKNOWN
2025-08-19T11:55,0.08170478170477935,UNKNOWN
2025-08-19T11:56,-0.11829521829521994,UNKNOWN
2025-08-19T11:57,-0.11829521829521994,UNKNOWN
2025-08-19T11:58,-0.11829521829521994,UNKNOWN
2025-08-19T11:59,-0.31829521829521923,UNKNOWN
2025-08-19T12:00,-0.41829521829522065,UNKNOWN
2025-08-19T12:01,-0.5182952182952185,UNKNOWN
2025-08-19T12:02,-0.5182952182952185,UNKNOWN
2025-08-19T12:03,-0.6182952182952199,UNKNOWN
2025-08-19T12:04,-0.6182952182952199,UNKNOWN
2025-08-19T12:05,-0.6182952182952199,UNKNOWN
2025-08-19T12:06,-0.2182952182952178,UNKNOWN
2025-08-19T12:07,-0.2182952182952178,UNKNOWN
2025-08-19T12:08,-0.31829521829521923,UNKNOWN
2025-08-19T12:09,-0.41829521829522065,UNKNOWN
2025-08-19T12:10,-0.5182952182952185,UNKNOWN
2025-08-19T12:11,-0.6182952182952199,UNKNOWN
2025-08-19T12:12,-0.7182952182952178,UNKNOWN
2025-08-19T12:13,-0.8182952182952192,UNKNOWN
2025-08-19T12:14,-1.0182952182952185,UNKNOWN
2025-08-19T12:15,-1.0182952182952185,UNKNOWN
2025-08-19T12:16,-1.2182952182952178,UNKNOWN
2025-08-19T12:17,-1.3182952182952192,UNKNOWN
2025-08-19T12:18,-1.3182952182952192,UNKNOWN
2025-08-19T12:19,-1.4182952182952206,UNKNOWN
2025-08-19T12:20,-1.61829521829522,UNKNOWN
2025-08-19T12:21,-1.61829521829522,UNKNOWN
2025-08-19T12:22,-1.61829521829522,UNKNOWN
2025-08-19T12:23,-1.7182952182952178,UNKNOWN
2025-08-19T12:24,-1.8182952182952192,UNKNOWN
2025-08-19T12:25,-1.9182952182952206,UNKNOWN
2025-08-19T12:26,-1.9182952182952206,UNKNOWN
2025-08-19T12:27,-1.3182952182952192,UNKNOWN
2025-08-19T12:28,-0.8182952182952192,UNKNOWN
2025-08-19T12:29,-0.8182952182952192,UNKNOWN
2025-08-19T12:30,-0.7182952182952178,UNKNOWN
2025-08-19T12:31,-0.9182952182952206,UNKNOWN
2025-08-19T12:32,-0.9182952182952206,UNKNOWN
2025-08-19T12:33,-0.9182952182952206,UNKNOWN
2025-08-19T12:34,-0.9182952182952206,UNKNOWN
2025-08-19T12:35,-0.9182952182952206,UNKNOWN
2025-08-19T12:36,-0.9182952182952206,UNKNOWN
2025-08-19T12:37,-0.8182952182952192,UNKNOWN
2025-08-19T12:38,-0.7182952182952178,UNKNOWN
2025-08-19T12:39,-0.6182952182952199,UNKNOWN
2025-08-19T12:40,-0.41829521829522065,UNKNOWN
2025-08-19T12:41,-0.2182952182952178,UNKNOWN
2025-08-19T12:42,-0.01829521829521852,UNKNOWN
2025-08-19T12:43,0.18170478170478077,UNKNOWN
2025-08-19T12:44,0.38170478170478006,UNKNOWN
2025-08-19T12:45,0.4817047817047815,UNKNOWN
2025-08-19T12:46,0.6817047817047808,UNKNOWN
2025-08-19T12:47,0.7817047817047822,UNKNOWN
2025-08-19T12:48,0.9817047817047779,UNKNOWN
2025-08-19T12:49,1.0817047817047794,UNKNOWN
2025-08-19T12:50,1.0817047817047794,UNKNOWN
2025-08-19T12:51,1.0817047817047794,UNKNOWN
2025-08-19T12:52,1.1817047817047808,UNKNOWN
2025-08-19T12:53,1.2817047817047822,UNKNOWN
2025-08-19T12:54,1.2817047817047822,UNKNOWN
2025-08-19T12:55,1.2817047817047822,UNKNOWN
2025-08-19T12:56,1.481704781704778,UNKNOWN
2025-08-19T12:57,1.3817047817047836,UNKNOWN
2025-08-19T12:58,1.481704781704778,UNKNOWN
2025-08-19T12:59,1.481704781704778,UNKNOWN
2025-08-19T13:00,1.5817047817047794,UNKNOWN
2025-08-19T13:01,1.6817047817047808,UNKNOWN
2025-08-19T13:02,1.7817047817047822,UNKNOWN
2025-08-19T13:03,1.6817047817047808,UNKNOWN
2025-08-19T13:04,1.7817047817047822,UNKNOWN
2025-08-19T13:05,1.6817047817047808,UNKNOWN
2025-08-19T13:06,1.6817047817047808,UNKNOWN
2025-08-19T13:07,1.7817047817047822,UNKNOWN
2025-08-19T13:08,1.7817047817047822,UNKNOWN
2025-08-19T13:09,1.8817047817047836,UNKNOWN
2025-08-19T13:10,1.981704781704778,UNKNOWN
2025-08-19T13:11,2.1817047817047808,UNKNOWN
2025-08-19T13:12,2.1817047817047808,UNKNOWN
2025-08-19T13:13,2.1817047817047808,UNKNOWN
2025-08-19T13:14,2.281704781704782,UNKNOWN
2025-08-19T13:15,2.1817047817047808,UNKNOWN
2025-08-19T13:16,2.0817047817047794,UNKNOWN
2025-08-19T13:17,2.0817047817047794,UNKNOWN
2025-08-19T13:18,2.0817047817047794,UNKNOWN
2025-08-19T13:19,2.0817047817047794,UNKNOWN
2025-08-19T13:20,2.1817047817047808,UNKNOWN
2025-08-19T13:21,2.281704781704782,UNKNOWN
2025-08-19T13:22,2.3817047817047836,UNKNOWN
2025-08-19T13:23,2.281704781704782,UNKNOWN
2025-08-19T13:24,2.3817047817047836,UNKNOWN
2025-08-19T13:25,2.5817047817047794,UNKNOWN
2025-08-19T13:26,2.6817047817047808,UNKNOWN
2025-08-19T13:27,2.5817047817047794,UNKNOWN
2025-08-19T13:28,2.3817047817047836,UNKNOWN
2025-08-19T13:29,2.481704781704778,UNKNOWN
2025-08-19T13:30,2.3817047817047836,UNKNOWN
2025-08-19T13:31,2.281704781704782,UNKNOWN
2025-08-19T13:32,2.281704781704782,UNKNOWN
2025-08-19T13:33,2.281704781704782,UNKNOWN
2025-08-19T13:34,2.3817047817047836,UNKNOWN
2025-08-19T13:35,2.3817047817047836,UNKNOWN
2025-08-19T13:36,2.281704781704782,UNKNOWN
2025-08-19T13:37,1.981704781704778,UNKNOWN
2025-08-19T13:38,1.6817047817047808,UNKNOWN
2025-08-19T13:39,1.3817047817047836,UNKNOWN
2025-08-19T13:40,1.481704781704778,UNKNOWN
2025-08-19T13:41,2.1817047817047808,UNKNOWN
2025-08-19T13:42,2.481704781704778,UNKNOWN
2025-08-19T13:43,1.8817047817047836,UNKNOWN
2025-08-19T13:44,1.1817047817047808,UNKNOWN
2025-08-19T13:45,0.6817047817047808,UNKNOWN
2025-08-19T13:46,0.38170478170478006,UNKNOWN
2025-08-19T13:47,0.18170478170478077,UNKNOWN
2025-08-19T13:48,0.5817047817047794,UNKNOWN
2025-08-19T13:49,0.4817047817047815,UNKNOWN
2025-08-19T13:50,0.18170478170478077,UNKNOWN
2025-08-19T13:51,0.08170478170477935,UNKNOWN
2025-08-19T13:52,0.18170478170478077,UNKNOWN
2025-08-19T13:53,0.18170478170478077,UNKNOWN
2025-08-19T13:54,-0.01829521829521852,UNKNOWN
2025-08-19T13:55,-0.11829521829521994,UNKNOWN
2025-08-19T13:56,-0.11829521829521994,UNKNOWN
2025-08-19T13:57,-0.2182952182952178,UNKNOWN
2025-08-19T13:58,-0.2182952182952178,UNKNOWN
2025-08-19T13:59,-0.2182952182952178,UNKNOWN
2025-08-19T14:00,-0.31829521829521923,UNKNOWN
2025-08-19T14:01,-0.6182952182952199,UNKNOWN
2025-08-19T14:02,-0.8182952182952192,UNKNOWN
2025-08-19T14:03,-0.9182952182952206,UNKNOWN
2025-08-19T14:04,-0.9182952182952206,UNKNOWN
2025-08-19T14:05,-0.8182952182952192,UNKNOWN
2025-08-19T14:06,-0.8182952182952192,UNKNOWN
2025-08-19T14:07,-0.7182952182952178,UNKNOWN
2025-08-19T14:08,-0.6182952182952199,UNKNOWN
2025-08-19T14:09,-0.2182952182952178,UNKNOWN
2025-08-19T14:10,-0.31829521829521923,UNKNOWN
2025-08-19T14:11,-0.41829521829522065,UNKNOWN
2025-08-19T14:12,-0.41829521829522065,UNKNOWN
2025-08-19T14:13,-0.41829521829522065,UNKNOWN
2025-08-19T14:14,-0.41829521829522065,UNKNOWN
2025-08-19T14:15,-0.41829521829522065,UNKNOWN
2025-08-19T14:16,-0.31829521829521923,UNKNOWN
2025-08-19T14:17,-0.31829521829521923,UNKNOWN
2025-08-19T14:18,-0.2182952182952178,UNKNOWN
2025-08-19T14:19,-0.2182952182952178,UNKNOWN
2025-08-19T14:20,-0.11829521829521994,UNKNOWN
2025-08-19T14:21,-0.11829521829521994,UNKNOWN
2025-08-19T14:22,0.08170478170477935,UNKNOWN
2025-08-19T14:23,0.2817047817047822,UNKNOWN
2025-08-19T14:24,0.38170478170478006,UNKNOWN
2025-08-19T14:25,0.5817047817047794,UNKNOWN
2025-08-19T14:26,0.6817047817047808,UNKNOWN
2025-08-19T14:27,0.5817047817047794,UNKNOWN
2025-08-19T14:28,0.6817047817047808,UNKNOWN
2025-08-19T14:29,0.6817047817047808,UNKNOWN
2025-08-19T14:30,0.6817047817047808,UNKNOWN
2025-08-19T14:31,0.7817047817047822,UNKNOWN
2025-08-19T14:32,0.8817047817047836,UNKNOWN
2025-08-19T14:33,0.8817047817047836,UNKNOWN
2025-08-19T14:34,0.9817047817047779,UNKNOWN
2025-08-19T14:35,1.0817047817047794,UNKNOWN
2025-08-19T14:36,1.0817047817047794,UNKNOWN
2025-08-19T14:37,1.0817047817047794,UNKNOWN
2025-08-19T14:38,1.0817047817047794,UNKNOWN
2025-08-19T14:39,1.0817047817047794,UNKNOWN
2025-08-19T14:40,0.9817047817047779,UNKNOWN
2025-08-19T14:41,0.8817047817047836,UNKNOWN
2025-08-19T14:42,0.8817047817047836,UNKNOWN
2025-08-19T14:43,0.9817047817047779,UNKNOWN
2025-08-19T14:44,0.9817047817047779,UNKNOWN
2025-08-19T14:45,1.0817047817047794,UNKNOWN
2025-08-19T14:46,1.0817047817047794,UNKNOWN
2025-08-19T14:47,1.1817047817047808,UNKNOWN
2025-08-19T14:48,1.1817047817047808,UNKNOWN
2025-08-19T14:49,1.0817047817047794,UNKNOWN
2025-08-19T14:50,1.1817047817047808,UNKNOWN
2025-08-19T14:51,1.0817047817047794,UNKNOWN
2025-08-19T14:52,1.0817047817047794,UNKNOWN
2025-08-19T14:53,1.8817047817047836,UNKNOWN
2025-08-19T14:54,1.481704781704778,UNKNOWN
2025-08-19T14:55,0.2817047817047822,UNKNOWN
2025-08-19T14:56,-0.7182952182952178,UNKNOWN
2025-08-19T14:57,-1.11829521829522,UNKNOWN
2025-08-19T14:58,-1.11829521829522,UNKNOWN
2025-08-19T14:59,-1.3182952182952192,UNKNOWN
2025-08-19T15:00,-1.61829521829522,UNKNOWN
2025-08-19T15:01,-1.7182952182952178,UNKNOWN
2025-08-19T15:02,-1.8182952182952192,UNKNOWN
2025-08-19T15:03,-1.7182952182952178,UNKNOWN
2025-08-19T15:04,-1.7182952182952178,UNKNOWN
2025-08-19T15:05,-1.61829521829522,UNKNOWN
2025-08-19T15:06,-1.5182952182952185,UNKNOWN
2025-08-19T15:07,-1.5182952182952185,UNKNOWN
2025-08-19T15:08,-1.4182952182952206,UNKNOWN
2025-08-19T15:09,-1.4182952182952206,UNKNOWN
2025-08-19T15:10,-1.4182952182952206,UNKNOWN
2025-08-19T15:11,-1.4182952182952206,UNKNOWN
2025-08-19T15:12,-1.4182952182952206,UNKNOWN
2025-08-19T15:13,-1.3182952182952192,UNKNOWN
2025-08-19T15:14,-1.11829521829522,UNKNOWN
2025-08-19T15:15,-1.0182952182952185,UNKNOWN
2025-08-19T15:16,-0.7182952182952178,UNKNOWN
2025-08-19T15:17,-0.6182952182952199,UNKNOWN
2025-08-19T15:18,-0.6182952182952199,UNKNOWN
2025-08-19T15:19,-0.6182952182952199,UNKNOWN
2025-08-19T15:20,-0.7182952182952178,UNKNOWN
2025-08-19T15:21,-0.8182952182952192,UNKNOWN
2025-08-19T15:22,-0.8182952182952192,UNKNOWN
2025-08-19T15:23,-0.9182952182952206,UNKNOWN
2025-08-19T15:24,-0.8182952182952192,UNKNOWN
2025-08-19T15:25,-1.0182952182952185,UNKNOWN
2025-08-19T15:26,-1.0182952182952185,UNKNOWN
2025-08-19T15:27,-0.9182952182952206,UNKNOWN
2025-08-19T15:28,-0.7182952182952178,UNKNOWN
2025-08-19T15:29,-0.7182952182952178,UNKNOWN
2025-08-19T15:30,-0.7182952182952178,UNKNOWN
2025-08-19T15:31,-0.5182952182952185,UNKNOWN
2025-08-19T15:32,-0.5182952182952185,UNKNOWN
2025-08-19T15:33,-0.5182952182952185,UNKNOWN
2025-08-19T15:34,-0.41829521829522065,UNKNOWN
2025-08-19T15:35,-0.6182952182952199,UNKNOWN
2025-08-19T15:36,-0.6182952182952199,UNKNOWN
2025-08-19T15:37,-0.5182952182952185,UNKNOWN
2025-08-19T15:38,-0.31829521829521923,UNKNOWN
2025-08-19T15:39,-0.41829521829522065,UNKNOWN
2025-08-19T15:40,-0.41829521829522065,UNKNOWN
2025-08-19T15:41,-0.41829521829522065,UNKNOWN
2025-08-19T15:42,-0.6182952182952199,UNKNOWN
2025-08-19T15:43,-0.6182952182952199,UNKNOWN
2025-08-19T15:44,-0.6182952182952199,UNKNOWN
2025-08-19T15:45,-0.31829521829521923,UNKNOWN
2025-08-19T15:46,-0.41829521829522065,UNKNOWN
2025-08-19T15:47,-0.5182952182952185,UNKNOWN
2025-08-19T15:48,-0.6182952182952199,UNKNOWN
2025-08-19T15:49,-0.7182952182952178,UNKNOWN
2025-08-19T15:50,-0.7182952182952178,UNKNOWN
2025-08-19T15:51,-0.8182952182952192,UNKNOWN
2025-08-19T15:52,-0.8182952182952192,UNKNOWN
2025-08-19T15:53,-1.0182952182952185,UNKNOWN
2025-08-19T15:54,-1.11829521829522,UNKNOWN
2025-08-19T15:55,-0.9182952182952206,UNKNOWN
2025-08-19T15:56,-0.7182952182952178,UNKNOWN
2025-08-19T15:57,-0.31829521829521923,UNKNOWN
2025-08-19T15:58,0.2817047817047822,UNKNOWN
2025-08-19T15:59,0.7817047817047822,UNKNOWN
2025-08-19T16:00,1.0817047817047794,UNKNOWN
2025-08-19T16:01,0.7817047817047822,UNKNOWN
2025-08-19T16:02,0.38170478170478006,UNKNOWN
2025-08-19T16:03,0.2817047817047822,UNKNOWN
2025-08-19T16:04,0.18170478170478077,UNKNOWN
2025-08-19T16:05,0.18170478170478077,UNKNOWN
2025-08-19T16:06,0.2817047817047822,UNKNOWN
2025-08-19T16:07,0.38170478170478006,UNKNOWN
2025-08-19T16:08,0.38170478170478006,UNKNOWN
2025-08-19T16:09,0.2817047817047822,UNKNOWN
2025-08-19T16:10,0.18170478170478077,UNKNOWN
2025-08-19T16:11,0.08170478170477935,UNKNOWN
2025-08-19T16:12,0.08170478170477935,UNKNOWN
2025-08-19T16:13,-0.01829521829521852,UNKNOWN
2025-08-19T16:14,-0.01829521829521852,UNKNOWN
2025-08-19T16:15,-0.01829521829521852,UNKNOWN
2025-08-19T16:16,0.08170478170477935,UNKNOWN
2025-08-19T16:17,0.08170478170477935,UNKNOWN
2025-08-19T16:18,0.18170478170478077,UNKNOWN
2025-08-19T16:19,0.18170478170478077,UNKNOWN
2025-08-19T16:20,0.18170478170478077,UNKNOWN
2025-08-19T16:21,0.2817047817047822,UNKNOWN
2025-08-19T16:22,0.38170478170478006,UNKNOWN
2025-08-19T16:23,0.4817047817047815,UNKNOWN
2025-08-19T16:24,0.4817047817047815,UNKNOWN
2025-08-19T16:25,0.4817047817047815,UNKNOWN
2025-08-19T16:26,0.4817047817047815,UNKNOWN
2025-08-19T16:27,0.4817047817047815,UNKNOWN
2025-08-19T16:28,0.38170478170478006,UNKNOWN
2025-08-19T16:29,0.2817047817047822,UNKNOWN
2025-08-19T16:30,0.18170478170478077,UNKNOWN
2025-08-19T16:31,0.18170478170478077,UNKNOWN
2025-08-19T16:32,0.08170478170477935,UNKNOWN
2025-08-19T16:33,0.18170478170478077,UNKNOWN
2025-08-19T16:34,0.18170478170478077,UNKNOWN
2025-08-19T16:35,0.18170478170478077,UNKNOWN
2025-08-19T16:36,0.2817047817047822,UNKNOWN
2025-08-19T16:37,0.38170478170478006,UNKNOWN
2025-08-19T16:38,0.4817047817047815,UNKNOWN
2025-08-19T16:39,0.4817047817047815,UNKNOWN
2025-08-19T16:40,0.5817047817047794,UNKNOWN
2025-08-19T16:41,0.5817047817047794,UNKNOWN
2025-08-19T16:42,0.6817047817047808,UNKNOWN
2025-08-19T16:43,0.7817047817047822,UNKNOWN
2025-08-19T16:44,0.8817047817047836,UNKNOWN
2025-08-19T16:45,0.9817047817047779,UNKNOWN
2025-08-19T16:46,1.0817047817047794,UNKNOWN
2025-08-19T16:47,0.9817047817047779,UNKNOWN
2025-08-19T16:48,1.0817047817047794,UNKNOWN
2025-08-19T16:49,1.0817047817047794,UNKNOWN
2025-08-19T16:50,1.2817047817047822,UNKNOWN
2025-08-19T16:51,1.1817047817047808,UNKNOWN
2025-08-19T16:52,1.1817047817047808,UNKNOWN
2025-08-19T16:53,1.1817047817047808,UNKNOWN
2025-08-19T16:54,1.0817047817047794,UNKNOWN
2025-08-19T16:55,1.0817047817047794,UNKNOWN
2025-08-19T16:56,1.0817047817047794,UNKNOWN
2025-08-19T16:57,0.9817047817047779,UNKNOWN
2025-08-19T16:58,0.8817047817047836,UNKNOWN
2025-08-19T16:59,0.9817047817047779,UNKNOWN
2025-08-19T17:00,1.0817047817047794,UNKNOWN
2025-08-19T17:01,1.0817047817047794,UNKNOWN
2025-08-19T17:02,1.0817047817047794,UNKNOWN
2025-08-19T17:03,1.1817047817047808,UNKNOWN
2025-08-19T17:04,1.0817047817047794,UNKNOWN
2025-08-19T17:05,1.0817047817047794,UNKNOWN
2025-08-19T17:06,1.1817047817047808,UNKNOWN
2025-08-19T17:07,1.1817047817047808,UNKNOWN
2025-08-19T17:08,1.3817047817047836,UNKNOWN
2025-08-19T17:09,1.2817047817047822,UNKNOWN
2025-08-19T17:10,1.3817047817047836,UNKNOWN
2025-08-19T17:11,1.2817047817047822,UNKNOWN
2025-08-19T17:12,1.3817047817047836,UNKNOWN
2025-08-19T17:13,1.7817047817047822,UNKNOWN
2025-08-19T17:14,1.7817047817047822,UNKNOWN
2025-08-19T17:15,1.6817047817047808,UNKNOWN
2025-08-19T17:16,1.5817047817047794,UNKNOWN
2025-08-19T17:17,1.481704781704778,UNKNOWN
2025-08-19T17:18,1.3817047817047836,UNKNOWN
2025-08-19T17:19,1.0817047817047794,UNKNOWN
2025-08-19T17:20,0.9817047817047779,UNKNOWN
2025-08-19T17:21,0.9817047817047779,UNKNOWN
2025-08-19T17:22,0.9817047817047779,UNKNOWN
2025-08-19T17:23,0.8817047817047836,UNKNOWN
2025-08-19T17:24,0.7817047817047822,UNKNOWN
2025-08-19T17:25,0.7817047817047822,UNKNOWN
2025-08-19T17:26,0.6817047817047808,UNKNOWN
2025-08-19T17:27,0.6817047817047808,UNKNOWN
2025-08-19T17:28,0.6817047817047808,UNKNOWN
2025-08-19T17:29,0.5817047817047794,UNKNOWN
2025-08-19T17:30,0.4817047817047815,UNKNOWN
2025-08-19T17:31,0.5817047817047794,UNKNOWN
2025-08-19T17:32,0.6817047817047808,UNKNOWN
2025-08-19T17:33,0.6817047817047808,UNKNOWN
2025-08-19T17:34,0.6817047817047808,UNKNOWN
2025-08-19T17:35,0.7817047817047822,UNKNOWN
2025-08-19T17:36,0.7817047817047822,UNKNOWN
2025-08-19T17:37,0.6817047817047808,UNKNOWN
2025-08-19T17:38,0.6817047817047808,UNKNOWN
2025-08-19T17:39,0.4817047817047815,UNKNOWN
2025-08-19T17:40,0.4817047817047815,UNKNOWN
2025-08-19T17:41,0.38170478170478006,UNKNOWN
2025-08-19T17:42,0.38170478170478006,UNKNOWN
2025-08-19T17:43,0.18170478170478077,UNKNOWN
2025-08-19T17:44,-0.01829521829521852,UNKNOWN
2025-08-19T17:45,-0.6182952182952199,UNKNOWN
2025-08-19T17:46,-1.4182952182952206,UNKNOWN
2025-08-19T17:47,-1.9182952182952206,UNKNOWN
2025-08-19T17:48,-2.4182952182952206,UNKNOWN
2025-08-19T17:49,-2.3182952182952192,UNKNOWN
2025-08-19T17:50,-1.5182952182952185,UNKNOWN
2025-08-19T17:51,-0.41829521829522065,UNKNOWN
2025-08-19T17:52,0.18170478170478077,UNKNOWN
2025-08-19T17:53,0.9817047817047779,UNKNOWN
2025-08-19T17:54,1.7817047817047822,UNKNOWN
2025-08-19T17:55,1.6817047817047808,UNKNOWN
2025-08-19T17:56,1.481704781704778,UNKNOWN
2025-08-19T17:57,1.5817047817047794,UNKNOWN
2025-08-19T17:58,1.2817047817047822,UNKNOWN
2025-08-19T17:59,0.7817047817047822,UNKNOWN
2025-08-19T18:00,1.0817047817047794,UNKNOWN
2025-08-19T18:01,1.1817047817047808,UNKNOWN
2025-08-19T18:02,0.7817047817047822,UNKNOWN
2025-08-19T18:03,0.2817047817047822,UNKNOWN
2025-08-19T18:04,-0.2182952182952178,UNKNOWN
2025-08-19T18:05,-0.2182952182952178,UNKNOWN
2025-08-19T18:06,-0.31829521829521923,UNKNOWN
2025-08-19T18:07,-0.41829521829522065,UNKNOWN
2025-08-19T18:08,-0.11829521829521994,UNKNOWN
2025-08-19T18:09,0.08170478170477935,UNKNOWN
2025-08-19T18:10,0.2817047817047822,UNKNOWN
2025-08-19T18:11,-0.41829521829522065,UNKNOWN
2025-08-19T18:12,-1.3182952182952192,UNKNOWN
2025-08-19T18:13,-1.7182952182952178,UNKNOWN
2025-08-19T18:14,-2.11829521829522,UNKNOWN
2025-08-19T18:15,-2.4182952182952206,UNKNOWN
2025-08-19T18:17,-2.5182952182952185,UNKNOWN
2025-08-19T18:18,-2.3182952182952192,UNKNOWN
2025-08-19T18:19,-2.11829521829522,UNKNOWN
2025-08-19T18:20,-2.3182952182952192,UNKNOWN
2025-08-19T18:21,-2.3182952182952192,UNKNOWN
2025-08-19T18:22,-1.9182952182952206,UNKNOWN
2025-08-19T18:23,-1.5182952182952185,UNKNOWN
2025-08-19T18:24,-1.2182952182952178,UNKNOWN
2025-08-19T18:25,-1.0182952182952185,UNKNOWN
2025-08-19T18:26,-0.9182952182952206,UNKNOWN
2025-08-19T18:27,-0.7182952182952178,UNKNOWN
2025-08-19T18:28,-0.01829521829521852,UNKNOWN
2025-08-19T18:29,-0.01829521829521852,UNKNOWN
2025-08-19T18:30,0.4817047817047815,UNKNOWN
2025-08-19T18:31,1.1817047817047808,UNKNOWN
2025-08-19T18:32,1.5817047817047794,UNKNOWN
2025-08-19T18:33,1.7817047817047822,UNKNOWN
2025-08-19T18:34,2.3817047817047836,UNKNOWN
2025-08-19T18:35,1.7817047817047822,UNKNOWN
2025-08-19T18:36,1.7817047817047822,UNKNOWN
2025-08-19T18:37,1.0817047817047794,UNKNOWN
2025-08-19T18:38,0.2817047817047822,UNKNOWN
2025-08-19T18:39,-0.11829521829521994,UNKNOWN
2025-08-19T18:40,-0.2182952182952178,UNKNOWN
2025-08-19T18:41,0.08170478170477935,UNKNOWN
2025-08-19T18:42,0.2817047817047822,UNKNOWN
2025-08-19T18:43,0.4817047817047815,UNKNOWN
2025-08-19T18:44,0.38170478170478006,UNKNOWN
2025-08-19T18:45,0.4817047817047815,UNKNOWN
2025-08-19T18:46,0.4817047817047815,UNKNOWN
2025-08-19T18:47,0.4817047817047815,UNKNOWN
2025-08-19T18:48,0.2817047817047822,UNKNOWN
2025-08-19T18:49,-0.01829521829521852,UNKNOWN
2025-08-19T18:50,0.18170478170478077,UNKNOWN
2025-08-19T18:51,0.5817047817047794,UNKNOWN
2025-08-19T18:52,0.2817047817047822,UNKNOWN
2025-08-19T18:53,0.38170478170478006,UNKNOWN
2025-08-19T18:54,0.4817047817047815,UNKNOWN
2025-08-19T18:55,0.4817047817047815,UNKNOWN
2025-08-19T18:56,0.5817047817047794,UNKNOWN
2025-08-19T18:57,0.5817047817047794,UNKNOWN
2025-08-19T18:58,0.7817047817047822,UNKNOWN
2025-08-19T18:59,1.2817047817047822,UNKNOWN
2025-08-19T19:00,1.2817047817047822,UNKNOWN
2025-08-19T19:01,1.481704781704778,UNKNOWN
2025-08-19T19:02,1.1817047817047808,UNKNOWN
2025-08-19T19:03,0.6817047817047808,UNKNOWN
2025-08-19T19:04,0.08170478170477935,UNKNOWN
2025-08-19T19:05,-0.6182952182952199,UNKNOWN
2025-08-19T19:06,-0.9182952182952206,UNKNOWN
2025-08-19T19:07,-1.0182952182952185,UNKNOWN
2025-08-19T19:08,-1.0182952182952185,UNKNOWN
2025-08-19T19:09,-1.0182952182952185,UNKNOWN
2025-08-19T19:10,-1.2182952182952178,UNKNOWN
2025-08-19T19:11,-1.4182952182952206,UNKNOWN
2025-08-19T19:12,-1.3182952182952192,UNKNOWN
2025-08-19T19:13,-1.2182952182952178,UNKNOWN
2025-08-19T19:14,-1.8182952182952192,UNKNOWN
2025-08-19T19:15,-2.718295218295218,UNKNOWN
2025-08-19T19:16,-3.3182952182952192,UNKNOWN
2025-08-19T19:17,-3.5182952182952185,UNKNOWN
2025-08-19T19:18,-3.718295218295218,UNKNOWN
2025-08-19T19:19,-3.9182952182952206,UNKNOWN
2025-08-19T19:20,-3.61829521829522,UNKNOWN
2025-08-19T19:21,-3.11829521829522,UNKNOWN
2025-08-19T19:22,-2.61829521829522,UNKNOWN
2025-08-19T19:23,-2.0182952182952185,UNKNOWN
2025-08-19T19:24,-1.5182952182952185,UNKNOWN
2025-08-19T19:25,-1.2182952182952178,UNKNOWN
2025-08-19T19:26,-0.8182952182952192,UNKNOWN
2025-08-19T19:27,-0.41829521829522065,UNKNOWN
2025-08-19T19:28,-0.2182952182952178,UNKNOWN
2025-08-19T19:29,-0.11829521829521994,UNKNOWN
2025-08-19T19:30,0.08170478170477935,UNKNOWN
2025-08-19T19:31,0.18170478170478077,UNKNOWN
2025-08-19T19:32,0.2817047817047822,UNKNOWN
2025-08-19T19:33,0.4817047817047815,UNKNOWN
2025-08-19T19:34,0.5817047817047794,UNKNOWN
2025-08-19T19:35,0.6817047817047808,UNKNOWN
2025-08-19T19:36,0.7817047817047822,UNKNOWN
2025-08-19T19:37,0.7817047817047822,UNKNOWN
2025-08-19T19:38,0.8817047817047836,UNKNOWN
2025-08-19T19:39,0.9817047817047779,UNKNOWN
2025-08-19T19:40,0.8817047817047836,UNKNOWN
2025-08-19T19:41,0.6817047817047808,UNKNOWN
2025-08-19T19:42,0.5817047817047794,UNKNOWN
2025-08-19T19:43,0.4817047817047815,UNKNOWN
2025-08-19T19:44,0.38170478170478006,UNKNOWN
2025-08-19T19:45,0.2817047817047822,UNKNOWN
2025-08-19T19:46,0.18170478170478077,UNKNOWN
2025-08-19T19:47,0.18170478170478077,UNKNOWN
2025-08-19T19:48,0.08170478170477935,UNKNOWN
2025-08-19T19:49,-0.11829521829521994,UNKNOWN
2025-08-19T19:50,-0.31829521829521923,UNKNOWN
2025-08-19T19:51,-0.31829521829521923,UNKNOWN
2025-08-19T19:52,-0.11829521829521994,UNKNOWN
2025-08-19T19:53,-0.11829521829521994,UNKNOWN
2025-08-19T19:54,-0.01829521829521852,UNKNOWN
2025-08-19T19:55,0.18170478170478077,UNKNOWN
2025-08-19T19:56,0.2817047817047822,UNKNOWN
2025-08-19T19:57,0.38170478170478006,UNKNOWN
2025-08-19T19:58,0.4817047817047815,UNKNOWN
2025-08-19T19:59,0.5817047817047794,UNKNOWN
2025-08-19T20:00,0.5817047817047794,UNKNOWN
2025-08-19T20:01,0.6817047817047808,UNKNOWN
2025-08-19T20:02,0.6817047817047808,UNKNOWN
2025-08-19T20:03,0.9817047817047779,UNKNOWN
2025-08-19T20:04,0.9817047817047779,UNKNOWN
2025-08-19T20:05,0.9817047817047779,UNKNOWN
2025-08-19T20:06,0.9817047817047779,UNKNOWN
2025-08-19T20:07,0.8817047817047836,UNKNOWN
2025-08-19T20:08,0.9817047817047779,UNKNOWN
2025-08-19T20:09,0.8817047817047836,UNKNOWN
2025-08-19T20:10,0.8817047817047836,UNKNOWN
2025-08-19T20:11,0.9817047817047779,UNKNOWN
2025-08-19T20:12,0.9817047817047779,UNKNOWN
2025-08-19T20:13,0.9817047817047779,UNKNOWN
2025-08-19T20:14,0.9817047817047779,UNKNOWN
2025-08-19T20:15,1.0817047817047794,UNKNOWN
2025-08-19T20:16,1.0817047817047794,UNKNOWN
2025-08-19T20:17,1.0817047817047794,UNKNOWN
2025-08-19T20:18,1.0817047817047794,UNKNOWN
2025-08-19T20:19,1.1817047817047808,UNKNOWN
2025-08-19T20:20,1.2817047817047822,UNKNOWN
2025-08-19T20:21,1.2817047817047822,UNKNOWN
2025-08-19T20:22,1.3817047817047836,UNKNOWN
2025-08-19T20:23,1.2817047817047822,UNKNOWN
2025-08-19T20:24,1.3817047817047836,UNKNOWN
2025-08-19T20:25,1.3817047817047836,UNKNOWN
2025-08-19T20:26,1.481704781704778,UNKNOWN
2025-08-19T20:27,1.5817047817047794,UNKNOWN
2025-08-19T20:28,1.3817047817047836,UNKNOWN
2025-08-19T20:29,1.3817047817047836,UNKNOWN
2025-08-19T20:30,1.1817047817047808,UNKNOWN
2025-08-19T20:31,0.9817047817047779,UNKNOWN
2025-08-19T20:32,0.9817047817047779,UNKNOWN
2025-08-19T20:33,0.9817047817047779,UNKNOWN
2025-08-19T20:34,1.0817047817047794,UNKNOWN
2025-08-19T20:35,1.0817047817047794,UNKNOWN
2025-08-19T20:36,1.1817047817047808,UNKNOWN
2025-08-19T20:37,1.2817047817047822,UNKNOWN
2025-08-19T20:38,1.2817047817047822,UNKNOWN
2025-08-19T20:39,1.2817047817047822,UNKNOWN
2025-08-19T20:40,1.2817047817047822,UNKNOWN
2025-08-19T20:41,1.2817047817047822,UNKNOWN
2025-08-19T20:42,1.2817047817047822,UNKNOWN
2025-08-19T20:43,1.1817047817047808,UNKNOWN
2025-08-19T20:44,1.0817047817047794,UNKNOWN
2025-08-19T20:45,0.9817047817047779,UNKNOWN
2025-08-19T20:46,0.8817047817047836,UNKNOWN
2025-08-19T20:47,0.7817047817047822,UNKNOWN
2025-08-19T20:48,0.7817047817047822,UNKNOWN
2025-08-19T20:49,0.5817047817047794,UNKNOWN
2025-08-19T20:50,0.4817047817047815,UNKNOWN
2025-08-19T20:51,0.4817047817047815,UNKNOWN
2025-08-19T20:52,0.38170478170478006,UNKNOWN
2025-08-19T20:53,0.4817047817047815,UNKNOWN
2025-08-19T20:54,0.5817047817047794,UNKNOWN
2025-08-19T20:55,0.6817047817047808,UNKNOWN
2025-08-19T20:56,0.7817047817047822,UNKNOWN
2025-08-19T20:57,0.8817047817047836,UNKNOWN
2025-08-19T20:58,0.7817047817047822,UNKNOWN
2025-08-19T20:59,0.8817047817047836,UNKNOWN
2025-08-19T21:00,0.7817047817047822,UNKNOWN
2025-08-19T21:01,0.6817047817047808,UNKNOWN
2025-08-19T21:02,0.8817047817047836,UNKNOWN
2025-08-19T21:03,0.7817047817047822,UNKNOWN
2025-08-19T21:04,0.8817047817047836,UNKNOWN
2025-08-19T21:05,0.8817047817047836,UNKNOWN
2025-08-19T21:06,0.8817047817047836,UNKNOWN
2025-08-19T21:07,0.8817047817047836,UNKNOWN
2025-08-19T21:08,0.9817047817047779,UNKNOWN
2025-08-19T21:09,1.0817047817047794,UNKNOWN
2025-08-19T21:10,1.0817047817047794,UNKNOWN
2025-08-19T21:11,1.0817047817047794,UNKNOWN
2025-08-19T21:12,1.1817047817047808,UNKNOWN
2025-08-19T21:13,1.2817047817047822,UNKNOWN
2025-08-19T21:14,1.5817047817047794,UNKNOWN
2025-08-19T21:15,1.6817047817047808,UNKNOWN
2025-08-19T21:16,1.5817047817047794,UNKNOWN
2025-08-19T21:17,1.5817047817047794,UNKNOWN
2025-08-19T21:18,1.6817047817047808,UNKNOWN
2025-08-19T21:19,1.6817047817047808,UNKNOWN
2025-08-19T21:20,1.7817047817047822,UNKNOWN
2025-08-19T21:21,1.8817047817047836,UNKNOWN
2025-08-19T21:22,1.7817047817047822,UNKNOWN
2025-08-19T21:23,1.6817047817047808,UNKNOWN
2025-08-19T21:24,1.5817047817047794,UNKNOWN
2025-08-19T21:25,1.481704781704778,UNKNOWN
2025-08-19T21:26,1.481704781704778,UNKNOWN
2025-08-19T21:27,1.481704781704778,UNKNOWN
2025-08-19T21:28,1.481704781704778,UNKNOWN
2025-08-19T21:29,1.481704781704778,UNKNOWN
2025-08-19T21:30,1.5817047817047794,UNKNOWN
2025-08-19T21:31,1.5817047817047794,UNKNOWN
2025-08-19T21:32,1.3817047817047836,UNKNOWN
2025-08-19T21:33,1.2817047817047822,UNKNOWN
2025-08-19T21:34,1.2817047817047822,UNKNOWN
2025-08-19T21:35,1.2817047817047822,UNKNOWN
2025-08-19T21:36,1.2817047817047822,UNKNOWN
2025-08-19T21:37,1.2817047817047822,UNKNOWN
2025-08-19T21:38,1.2817047817047822,UNKNOWN
2025-08-19T21:39,1.2817047817047822,UNKNOWN
2025-08-19T21:40,1.2817047817047822,UNKNOWN
2025-08-19T21:41,1.2817047817047822,UNKNOWN
2025-08-19T21:42,1.2817047817047822,UNKNOWN
2025-08-19T21:43,1.2817047817047822,UNKNOWN
2025-08-19T21:44,1.1817047817047808,UNKNOWN
2025-08-19T21:45,1.1817047817047808,UNKNOWN
2025-08-19T21:46,1.2817047817047822,UNKNOWN
2025-08-19T21:47,1.1817047817047808,UNKNOWN
2025-08-19T21:48,1.2817047817047822,UNKNOWN
2025-08-19T21:49,1.2817047817047822,UNKNOWN
2025-08-19T21:50,1.2817047817047822,UNKNOWN
2025-08-19T21:51,1.2817047817047822,UNKNOWN
2025-08-19T21:52,1.2817047817047822,UNKNOWN
2025-08-19T21:53,1.2817047817047822,UNKNOWN
2025-08-19T21:54,1.3817047817047836,UNKNOWN
2025-08-19T21:55,1.3817047817047836,UNKNOWN
2025-08-19T21:56,1.2817047817047822,UNKNOWN
2025-08-19T21:57,1.2817047817047822,UNKNOWN
2025-08-19T21:58,1.2817047817047822,UNKNOWN
2025-08-19T21:59,1.3817047817047836,UNKNOWN
2025-08-19T22:00,1.5817047817047794,UNKNOWN
2025-08-19T22:01,1.5817047817047794,UNKNOWN
2025-08-19T22:02,1.5817047817047794,UNKNOWN
2025-08-19T22:03,1.5817047817047794,UNKNOWN
2025-08-19T22:04,1.481704781704778,UNKNOWN
2025-08-19T22:05,1.481704781704778,UNKNOWN
2025-08-19T22:06,1.3817047817047836,UNKNOWN
2025-08-19T22:07,1.5817047817047794,UNKNOWN
2025-08-19T22:08,1.6817047817047808,UNKNOWN
2025-08-19T22:09,1.6817047817047808,UNKNOWN
2025-08-19T22:10,1.6817047817047808,UNKNOWN
2025-08-19T22:11,1.7817047817047822,UNKNOWN
2025-08-19T22:12,1.8817047817047836,UNKNOWN
2025-08-19T22:13,1.7817047817047822,UNKNOWN
2025-08-19T22:14,1.6817047817047808,UNKNOWN
2025-08-19T22:15,1.5817047817047794,UNKNOWN
2025-08-19T22:16,1.481704781704778,UNKNOWN
2025-08-19T22:17,1.5817047817047794,UNKNOWN
2025-08-19T22:18,1.481704781704778,UNKNOWN
2025-08-19T22:19,1.481704781704778,UNKNOWN
2025-08-19T22:20,1.481704781704778,UNKNOWN
2025-08-19T22:21,1.481704781704778,UNKNOWN
2025-08-19T22:22,1.3817047817047836,UNKNOWN
2025-08-19T22:23,1.3817047817047836,UNKNOWN
2025-08-19T22:24,1.2817047817047822,UNKNOWN
2025-08-19T22:25,1.2817047817047822,UNKNOWN
2025-08-19T22:26,1.1817047817047808,UNKNOWN
2025-08-19T22:27,1.2817047817047822,UNKNOWN
2025-08-19T22:28,1.2817047817047822,UNKNOWN
2025-08-19T22:29,1.2817047817047822,UNKNOWN
2025-08-19T22:30,1.2817047817047822,UNKNOWN
2025-08-19T22:31,1.3817047817047836,UNKNOWN
2025-08-19T22:32,1.3817047817047836,UNKNOWN
2025-08-19T22:33,1.3817047817047836,UNKNOWN
2025-08-19T22:34,1.2817047817047822,UNKNOWN
2025-08-19T22:35,1.2817047817047822,UNKNOWN
2025-08-19T22:36,1.1817047817047808,UNKNOWN
2025-08-19T22:37,1.1817047817047808,UNKNOWN
2025-08-19T22:38,1.1817047817047808,UNKNOWN
2025-08-19T22:39,1.0817047817047794,UNKNOWN
2025-08-19T22:40,0.9817047817047779,UNKNOWN
2025-08-19T22:41,0.9817047817047779,UNKNOWN
2025-08-19T22:42,0.6817047817047808,UNKNOWN
2025-08-19T22:43,0.5817047817047794,UNKNOWN
2025-08-19T22:44,0.4817047817047815,UNKNOWN
2025-08-19T22:45,0.4817047817047815,UNKNOWN
2025-08-19T22:46,0.5817047817047794,UNKNOWN
2025-08-19T22:47,0.6817047817047808,UNKNOWN
2025-08-19T22:48,0.7817047817047822,UNKNOWN
2025-08-19T22:49,0.9817047817047779,UNKNOWN
2025-08-19T22:50,1.0817047817047794,UNKNOWN
2025-08-19T22:51,1.481704781704778,UNKNOWN
2025-08-19T22:52,1.481704781704778,UNKNOWN
2025-08-19T22:53,1.481704781704778,UNKNOWN
2025-08-19T22:54,1.2817047817047822,UNKNOWN
2025-08-19T22:55,1.1817047817047808,UNKNOWN
2025-08-19T22:56,1.1817047817047808,UNKNOWN
2025-08-19T22:57,1.0817047817047794,UNKNOWN
2025-08-19T22:58,0.9817047817047779,UNKNOWN
2025-08-19T22:59,0.8817047817047836,UNKNOWN
2025-08-19T23:00,0.8817047817047836,UNKNOWN
2025-08-19T23:01,0.7817047817047822,UNKNOWN
2025-08-19T23:02,1.0817047817047794,UNKNOWN
2025-08-19T23:03,1.0817047817047794,UNKNOWN
2025-08-19T23:04,1.1817047817047808,UNKNOWN
2025-08-19T23:05,1.0817047817047794,UNKNOWN
2025-08-19T23:06,0.9817047817047779,UNKNOWN
2025-08-19T23:07,1.1817047817047808,UNKNOWN
2025-08-19T23:08,1.2817047817047822,UNKNOWN
2025-08-19T23:09,1.2817047817047822,UNKNOWN
2025-08-19T23:10,1.2817047817047822,UNKNOWN
2025-08-19T23:11,1.2817047817047822,UNKNOWN
2025-08-19T23:12,1.2817047817047822,UNKNOWN
2025-08-19T23:13,1.2817047817047822,UNKNOWN
2025-08-19T23:14,1.3817047817047836,UNKNOWN
2025-08-19T23:15,1.2817047817047822,UNKNOWN
2025-08-19T23:16,1.2817047817047822,UNKNOWN
2025-08-19T23:17,1.1817047817047808,UNKNOWN
2025-08-19T23:18,1.0817047817047794,UNKNOWN
2025-08-19T23:19,1.0817047817047794,UNKNOWN
2025-08-19T23:20,1.0817047817047794,UNKNOWN
2025-08-19T23:21,1.0817047817047794,UNKNOWN
2025-08-19T23:22,1.0817047817047794,UNKNOWN
2025-08-19T23:23,1.0817047817047794,UNKNOWN
2025-08-19T23:24,1.0817047817047794,UNKNOWN
2025-08-19T23:25,1.0817047817047794,UNKNOWN
2025-08-19T23:26,0.9817047817047779,UNKNOWN
2025-08-19T23:27,0.9817047817047779,UNKNOWN
2025-08-19T23:28,0.9817047817047779,UNKNOWN
2025-08-19T23:29,0.8817047817047836,UNKNOWN
2025-08-19T23:30,0.7817047817047822,UNKNOWN
2025-08-19T23:31,0.7817047817047822,UNKNOWN
2025-08-19T23:32,0.6817047817047808,UNKNOWN
2025-08-19T23:33,0.6817047817047808,UNKNOWN
2025-08-19T23:34,0.6817047817047808,UNKNOWN
2025-08-19T23:35,0.6817047817047808,UNKNOWN
2025-08-19T23:36,0.6817047817047808,UNKNOWN
2025-08-19T23:37,0.6817047817047808,UNKNOWN
2025-08-19T23:38,0.6817047817047808,UNKNOWN
2025-08-19T23:39,0.6817047817047808,UNKNOWN
2025-08-19T23:40,0.6817047817047808,UNKNOWN
2025-08-19T23:41,0.5817047817047794,UNKNOWN
2025-08-19T23:42,0.5817047817047794,UNKNOWN
2025-08-19T23:43,0.6817047817047808,UNKNOWN
2025-08-19T23:44,0.6817047817047808,UNKNOWN
2025-08-19T23:45,0.7817047817047822,UNKNOWN
2025-08-19T23:46,0.7817047817047822,UNKNOWN
2025-08-19T23:47,0.7817047817047822,UNKNOWN
2025-08-19T23:48,0.7817047817047822,UNKNOWN
2025-08-19T23:49,0.7817047817047822,UNKNOWN
2025-08-19T23:50,0.6817047817047808,UNKNOWN
2025-08-19T23:51,0.7817047817047822,UNKNOWN
2025-08-19T23:52,0.8817047817047836,UNKNOWN
2025-08-19T23:53,0.7817047817047822,UNKNOWN
2025-08-19T23:54,0.8817047817047836,UNKNOWN
2025-08-19T23:55,0.8817047817047836,UNKNOWN
2025-08-19T23:56,0.7817047817047822,UNKNOWN
2025-08-19T23:57,0.8817047817047836,UNKNOWN
2025-08-19T23:58,0.9817047817047779,UNKNOWN
2025-08-19T23:59,0.8817047817047836,UNKNOWN